T_loss_1,T_loss_2
1,0.677532229315508
1,0.67753327978753
1,0.677537281350337
1,0.676417357275468
1,0.676423133737239
1,0.678343600243546
1,0.67834337902014
1,0.677816049894203
1,0.675994081925788
1,0.675987305722764
1,0.675989380103057
1,0.675989701439143
1,0.675990385206003
1,0.675982544975323
1,0.675990480357229
1,0.675990722482643
1,0.675990931551924
1,0.681633787196417
1,0.677721762404238
1,0.678041343615312
0.8,0.678041374716978
0.8,0.676689677657959
0.8,0.676695756296498
0.8,0.697603763865426
0.8,0.697070390900898
0.8,0.701006120736997
0.8,0.687898731217416
0.8,0.674583918046605
0.8,0.674583750532513
0.8,0.674085130665243
0.8,0.676262536972074
0.8,0.676261811430861
0.8,0.676261569137706
0.8,0.675176653344525
0.8,0.674882034313323
0.8,0.674880866091526
0.8,0.674379690688136
0.8,0.67646368923506
0.8,0.676459753858906
0.64,0.676863592160154
0.64,0.682633106692249
0.64,0.684651484079527
0.64,0.689712434397449
0.64,0.689712276150185
0.64,0.689712281049712
0.64,0.692756404145271
0.64,0.692747420569206
0.64,0.686702988250831
0.64,0.686139394977964
0.64,0.686134163775138
0.64,0.686139210950658
0.64,0.695039810118728
0.64,0.69504525506728
0.64,0.698779395751533
0.64,0.698779381839252
0.64,0.698784188897552
0.64,0.698777384086411
0.64,0.704917411067068
0.512,0.707251601468772
0.512,0.707251904510044
0.512,0.701456129401824
0.512,0.701926725420233
0.512,0.701931396998406
0.512,0.701928192084349
0.512,0.70806438902171
0.512,0.708063179731201
0.512,0.70552823476618
0.512,0.705526727368526
0.512,0.703901535527586
0.512,0.702332852622546
0.512,0.706493223381421
0.512,0.698423326872781
0.512,0.698415469660041
0.512,0.698902431347389
0.512,0.718892567151595
0.512,0.718887232612529
0.512,0.718886909934254
0.4096,0.711646880592821
0.4096,0.730190170785954
0.4096,0.730189743636964
0.4096,0.731797002362537
0.4096,0.731891473312677
0.4096,0.741032590623923
0.4096,0.742616532512343
0.4096,0.741233044276345
0.4096,0.741058074680258
0.4096,0.741058748642218
0.4096,0.73954955571761
0.4096,0.738922927604187
0.4096,0.738930392046484
0.4096,0.738930473811538
0.4096,0.738786326903856
0.4096,0.73878161421746
0.4096,0.738231892722894
0.4096,0.774770745042264
0.4096,0.774854100335561
0.32768,0.795515292860919
0.32768,0.795514889646327
0.32768,0.795513455127333
0.32768,0.795514453635854
0.32768,0.778991202669912
0.32768,0.786351848693901
0.32768,0.786354044071888
0.32768,0.786359464404374
0.32768,0.785998976668546
0.32768,0.799121155425729
0.32768,0.799119258853026
0.32768,0.798192309135701
0.32768,0.797698900486135
0.32768,0.797700104360804
0.32768,0.79770089109551
0.32768,0.797700387755011
0.32768,0.797699383162244
0.32768,0.7976980094879
0.32768,0.791596108282001
0.262144,0.791590016582912
0.262144,0.786599247433793
0.262144,0.786599526571383
0.262144,0.787072535558697
0.262144,0.753782399787768
0.262144,0.753373887338309
0.262144,0.753372985143229
0.262144,0.735551736408775
0.262144,0.744132136863557
0.262144,0.74358887959833
0.262144,0.743871345152154
0.262144,0.743870745686858
0.262144,0.744243763446238
0.262144,0.768597839242292
0.262144,0.768593106508859
0.262144,0.769650209998694
0.262144,0.769651097113296
0.262144,0.769653183326262
0.262144,0.769649621313312
0.2097152,0.769648742445571
0.2097152,0.769157923374329
0.2097152,0.769012245673594
0.2097152,0.769015345378244
0.2097152,0.769017080287831
0.2097152,0.769015314423929
0.2097152,0.769014181266936
0.2097152,0.769012116233681
0.2097152,0.76900767684168
0.2097152,0.75554464933531
0.2097152,0.755544198533551
0.2097152,0.755541155460855
0.2097152,0.755540611856201
0.2097152,0.742284274904974
0.2097152,0.742286264217453
0.2097152,0.74228706914763
0.2097152,0.74228633051119
0.2097152,0.742285607766972
0.2097152,0.742277975194857
0.16777216,0.758184747385707
0.16777216,0.758186842919679
0.16777216,0.758184680029929
0.16777216,0.758065980155651
0.16777216,0.758066947255148
0.16777216,0.758067554143456
0.16777216,0.784879458200926
0.16777216,0.804941961586409
0.16777216,0.804946937487678
0.16777216,0.804949800625868
0.16777216,0.804950917895121
0.16777216,0.820622539944847
0.16777216,0.820851381021804
0.16777216,0.820373620291668
0.16777216,0.80538887674937
0.16777216,0.795775275979915
0.16777216,0.796629225924742
0.16777216,0.796631403879705
0.16777216,0.796219582143981
0.134217728,0.796484430679244
0.134217728,0.795677611075421
0.134217728,0.795678080098147
0.134217728,0.780426992055123
0.134217728,0.789224985283004
0.134217728,0.789221492859774
0.134217728,0.757390114594339
0.134217728,0.748700664990362
0.134217728,0.755352906423959
0.134217728,0.755352669598568
0.134217728,0.761759195125222
0.134217728,0.762284037784581
0.134217728,0.760012938146392
0.134217728,0.760013823443944
0.134217728,0.746641593418364
0.134217728,0.746646748145005
0.134217728,0.746645331686234
0.134217728,0.746637780513877
0.134217728,0.746638090604269
0.1073741824,0.746637465856533
0.1073741824,0.761035879926575
0.1073741824,0.760565244840697
0.1073741824,0.747920416244622
0.1073741824,0.718639363252994
0.1073741824,0.732822130609904
0.1073741824,0.731687354474443
0.1073741824,0.731686640830794
0.1073741824,0.731687596884807
0.1073741824,0.752644062159103
0.1073741824,0.781802209104878
0.1073741824,0.781805600991407
0.1073741824,0.781804699986597
0.1073741824,0.78790042982559
0.1073741824,0.774973674392049
0.1073741824,0.775442466825289
0.1073741824,0.775318381509683
0.1073741824,0.775467131292269
0.1073741824,0.775466258859217
0.0858993459200001,0.775462197935332
0.0858993459200001,0.775463879382549
0.0858993459200001,0.77599878855254
0.0858993459200001,0.775999986022487
0.0858993459200001,0.776797352465658
0.0858993459200001,0.776796712618874
0.0858993459200001,0.776796712618874
0.0858993459200001,0.79250785006884
0.0858993459200001,0.769424985369301
0.0858993459200001,0.779901315042192
0.0858993459200001,0.781514361580438
0.0858993459200001,0.77900190152276
0.0858993459200001,0.779003077619433
0.0858993459200001,0.779672825892858
0.0858993459200001,0.779674566551808
0.0858993459200001,0.779673465690342
0.0858993459200001,0.779670843247823
0.0858993459200001,0.779670191868704
0.0858993459200001,0.779668924766028
0.0858993459200001,0.779431613646436
0.068719476736,0.776572688467632
0.068719476736,0.781402259440945
0.068719476736,0.781401351039061
0.068719476736,0.781399936319247
0.068719476736,0.778517593665146
0.068719476736,0.778523935887929
0.068719476736,0.778520767131848
0.068719476736,0.778523926560822
0.068719476736,0.777996172337997
0.068719476736,0.776324095776096
0.068719476736,0.776323405761088
0.068719476736,0.776324156483498
0.068719476736,0.776323213896783
0.068719476736,0.809319467821544
0.068719476736,0.808536435047659
0.068719476736,0.806571982109372
0.068719476736,0.817899281988905
0.068719476736,0.823073971779327
0.068719476736,0.822525059963387
0.0549755813888,0.822525045165071
0.0549755813888,0.822524770424961
0.0549755813888,0.821285207656287
0.0549755813888,0.82136330131304
0.0549755813888,0.82136363003765
0.0549755813888,0.821361136941078
0.0549755813888,0.821366050317032
0.0549755813888,0.821366662001844
0.0549755813888,0.821319246949247
0.0549755813888,0.822537607474073
0.0549755813888,0.794528326499915
0.0549755813888,0.796178136698126
0.0549755813888,0.814256387628065
0.0549755813888,0.798905744241005
0.0549755813888,0.7989063428672
0.0549755813888,0.798906711947446
0.0549755813888,0.799167594009305
0.0549755813888,0.799278514960432
0.0549755813888,0.809160131475966
0.04398046511104,0.808886717115801
0.04398046511104,0.808890806969409
0.04398046511104,0.809849143296023
0.04398046511104,0.810737634936732
0.04398046511104,0.8107410458642
0.04398046511104,0.810737889791829
0.04398046511104,0.821068771570475
0.04398046511104,0.821069931905015
0.04398046511104,0.821069931905015
0.04398046511104,0.821066062610774
0.04398046511104,0.821066663511888
0.04398046511104,0.821065340236697
0.04398046511104,0.82106658316383
0.04398046511104,0.821064979631789
0.04398046511104,0.820959606364357
0.04398046511104,0.820960529886318
0.04398046511104,0.820960024307246
0.04398046511104,0.819104610491237
0.04398046511104,0.819106558838097
0.04398046511104,0.818588528634479
0.035184372088832,0.818584912390925
0.035184372088832,0.818580468309478
0.035184372088832,0.818736584743918
0.035184372088832,0.823944400159998
0.035184372088832,0.824574639507087
0.035184372088832,0.825280628769722
0.035184372088832,0.815584469934596
0.035184372088832,0.815583752136796
0.035184372088832,0.815584317043592
0.035184372088832,0.81658207501377
0.035184372088832,0.816581844492391
0.035184372088832,0.816582507347348
0.035184372088832,0.815928366488371
0.035184372088832,0.815792058349237
0.035184372088832,0.815788736883028
0.035184372088832,0.816238846672223
0.035184372088832,0.82862203171482
0.035184372088832,0.829424861532567
0.035184372088832,0.829534080508581
0.0281474976710656,0.829531522830159
0.0281474976710656,0.820990534124578
0.0281474976710656,0.819177721444028
0.0281474976710656,0.818761104776156
0.0281474976710656,0.818902654582685
0.0281474976710656,0.818904275608799
0.0281474976710656,0.819045269372092
0.0281474976710656,0.819045269372092
0.0281474976710656,0.818896519581087
0.0281474976710656,0.772347096478393
0.0281474976710656,0.772258928332349
0.0281474976710656,0.772257442573041
0.0281474976710656,0.772259304936822
0.0281474976710656,0.772252822925956
0.0281474976710656,0.772249770479673
0.0281474976710656,0.77224900258618
0.0281474976710656,0.77231380149276
0.0281474976710656,0.759846822571642
0.0281474976710656,0.780500415060783
0.0281474976710656,0.779802927629305
0.0225179981368525,0.781431359968029
0.0225179981368525,0.781431176458568
0.0225179981368525,0.781429493205912
0.0225179981368525,0.781429493205912
0.0225179981368525,0.781427640083414
0.0225179981368525,0.781430074959963
0.0225179981368525,0.781432243422698
0.0225179981368525,0.772163245924718
0.0225179981368525,0.772164105919902
0.0225179981368525,0.772162578758302
0.0225179981368525,0.77215809674363
0.0225179981368525,0.772160404975194
0.0225179981368525,0.771984076651603
0.0225179981368525,0.77199691296438
0.0225179981368525,0.77199769930688
0.0225179981368525,0.771999523411125
0.0225179981368525,0.772002594529793
0.0225179981368525,0.772003553856532
0.0225179981368525,0.772003553856532
0.0225179981368525,0.771015774337726
0.0225179981368525,0.77101293007388
0.018014398509482,0.771014213885567
0.018014398509482,0.771011977901655
0.018014398509482,0.770690121326249
0.018014398509482,0.7792037851441
0.018014398509482,0.779073184685565
0.018014398509482,0.777813667425944
0.018014398509482,0.77713474486102
0.018014398509482,0.77713474486102
0.018014398509482,0.777706991855225
0.018014398509482,0.779661958817288
0.018014398509482,0.779663956119604
0.018014398509482,0.779142147801094
0.018014398509482,0.767758877618905
0.018014398509482,0.767761984714851
0.018014398509482,0.767762544954922
0.018014398509482,0.767756920494623
0.018014398509482,0.767756600538605
0.018014398509482,0.766984890364748
0.018014398509482,0.765811500658848
0.018014398509482,0.765695101364583
0.0144115188075856,0.765699188840119
0.0144115188075856,0.763041350899308
0.0144115188075856,0.763042063176096
0.0144115188075856,0.763042311729373
0.0144115188075856,0.763043026413834
0.0144115188075856,0.749549996609073
0.0144115188075856,0.749549642035207
0.0144115188075856,0.750017360250121
0.0144115188075856,0.750017360250121
0.0144115188075856,0.750017628008384
0.0144115188075856,0.750017462429541
0.0144115188075856,0.756376308332308
0.0144115188075856,0.756373172734989
0.0144115188075856,0.756373172734989
0.0144115188075856,0.756373651628802
0.0144115188075856,0.756373651628802
0.0144115188075856,0.756373319487344
0.0144115188075856,0.756373029105195
0.0144115188075856,0.744709268926014
0.0144115188075856,0.737421561664155
0.0144115188075856,0.73742136795203
0.0144115188075856,0.738695453495871
0.0115292150460685,0.73869489749354
0.0115292150460685,0.738697522172601
0.0115292150460685,0.770944666469072
0.0115292150460685,0.732222722929888
0.0115292150460685,0.732225299779689
0.0115292150460685,0.731937932489471
0.0115292150460685,0.731297875929607
0.0115292150460685,0.730926050883243
0.0115292150460685,0.718879161119633
0.0115292150460685,0.715678483320262
0.0115292150460685,0.715678139344246
0.0115292150460685,0.705990732279972
0.0115292150460685,0.708987003378813
0.0115292150460685,0.697060919381779
0.0115292150460685,0.697060624904459
0.0115292150460685,0.697064310423559
0.0115292150460685,0.699609375003706
0.0115292150460685,0.699616460834889
0.0115292150460685,0.700404557267023
0.00922337203685479,0.70040441408155
0.00922337203685479,0.716442074032692
0.00922337203685479,0.716443166921817
0.00922337203685479,0.706231137227822
0.00922337203685479,0.707410855590975
0.00922337203685479,0.707411002646855
0.00922337203685479,0.707412503090246
0.00922337203685479,0.707411355362726
0.00922337203685479,0.707410728971502
0.00922337203685479,0.707410846987486
0.00922337203685479,0.707411421648346
0.00922337203685479,0.707411886792044
0.00922337203685479,0.707411264595371
0.00922337203685479,0.707412513888528
0.00922337203685479,0.707415776879032
0.00922337203685479,0.707416876299282
0.00922337203685479,0.706245053889371
0.00922337203685479,0.706245611897891
0.00922337203685479,0.704298761595626
0.00737869762948383,0.704304413519163
0.00737869762948383,0.706042967395231
0.00737869762948383,0.706527054492039
0.00737869762948383,0.7070346417707
0.00737869762948383,0.708788598691812
0.00737869762948383,0.708790058593867
0.00737869762948383,0.708790058593867
0.00737869762948383,0.711080433003789
0.00737869762948383,0.711080666983971
0.00737869762948383,0.711080666983971
0.00737869762948383,0.711082038910228
0.00737869762948383,0.711082259722496
0.00737869762948383,0.711077756843225
0.00737869762948383,0.711077756843225
0.00737869762948383,0.701519293158821
0.00737869762948383,0.694372639343183
0.00737869762948383,0.694372466709833
0.00737869762948383,0.694372737623065
0.00737869762948383,0.695335441187811
0.00737869762948383,0.695335381126992
0.00737869762948383,0.695337649540757
0.00737869762948383,0.695380148973689
0.00590295810358706,0.695468944190844
0.00590295810358706,0.695751805238167
0.00590295810358706,0.695751805238167
0.00590295810358706,0.689545562706178
0.00590295810358706,0.689545513549418
0.00590295810358706,0.688127529142271
0.00590295810358706,0.688127804523741
0.00590295810358706,0.688127764832488
0.00590295810358706,0.681507730134814
0.00590295810358706,0.657747487272224
0.00590295810358706,0.657748506653527
0.00590295810358706,0.657749033895246
0.00590295810358706,0.65707119716405
0.00590295810358706,0.657375459072405
0.00590295810358706,0.656076321675527
0.00590295810358706,0.654251731563247
0.00590295810358706,0.65425442172903
0.00590295810358706,0.654255072081016
0.00590295810358706,0.654254794780037
0.00590295810358706,0.65425737727422
0.00472236648286965,0.655446897556495
0.00472236648286965,0.653682120817024
0.00472236648286965,0.653693657461389
0.00472236648286965,0.653693657461389
0.00472236648286965,0.653343817368104
0.00472236648286965,0.653344522081399
0.00472236648286965,0.651093876390156
0.00472236648286965,0.651104227039106
0.00472236648286965,0.644334551637156
0.00472236648286965,0.644343988303127
0.00472236648286965,0.643939025868567
0.00472236648286965,0.643939025868567
0.00472236648286965,0.643939494847462
0.00472236648286965,0.643948650848789
0.00472236648286965,0.643949107815114
0.00472236648286965,0.64394886157551
0.00472236648286965,0.640913420092275
0.00472236648286965,0.640917200638735
0.00472236648286965,0.629578063768967
0.00472236648286965,0.629973943186553
0.00472236648286965,0.629973776333379
0.00377789318629572,0.630658128257333
0.00377789318629572,0.630658829483216
0.00377789318629572,0.630659219685886
0.00377789318629572,0.630659648157054
0.00377789318629572,0.63076548809714
0.00377789318629572,0.629300915428867
0.00377789318629572,0.629299649946235
0.00377789318629572,0.630322227201394
0.00377789318629572,0.630322227201394
0.00377789318629572,0.627833365196386
0.00377789318629572,0.608995218330809
0.00377789318629572,0.607924738224346
0.00377789318629572,0.607924646635922
0.00377789318629572,0.607978021846636
0.00377789318629572,0.607978141914988
0.00377789318629572,0.610336466830776
0.00377789318629572,0.610338141508772
0.00377789318629572,0.610457636585376
0.00377789318629572,0.606949269475119
0.00377789318629572,0.606960455905133
0.00302231454903658,0.605831671443294
0.00302231454903658,0.605833777141919
0.00302231454903658,0.608704714608633
0.00302231454903658,0.608706445739955
0.00302231454903658,0.608706445739955
0.00302231454903658,0.607107298617026
0.00302231454903658,0.607106659048302
0.00302231454903658,0.607106659048302
0.00302231454903658,0.600927804167201
0.00302231454903658,0.600927804167201
0.00302231454903658,0.600940477263592
0.00302231454903658,0.600940477263592
0.00302231454903658,0.600940477263592
0.00302231454903658,0.600938778336168
0.00302231454903658,0.6008896404756
0.00302231454903658,0.59414069093622
0.00302231454903658,0.594140705281899
0.00302231454903658,0.59413848640304
0.00302231454903658,0.594136311420037
0.00302231454903658,0.594655053066294
0.00302231454903658,0.594654540878401
0.00302231454903658,0.594674473468535
0.00302231454903658,0.594943262538934
0.00302231454903658,0.594940159906858
0.00241785163922926,0.591501344776828
0.00241785163922926,0.591498745936015
0.00241785163922926,0.591489067041192
0.00241785163922926,0.591490475799359
0.00241785163922926,0.591490475799359
0.00241785163922926,0.591490475799359
0.00241785163922926,0.589256009730391
0.00241785163922926,0.589256009730391
0.00241785163922926,0.590442866933115
0.00241785163922926,0.590441818915739
0.00241785163922926,0.590968092377377
0.00241785163922926,0.59096731601017
0.00241785163922926,0.570719248973819
0.00241785163922926,0.570716040402826
0.00241785163922926,0.570717655821912
0.00241785163922926,0.565562436420285
0.00241785163922926,0.565562436420285
0.00241785163922926,0.566292865342778
0.00241785163922926,0.566293690211526
0.00241785163922926,0.566286048550035
0.00241785163922926,0.558393082486528
0.00241785163922926,0.558385579564682
0.00241785163922926,0.556902219860085
0.00193428131138341,0.55690570150526
0.00193428131138341,0.556908066449894
0.00193428131138341,0.556811279846545
0.00193428131138341,0.556795718282209
0.00193428131138341,0.556795718282209
0.00193428131138341,0.548257429495697
0.00193428131138341,0.548259454718354
0.00193428131138341,0.548264904081337
0.00193428131138341,0.548264904081337
0.00193428131138341,0.54646094786995
0.00193428131138341,0.546462195012446
0.00193428131138341,0.546462195012446
0.00193428131138341,0.546462195012446
0.00193428131138341,0.546193485373978
0.00193428131138341,0.546190782389437
0.00193428131138341,0.541119860564387
0.00193428131138341,0.541121530207704
0.00193428131138341,0.541112953540079
0.00193428131138341,0.541112953540079
0.00193428131138341,0.541112953540079
0.00193428131138341,0.541110201003755
0.00193428131138341,0.541105810283704
0.00193428131138341,0.538058040710915
0.00193428131138341,0.537543278760864
0.00193428131138341,0.537546633838039
0.00154742504910673,0.537549144406422
0.00154742504910673,0.537549144406422
0.00154742504910673,0.537551724327625
0.00154742504910673,0.537562979435976
0.00154742504910673,0.537562979435976
0.00154742504910673,0.535786250672658
0.00154742504910673,0.535799168454508
0.00154742504910673,0.535797489620512
0.00154742504910673,0.535800986019253
0.00154742504910673,0.535800986019253
0.00154742504910673,0.535800986019253
0.00154742504910673,0.535800986019253
0.00154742504910673,0.535800986019253
0.00154742504910673,0.537899890501541
0.00154742504910673,0.537902866141333
0.00154742504910673,0.537902866141333
0.00154742504910673,0.534543382676086
0.00154742504910673,0.534541156285735
0.00154742504910673,0.53453910504282
0.00154742504910673,0.534547461666976
0.00154742504910673,0.53342445472777
0.00154742504910673,0.532488306473923
0.00154742504910673,0.530730312497114
0.00154742504910673,0.51624222239323
0.00154742504910673,0.51624222239323
0.00154742504910673,0.507321093273893
0.00154742504910673,0.507319510643504
0.00123794003928538,0.507316016190352
0.00123794003928538,0.507318046809854
0.00123794003928538,0.507318046809854
0.00123794003928538,0.507314769072414
0.00123794003928538,0.507312173040253
0.00123794003928538,0.507312173040253
0.00123794003928538,0.507312173040253
0.00123794003928538,0.502759503708898
0.00123794003928538,0.502751231992718
0.00123794003928538,0.489372504615231
0.00123794003928538,0.489378787434415
0.00123794003928538,0.489378787434415
0.00123794003928538,0.488980749236016
0.00123794003928538,0.488977330350614
0.00123794003928538,0.488977330350614
0.00123794003928538,0.488980984616129
0.00123794003928538,0.488980984616129
0.00123794003928538,0.488857034823221
0.00123794003928538,0.488861258396011
0.00123794003928538,0.480334507908065
0.00123794003928538,0.480334507908065
0.00123794003928538,0.480333432268278
0.00123794003928538,0.48258416644614
0.00123794003928538,0.48262829813537
0.00123794003928538,0.482629676683368
0.00123794003928538,0.482624640048751
0.000990352031428306,0.481723078133146
0.000990352031428306,0.481721601439286
0.000990352031428306,0.479052171764932
0.000990352031428306,0.478676610183678
0.000990352031428306,0.478676610183678
0.000990352031428306,0.478676610183678
0.000990352031428306,0.478682124471921
0.000990352031428306,0.478683509708865
0.000990352031428306,0.477915367246497
0.000990352031428306,0.477914907036489
0.000990352031428306,0.47703249475949
0.000990352031428306,0.477042783510896
0.000990352031428306,0.470216748407415
0.000990352031428306,0.470216748407415
0.000990352031428306,0.470207120750788
0.000990352031428306,0.470204491971517
0.000990352031428306,0.470204491971517
0.000990352031428306,0.470190140657326
0.000990352031428306,0.469235831289364
0.000990352031428306,0.467890496388323
0.000990352031428306,0.467881586574331
0.000990352031428306,0.467879632426566
0.000990352031428306,0.467879632426566
0.000990352031428306,0.467518223307327
0.000792281625142645,0.467514867852845
0.000792281625142645,0.467523367267954
0.000792281625142645,0.466950513753907
0.000792281625142645,0.466944682283391
0.000792281625142645,0.466944682283391
0.000792281625142645,0.466937193939816
0.000792281625142645,0.466941065752278
0.000792281625142645,0.466941065752278
0.000792281625142645,0.466941065752278
0.000792281625142645,0.466426810176818
0.000792281625142645,0.46641872201703
0.000792281625142645,0.466420768747612
0.000792281625142645,0.464665017213864
0.000792281625142645,0.454113085666952
0.000792281625142645,0.45409842171765
0.000792281625142645,0.452710841599744
0.000792281625142645,0.452158872260758
0.000792281625142645,0.445880036511331
0.000792281625142645,0.445873303435197
0.000792281625142645,0.445872665015627
0.000792281625142645,0.445872665015627
0.000792281625142645,0.445872665015627
0.000792281625142645,0.445885876349804
0.000792281625142645,0.444356047087879
0.000792281625142645,0.444356047087879
0.000792281625142645,0.444356047087879
0.000633825300114116,0.444363400962917
0.000633825300114116,0.443507023209188
0.000633825300114116,0.441951705190343
0.000633825300114116,0.434740946105723
0.000633825300114116,0.434749156584213
0.000633825300114116,0.434750248378235
0.000633825300114116,0.433478586188955
0.000633825300114116,0.433478586188955
0.000633825300114116,0.433468637358552
0.000633825300114116,0.433468100632691
0.000633825300114116,0.433472321690676
0.000633825300114116,0.433459969467476
0.000633825300114116,0.433458484626708
0.000633825300114116,0.433457969536684
0.000633825300114116,0.433464830487385
0.000633825300114116,0.43346970443159
0.000633825300114116,0.433478412781828
0.000633825300114116,0.431364141050777
0.000633825300114116,0.431363872882091
0.000633825300114116,0.426349948422699
0.000507060240091293,0.426355510769354
0.000507060240091293,0.426346506151551
0.000507060240091293,0.426346506151551
0.000507060240091293,0.422525017974288
0.000507060240091293,0.422525017974288
0.000507060240091293,0.422530110750825
0.000507060240091293,0.4127610229297
0.000507060240091293,0.412776628955397
0.000507060240091293,0.412785102597001
0.000507060240091293,0.412785102597001
0.000507060240091293,0.412774832407029
0.000507060240091293,0.409256965338461
0.000507060240091293,0.409256752992746
0.000507060240091293,0.409256752992746
0.000507060240091293,0.409256699243081
0.000507060240091293,0.40883612943967
0.000507060240091293,0.408837370900918
0.000507060240091293,0.408837370900918
0.000507060240091293,0.408821330161842
0.000507060240091293,0.408821330161842
0.000507060240091293,0.408821330161842
0.000507060240091293,0.408821888830388
0.000507060240091293,0.401494900508543
0.000507060240091293,0.401497054330394
0.000507060240091293,0.398172129858966
0.000507060240091293,0.398164084845561
0.000405648192073034,0.398162841684078
0.000405648192073034,0.398162841684078
0.000405648192073034,0.398087237896375
0.000405648192073034,0.398085371856479
0.000405648192073034,0.398087312864596
0.000405648192073034,0.398087312864596
0.000405648192073034,0.398094432025318
0.000405648192073034,0.394260555164227
0.000405648192073034,0.39426458159035
0.000405648192073034,0.394262528059582
0.000405648192073034,0.394261505336313
0.000405648192073034,0.394257870580155
0.000405648192073034,0.394257493586444
0.000405648192073034,0.394342930192087
0.000405648192073034,0.394344534794656
0.000405648192073034,0.394354764561851
0.000405648192073034,0.39369479509847
0.000405648192073034,0.393704110341058
0.000405648192073034,0.390632802062887
0.000405648192073034,0.389889262988551
0.000405648192073034,0.389889262988551
0.000405648192073034,0.389889262988551
0.000405648192073034,0.389881488838887
0.000324518553658427,0.385660872884597
0.000324518553658427,0.385660828407548
0.000324518553658427,0.385661223578513
0.000324518553658427,0.384357059957815
0.000324518553658427,0.382040678181506
0.000324518553658427,0.382040678181506
0.000324518553658427,0.381440029585751
0.000324518553658427,0.381440029585751
0.000324518553658427,0.381442220683776
0.000324518553658427,0.381436772149208
0.000324518553658427,0.381445082226546
0.000324518553658427,0.381435915274188
0.000324518553658427,0.381434345098938
0.000324518553658427,0.381434345098938
0.000324518553658427,0.381432860265725
0.000324518553658427,0.380969508115603
0.000324518553658427,0.380972188109357
0.000324518553658427,0.380820672910513
0.000324518553658427,0.380832272901454
0.000324518553658427,0.380239001222688
0.000324518553658427,0.380238575493072
0.000324518553658427,0.380241443830081
0.000259614842926742,0.379200479975732
0.000259614842926742,0.379201550404178
0.000259614842926742,0.37973050659285
0.000259614842926742,0.37973050659285
0.000259614842926742,0.379725299515804
0.000259614842926742,0.377644948727354
0.000259614842926742,0.377644948727354
0.000259614842926742,0.377534475356278
0.000259614842926742,0.377530327496885
0.000259614842926742,0.377530327496885
0.000259614842926742,0.377521278879185
0.000259614842926742,0.3714966087193
0.000259614842926742,0.363459604466487
0.000259614842926742,0.363459604466487
0.000259614842926742,0.363463404855966
0.000259614842926742,0.363219245134631
0.000259614842926742,0.363158542371079
0.000259614842926742,0.363158542371079
0.000259614842926742,0.363154788105819
0.000259614842926742,0.36315892439546
0.000259614842926742,0.36315892439546
0.000259614842926742,0.363156923885736
0.000259614842926742,0.363160365842778
0.000259614842926742,0.363140621361217
0.000259614842926742,0.361616565603437
0.000259614842926742,0.361616565603437
0.000207691874341394,0.361612674128774
0.000207691874341394,0.361612674128774
0.000207691874341394,0.361614196531344
0.000207691874341394,0.361614196531344
0.000207691874341394,0.361614196531344
0.000207691874341394,0.360249540991376
0.000207691874341394,0.359517738210869
0.000207691874341394,0.359522087456226
0.000207691874341394,0.359522520505584
0.000207691874341394,0.359516946243268
0.000207691874341394,0.359516946243268
0.000207691874341394,0.359521625998194
0.000207691874341394,0.359521625998194
0.000207691874341394,0.358522546750864
0.000207691874341394,0.35851609754669
0.000207691874341394,0.35851609754669
0.000207691874341394,0.358498206701649
0.000207691874341394,0.358500849627508
0.000207691874341394,0.35692351459192
0.000207691874341394,0.356932459521737
0.000207691874341394,0.353454039532707
0.000207691874341394,0.353446832553201
0.000207691874341394,0.353446968085726
0.000207691874341394,0.353444003713837
0.000207691874341394,0.348459617330699
0.000166153499473115,0.348458951510182
0.000166153499473115,0.348456744042184
0.000166153499473115,0.348451092911917
0.000166153499473115,0.342475321283085
0.000166153499473115,0.342475498533064
0.000166153499473115,0.342475498533064
0.000166153499473115,0.342472107859885
0.000166153499473115,0.342466849596684
0.000166153499473115,0.342465167688409
0.000166153499473115,0.340424972668784
0.000166153499473115,0.340298843988101
0.000166153499473115,0.335534211948943
0.000166153499473115,0.335554587936863
0.000166153499473115,0.335556508484778
0.000166153499473115,0.33188262652071
0.000166153499473115,0.331535722690371
0.000166153499473115,0.331535584712548
0.000166153499473115,0.331537789564924
0.000166153499473115,0.331537789564924
0.000166153499473115,0.33153578325228
0.000166153499473115,0.331535892082903
0.000132922799578492,0.331538077822924
0.000132922799578492,0.331537153493857
0.000132922799578492,0.329634201469183
0.000132922799578492,0.329630324483151
0.000132922799578492,0.329630324483151
0.000132922799578492,0.326858708213861
0.000132922799578492,0.326852011284503
0.000132922799578492,0.326859978030906
0.000132922799578492,0.326866032876823
0.000132922799578492,0.325752106553215
0.000132922799578492,0.325755386593617
0.000132922799578492,0.325740000353342
0.000132922799578492,0.325214878119514
0.000132922799578492,0.325214878119514
0.000132922799578492,0.325214482252058
0.000132922799578492,0.325214482252058
0.000132922799578492,0.325214482252058
0.000132922799578492,0.321803828658848
0.000132922799578492,0.321803828658848
0.000132922799578492,0.321803180406991
0.000132922799578492,0.321434803601661
0.000132922799578492,0.321456877839315
0.000132922799578492,0.321456877839315
0.000132922799578492,0.321456700163029
0.000132922799578492,0.319146254924556
0.000106338239662794,0.319170897165201
0.000106338239662794,0.319170897165201
0.000106338239662794,0.319170897165201
0.000106338239662794,0.319175700717383
0.000106338239662794,0.319168991967064
0.000106338239662794,0.319166220274228
0.000106338239662794,0.319166220274228
0.000106338239662794,0.317926043827051
0.000106338239662794,0.317932191994667
0.000106338239662794,0.317922119021097
0.000106338239662794,0.317922951271608
0.000106338239662794,0.311362699900349
0.000106338239662794,0.31138637614252
0.000106338239662794,0.311396587305781
0.000106338239662794,0.311396587305781
0.000106338239662794,0.311402146681789
0.000106338239662794,0.311398593918551
0.000106338239662794,0.311398113197708
0.000106338239662794,0.311395468076885
0.000106338239662794,0.311408030954382
0.000106338239662794,0.311406466555293
0.000106338239662794,0.311410920718131
0.000106338239662794,0.311403753435159
8.50705917302348e-05,0.310832384159879
8.50705917302348e-05,0.310830067713369
8.50705917302348e-05,0.308395016900772
8.50705917302348e-05,0.308018471326947
8.50705917302348e-05,0.308014739292269
8.50705917302348e-05,0.308020901674768
8.50705917302348e-05,0.308012201023384
8.50705917302348e-05,0.308028562501513
8.50705917302348e-05,0.308026591352187
8.50705917302348e-05,0.308029773283492
8.50705917302348e-05,0.308038659849007
8.50705917302348e-05,0.308043917029695
8.50705917302348e-05,0.308043917029695
8.50705917302348e-05,0.308018962554109
8.50705917302348e-05,0.308018962554109
8.50705917302348e-05,0.308018962554109
8.50705917302348e-05,0.30802293583928
8.50705917302348e-05,0.30802293583928
8.50705917302348e-05,0.302770739743573
8.50705917302348e-05,0.301008745722374
8.50705917302348e-05,0.297765910084495
8.50705917302348e-05,0.297418108757417
8.50705917302348e-05,0.296241848626952
8.50705917302348e-05,0.296241848626952
6.80564733841878e-05,0.296253538073557
6.80564733841878e-05,0.296263591193
6.80564733841878e-05,0.296259469596728
6.80564733841878e-05,0.296251199930075
6.80564733841878e-05,0.295100023148264
6.80564733841878e-05,0.294896467674893
6.80564733841878e-05,0.294910988440764
6.80564733841878e-05,0.294924458236299
6.80564733841878e-05,0.294924458236299
6.80564733841878e-05,0.294924458236299
6.80564733841878e-05,0.294921992459261
6.80564733841878e-05,0.294922037121717
6.80564733841878e-05,0.294917695625815
6.80564733841878e-05,0.294919435152924
6.80564733841878e-05,0.287306359088278
6.80564733841878e-05,0.286966358610428
6.80564733841878e-05,0.286540918022305
6.80564733841878e-05,0.286541230722628
6.80564733841878e-05,0.286535714726702
6.80564733841878e-05,0.285133900646837
6.80564733841878e-05,0.285133900646837
6.80564733841878e-05,0.285109213575052
5.44451787073503e-05,0.285062634359654
5.44451787073503e-05,0.285062634359654
5.44451787073503e-05,0.28456555366777
5.44451787073503e-05,0.28456555366777
5.44451787073503e-05,0.284567922634164
5.44451787073503e-05,0.284572711231654
5.44451787073503e-05,0.284571539472439
5.44451787073503e-05,0.284558796472302
5.44451787073503e-05,0.284558024799429
5.44451787073503e-05,0.282284556172661
5.44451787073503e-05,0.282296815772639
5.44451787073503e-05,0.281198864903327
5.44451787073503e-05,0.281198864903327
5.44451787073503e-05,0.281198065022992
5.44451787073503e-05,0.281198065022992
5.44451787073503e-05,0.281220492087265
5.44451787073503e-05,0.281064638307558
5.44451787073503e-05,0.278870727359219
5.44451787073503e-05,0.278883403804647
5.44451787073503e-05,0.278885429871098
5.44451787073503e-05,0.278885429871098
5.44451787073503e-05,0.278282776563981
5.44451787073503e-05,0.278291971919418
5.44451787073503e-05,0.278291971919418
5.44451787073503e-05,0.278297031075366
4.35561429658802e-05,0.278298520102971
4.35561429658802e-05,0.277325577244286
4.35561429658802e-05,0.277325219804445
4.35561429658802e-05,0.277325219804445
4.35561429658802e-05,0.277327549329101
4.35561429658802e-05,0.276336751137738
4.35561429658802e-05,0.27634287358336
4.35561429658802e-05,0.276324009492994
4.35561429658802e-05,0.276324009492994
4.35561429658802e-05,0.276324009492994
4.35561429658802e-05,0.27444504779624
4.35561429658802e-05,0.274434878676315
4.35561429658802e-05,0.274434878676315
4.35561429658802e-05,0.274438556374008
4.35561429658802e-05,0.274438556374008
4.35561429658802e-05,0.274438556374008
4.35561429658802e-05,0.271847567644677
4.35561429658802e-05,0.271847567644677
4.35561429658802e-05,0.269441481715888
4.35561429658802e-05,0.269441481715888
4.35561429658802e-05,0.269441481715888
4.35561429658802e-05,0.26860210812031
4.35561429658802e-05,0.26860210812031
4.35561429658802e-05,0.267223334300695
4.35561429658802e-05,0.265360036816621
4.35561429658802e-05,0.263416832608119
4.35561429658802e-05,0.261808592115448
4.35561429658802e-05,0.261822677917411
4.35561429658802e-05,0.261822677917411
4.35561429658802e-05,0.261822677917411
4.35561429658802e-05,0.261815027562933
3.48449143727042e-05,0.26182000477532
3.48449143727042e-05,0.26182000477532
3.48449143727042e-05,0.261821052452398
3.48449143727042e-05,0.261821052452398
3.48449143727042e-05,0.26181488388913
3.48449143727042e-05,0.26181488388913
3.48449143727042e-05,0.26181488388913
3.48449143727042e-05,0.261824390529243
3.48449143727042e-05,0.261828287537181
3.48449143727042e-05,0.261822860594638
3.48449143727042e-05,0.261825517908355
3.48449143727042e-05,0.261825517908355
3.48449143727042e-05,0.261825517908355
3.48449143727042e-05,0.261835501266511
3.48449143727042e-05,0.261845332850696
3.48449143727042e-05,0.259170090194657
3.48449143727042e-05,0.259176163472643
3.48449143727042e-05,0.259174680996776
3.48449143727042e-05,0.259176174213294
3.48449143727042e-05,0.259190394332787
3.48449143727042e-05,0.259190394332787
3.48449143727042e-05,0.259183715538851
3.48449143727042e-05,0.259181527653961
3.48449143727042e-05,0.259184960224606
3.48449143727042e-05,0.257428526623203
3.48449143727042e-05,0.257425274281205
2.78759314981633e-05,0.257422993368411
2.78759314981633e-05,0.257432418129732
2.78759314981633e-05,0.257422046914077
2.78759314981633e-05,0.257348852556708
2.78759314981633e-05,0.256574905519704
2.78759314981633e-05,0.256574905519704
2.78759314981633e-05,0.256564156794227
2.78759314981633e-05,0.253507814812
2.78759314981633e-05,0.253507814812
2.78759314981633e-05,0.253507814812
2.78759314981633e-05,0.253507814812
2.78759314981633e-05,0.253507814812
2.78759314981633e-05,0.253100064137923
2.78759314981633e-05,0.253102130516664
2.78759314981633e-05,0.250848691548699
2.78759314981633e-05,0.250849062696211
2.78759314981633e-05,0.250845556510112
2.78759314981633e-05,0.250780697625026
2.78759314981633e-05,0.250780697625026
2.78759314981633e-05,0.250780697625026
2.78759314981633e-05,0.250047016530978
2.78759314981633e-05,0.249861520353882
2.78759314981633e-05,0.249861520353882
2.78759314981633e-05,0.249861887960231
2.78759314981633e-05,0.249619046636481
2.78759314981633e-05,0.249623779734284
2.78759314981633e-05,0.249600929274913
2.23007451985307e-05,0.24959458071359
2.23007451985307e-05,0.249590680135711
2.23007451985307e-05,0.248061649904976
2.23007451985307e-05,0.248061649904976
2.23007451985307e-05,0.248053469987095
2.23007451985307e-05,0.248054467183247
2.23007451985307e-05,0.248038577117671
2.23007451985307e-05,0.247601216428838
2.23007451985307e-05,0.24759342972292
2.23007451985307e-05,0.244574698043065
2.23007451985307e-05,0.244435706773104
2.23007451985307e-05,0.244423398374541
2.23007451985307e-05,0.244420427419118
2.23007451985307e-05,0.244420427419118
2.23007451985307e-05,0.244420427419118
2.23007451985307e-05,0.244420427419118
2.23007451985307e-05,0.244277006622266
2.23007451985307e-05,0.24427293127007
2.23007451985307e-05,0.24427293127007
2.23007451985307e-05,0.244278668262239
2.23007451985307e-05,0.243765714290957
2.23007451985307e-05,0.243765714290957
2.23007451985307e-05,0.243765714290957
2.23007451985307e-05,0.243781044855125
2.23007451985307e-05,0.242525824314285
2.23007451985307e-05,0.242517629085406
1.78405961588245e-05,0.242506191145353
1.78405961588245e-05,0.242183036904568
1.78405961588245e-05,0.242183036904568
1.78405961588245e-05,0.242169193825823
1.78405961588245e-05,0.242155626837385
1.78405961588245e-05,0.242155626837385
1.78405961588245e-05,0.242156130270841
1.78405961588245e-05,0.242156130270841
1.78405961588245e-05,0.242156130270841
1.78405961588245e-05,0.241535529413725
1.78405961588245e-05,0.241532926341759
1.78405961588245e-05,0.237441853883608
1.78405961588245e-05,0.237441853883608
1.78405961588245e-05,0.237441963783001
1.78405961588245e-05,0.236190651450805
1.78405961588245e-05,0.236189834790048
1.78405961588245e-05,0.236189834790048
1.78405961588245e-05,0.236189834790048
1.78405961588245e-05,0.236175062071379
1.78405961588245e-05,0.236175062071379
1.78405961588245e-05,0.234854473394932
1.78405961588245e-05,0.23215148700862
1.78405961588245e-05,0.232151333417304
1.78405961588245e-05,0.23214666558132
1.78405961588245e-05,0.23214666558132
1.78405961588245e-05,0.23170572453262
1.78405961588245e-05,0.231716445647795
1.78405961588245e-05,0.231711833536421
1.78405961588245e-05,0.231711833536421
1.78405961588245e-05,0.231711833536421
1.42724769270596e-05,0.229843234613817
1.42724769270596e-05,0.229826834665458
1.42724769270596e-05,0.229820023462007
1.42724769270596e-05,0.229820023462007
1.42724769270596e-05,0.228689986203381
1.42724769270596e-05,0.22858606515278
1.42724769270596e-05,0.228570579705841
1.42724769270596e-05,0.228560976848745
1.42724769270596e-05,0.228560976848745
1.42724769270596e-05,0.228231043914619
1.42724769270596e-05,0.228226530923431
1.42724769270596e-05,0.228226530923431
1.42724769270596e-05,0.228226530923431
1.42724769270596e-05,0.228232062700204
1.42724769270596e-05,0.228232062700204
1.42724769270596e-05,0.228232062700204
1.42724769270596e-05,0.228232062700204
1.42724769270596e-05,0.227125602095728
1.42724769270596e-05,0.225950439102436
1.42724769270596e-05,0.225947959843279
1.42724769270596e-05,0.225952309153329
1.42724769270596e-05,0.225950320047323
1.42724769270596e-05,0.225950320047323
1.42724769270596e-05,0.225819636188549
1.42724769270596e-05,0.225819636188549
1.42724769270596e-05,0.225810207502464
1.42724769270596e-05,0.225805072809433
1.42724769270596e-05,0.22579358082982
1.42724769270596e-05,0.22579358082982
1.42724769270596e-05,0.22579358082982
1.14179815416477e-05,0.225024394279254
1.14179815416477e-05,0.225037072825173
1.14179815416477e-05,0.225036230223017
1.14179815416477e-05,0.225029229686162
1.14179815416477e-05,0.225029229686162
1.14179815416477e-05,0.225021887324158
1.14179815416477e-05,0.225024517482871
1.14179815416477e-05,0.222502836215725
1.14179815416477e-05,0.222502836215725
1.14179815416477e-05,0.222502296088636
1.14179815416477e-05,0.220205214192316
1.14179815416477e-05,0.219404840009412
1.14179815416477e-05,0.219405893030873
1.14179815416477e-05,0.219405893030873
1.14179815416477e-05,0.219405893030873
1.14179815416477e-05,0.219411689941511
1.14179815416477e-05,0.219407955656159
1.14179815416477e-05,0.219415252080378
1.14179815416477e-05,0.219415252080378
1.14179815416477e-05,0.219415252080378
1.14179815416477e-05,0.219222033089074
1.14179815416477e-05,0.219209235828536
1.14179815416477e-05,0.219213615570733
1.14179815416477e-05,0.218693799124879
1.14179815416477e-05,0.218686183612601
9.13438523331817e-06,0.218684009511258
9.13438523331817e-06,0.218675293943492
9.13438523331817e-06,0.218675293943492
9.13438523331817e-06,0.215633565010759
9.13438523331817e-06,0.215637082146511
9.13438523331817e-06,0.215635538858343
9.13438523331817e-06,0.215635538858343
9.13438523331817e-06,0.215635538858343
9.13438523331817e-06,0.215649274259349
9.13438523331817e-06,0.215650272752097
9.13438523331817e-06,0.215650272752097
9.13438523331817e-06,0.215650272752097
9.13438523331817e-06,0.215056951718794
9.13438523331817e-06,0.215056951718794
9.13438523331817e-06,0.21234392165559
9.13438523331817e-06,0.211945894396818
9.13438523331817e-06,0.211945576625398
9.13438523331817e-06,0.209304269577583
9.13438523331817e-06,0.209306626529527
9.13438523331817e-06,0.209306626529527
9.13438523331817e-06,0.209306626529527
9.13438523331817e-06,0.209297537185753
9.13438523331817e-06,0.209293394382402
9.13438523331817e-06,0.209292341083099
9.13438523331817e-06,0.20928892757408
9.13438523331817e-06,0.20849379979712
9.13438523331817e-06,0.20849379979712
9.13438523331817e-06,0.206239526960131
7.30750818665453e-06,0.206236017558539
7.30750818665453e-06,0.206236017558539
7.30750818665453e-06,0.206227308081794
7.30750818665453e-06,0.20421908104151
7.30750818665453e-06,0.20421908104151
7.30750818665453e-06,0.20421908104151
7.30750818665453e-06,0.202965406425826
7.30750818665453e-06,0.202970279856314
7.30750818665453e-06,0.202671279942127
7.30750818665453e-06,0.202671279942127
7.30750818665453e-06,0.201993389720323
7.30750818665453e-06,0.201993389720323
7.30750818665453e-06,0.201993389720323
7.30750818665453e-06,0.20198772991053
7.30750818665453e-06,0.200960841361669
7.30750818665453e-06,0.200957011497674
7.30750818665453e-06,0.200952815028482
7.30750818665453e-06,0.200543995304587
7.30750818665453e-06,0.200543995304587
7.30750818665453e-06,0.200541449501014
7.30750818665453e-06,0.200541449501014
7.30750818665453e-06,0.200541449501014
7.30750818665453e-06,0.200550857677493
7.30750818665453e-06,0.200550857677493
7.30750818665453e-06,0.200550857677493
7.30750818665453e-06,0.20053918137902
7.30750818665453e-06,0.199452370564869
7.30750818665453e-06,0.199452370564869
7.30750818665453e-06,0.199452370564869
7.30750818665453e-06,0.19577062016591
7.30750818665453e-06,0.19577062016591
7.30750818665453e-06,0.195167151719733
7.30750818665453e-06,0.19447624982162
5.84600654932363e-06,0.194399476575823
5.84600654932363e-06,0.194409577737296
5.84600654932363e-06,0.193964969619785
5.84600654932363e-06,0.193961503672685
5.84600654932363e-06,0.193849732975612
5.84600654932363e-06,0.193595235370464
5.84600654932363e-06,0.193324097577824
5.84600654932363e-06,0.193319850291927
5.84600654932363e-06,0.192497098533295
5.84600654932363e-06,0.192497098533295
5.84600654932363e-06,0.192225480089436
5.84600654932363e-06,0.192225480089436
5.84600654932363e-06,0.192225480089436
5.84600654932363e-06,0.192221684550352
5.84600654932363e-06,0.192212337083898
5.84600654932363e-06,0.192212337083898
5.84600654932363e-06,0.192212337083898
5.84600654932363e-06,0.192214519106604
5.84600654932363e-06,0.192205147178216
5.84600654932363e-06,0.192205147178216
5.84600654932363e-06,0.192205147178216
5.84600654932363e-06,0.192205147178216
5.84600654932363e-06,0.192205147178216
5.84600654932363e-06,0.192205147178216
5.84600654932363e-06,0.192205051185222
5.84600654932363e-06,0.192204496371179
5.84600654932363e-06,0.192204496371179
5.84600654932363e-06,0.192204496371179
5.84600654932363e-06,0.19107458137699
5.84600654932363e-06,0.191059956376383
5.84600654932363e-06,0.19105161821391
4.6768052394589e-06,0.190925618838878
4.6768052394589e-06,0.190925618838878
4.6768052394589e-06,0.190926833583311
4.6768052394589e-06,0.190925029274468
4.6768052394589e-06,0.190925029274468
4.6768052394589e-06,0.190925029274468
4.6768052394589e-06,0.190272706755383
4.6768052394589e-06,0.190272706755383
4.6768052394589e-06,0.190272706755383
4.6768052394589e-06,0.189575452842563
4.6768052394589e-06,0.189562649155122
4.6768052394589e-06,0.189562517820222
4.6768052394589e-06,0.189562517820222
4.6768052394589e-06,0.189562517820222
4.6768052394589e-06,0.189562517820222
4.6768052394589e-06,0.188075222757597
4.6768052394589e-06,0.188070786985239
4.6768052394589e-06,0.188070786985239
4.6768052394589e-06,0.188065861238068
4.6768052394589e-06,0.188063129138306
4.6768052394589e-06,0.188045030258595
4.6768052394589e-06,0.188045030258595
4.6768052394589e-06,0.18802882460145
4.6768052394589e-06,0.188028397523358
4.6768052394589e-06,0.188022553796141
4.6768052394589e-06,0.187409340003663
4.6768052394589e-06,0.187409340003663
4.6768052394589e-06,0.187399321801015
4.6768052394589e-06,0.187399321801015
4.6768052394589e-06,0.186470956815026
4.6768052394589e-06,0.186471040991435
4.6768052394589e-06,0.186471040991435
4.6768052394589e-06,0.186471040991435
3.74144419156712e-06,0.186472365343386
3.74144419156712e-06,0.186472365343386
3.74144419156712e-06,0.186472365343386
3.74144419156712e-06,0.186104517738704
3.74144419156712e-06,0.186104517738704
3.74144419156712e-06,0.186104517738704
3.74144419156712e-06,0.185927461249118
3.74144419156712e-06,0.185927461249118
3.74144419156712e-06,0.185929170039675
3.74144419156712e-06,0.185929170039675
3.74144419156712e-06,0.18573367709898
3.74144419156712e-06,0.185730060554667
3.74144419156712e-06,0.185730060554667
3.74144419156712e-06,0.185730060554667
3.74144419156712e-06,0.185730060554667
3.74144419156712e-06,0.185728998916241
3.74144419156712e-06,0.185728784699751
3.74144419156712e-06,0.185717816950229
3.74144419156712e-06,0.185190006458981
3.74144419156712e-06,0.185189890396714
3.74144419156712e-06,0.185175659366644
3.74144419156712e-06,0.183226153460331
3.74144419156712e-06,0.183219382623256
3.74144419156712e-06,0.183204526020633
3.74144419156712e-06,0.183204526020633
3.74144419156712e-06,0.183204526020633
3.74144419156712e-06,0.183017284132596
3.74144419156712e-06,0.183017284132596
3.74144419156712e-06,0.183018583996702
3.74144419156712e-06,0.183018583996702
3.74144419156712e-06,0.183018583996702
3.74144419156712e-06,0.183018583996702
3.74144419156712e-06,0.182661114625822
3.74144419156712e-06,0.182659875680841
3.74144419156712e-06,0.182659875680841
2.9931553532537e-06,0.182649104749298
2.9931553532537e-06,0.182644459567751
2.9931553532537e-06,0.182644459567751
2.9931553532537e-06,0.180661037413946
2.9931553532537e-06,0.178713818718141
2.9931553532537e-06,0.178713818718141
2.9931553532537e-06,0.178713818718141
2.9931553532537e-06,0.178713818718141
2.9931553532537e-06,0.178713818718141
2.9931553532537e-06,0.178315710809863
2.9931553532537e-06,0.178315710809863
2.9931553532537e-06,0.178106134851617
2.9931553532537e-06,0.177247250451647
2.9931553532537e-06,0.177247250451647
2.9931553532537e-06,0.177247250451647
2.9931553532537e-06,0.177247250451647
2.9931553532537e-06,0.177247250451647
2.9931553532537e-06,0.177249102351454
2.9931553532537e-06,0.177249102351454
2.9931553532537e-06,0.177249102351454
2.9931553532537e-06,0.177249102351454
2.9931553532537e-06,0.177237335703709
2.9931553532537e-06,0.177237335703709
2.9931553532537e-06,0.176813350982519
2.9931553532537e-06,0.176813350982519
2.9931553532537e-06,0.176813350982519
2.9931553532537e-06,0.176806273327153
2.9931553532537e-06,0.176808201071734
2.9931553532537e-06,0.176623742079077
2.9931553532537e-06,0.176618365067046
2.9931553532537e-06,0.176613614013562
2.9931553532537e-06,0.176615296961965
2.9931553532537e-06,0.176608691468454
2.9931553532537e-06,0.176608691468454
2.9931553532537e-06,0.176608691468454
2.9931553532537e-06,0.176609873050178
2.9931553532537e-06,0.176595472678625
2.39452428260296e-06,0.176589943834762
2.39452428260296e-06,0.174891628058247
2.39452428260296e-06,0.174878358227637
2.39452428260296e-06,0.174504198351306
2.39452428260296e-06,0.174504198351306
2.39452428260296e-06,0.17450528486876
2.39452428260296e-06,0.174498949240822
2.39452428260296e-06,0.174498949240822
2.39452428260296e-06,0.173807241689287
2.39452428260296e-06,0.172793847833037
2.39452428260296e-06,0.17278888170716
2.39452428260296e-06,0.172787533044511
2.39452428260296e-06,0.171234863848005
2.39452428260296e-06,0.171224356535628
2.39452428260296e-06,0.171218746013564
2.39452428260296e-06,0.171010920037692
2.39452428260296e-06,0.171009872239039
2.39452428260296e-06,0.171007465913818
2.39452428260296e-06,0.170997535814989
2.39452428260296e-06,0.1709954568244
2.39452428260296e-06,0.1709954568244
2.39452428260296e-06,0.1709954568244
2.39452428260296e-06,0.170755382726241
2.39452428260296e-06,0.170755382726241
1.91561942608237e-06,0.170751770881897
1.91561942608237e-06,0.170370668155074
1.91561942608237e-06,0.170370668155074
1.91561942608237e-06,0.170368975515578
1.91561942608237e-06,0.170368975515578
1.91561942608237e-06,0.170360754449842
1.91561942608237e-06,0.170362088142569
1.91561942608237e-06,0.170362932959176
1.91561942608237e-06,0.170362932959176
1.91561942608237e-06,0.170362932959176
1.91561942608237e-06,0.170301109251117
1.91561942608237e-06,0.169783401930543
1.91561942608237e-06,0.169783401930543
1.91561942608237e-06,0.169106675422117
1.91561942608237e-06,0.169099972600368
1.91561942608237e-06,0.168502206609418
1.91561942608237e-06,0.167229721058178
1.91561942608237e-06,0.167110921438979
1.91561942608237e-06,0.167110921438979
1.91561942608237e-06,0.167110921438979
1.91561942608237e-06,0.167105408556586
1.91561942608237e-06,0.167098629191496
1.91561942608237e-06,0.165036180172963
1.91561942608237e-06,0.165036180172963
1.91561942608237e-06,0.164319920896173
1.91561942608237e-06,0.164319920896173
1.91561942608237e-06,0.164319920896173
1.91561942608237e-06,0.164319920896173
1.91561942608237e-06,0.164319920896173
1.91561942608237e-06,0.164319920896173
1.91561942608237e-06,0.164319920896173
1.91561942608237e-06,0.164310186319951
1.91561942608237e-06,0.164310186319951
1.91561942608237e-06,0.164056498116138
1.53249554086589e-06,0.16405442369516
1.53249554086589e-06,0.16405442369516
1.53249554086589e-06,0.16405442369516
1.53249554086589e-06,0.164053411763483
1.53249554086589e-06,0.164039812275956
1.53249554086589e-06,0.164026469632966
1.53249554086589e-06,0.164026469632966
1.53249554086589e-06,0.163942561218009
1.53249554086589e-06,0.162992859581334
1.53249554086589e-06,0.162980823295949
1.53249554086589e-06,0.162980823295949
1.53249554086589e-06,0.162030807196942
1.53249554086589e-06,0.162030807196942
1.53249554086589e-06,0.162030807196942
1.53249554086589e-06,0.162018457573393
1.53249554086589e-06,0.162018049539154
1.53249554086589e-06,0.162012130532443
1.53249554086589e-06,0.162008386743412
1.53249554086589e-06,0.162008060599487
1.53249554086589e-06,0.162008060599487
1.53249554086589e-06,0.162008060599487
1.53249554086589e-06,0.162008060599487
1.53249554086589e-06,0.162008060599487
1.53249554086589e-06,0.162000593516324
1.53249554086589e-06,0.161999270484255
1.53249554086589e-06,0.160345575479799
1.53249554086589e-06,0.160343008064055
1.53249554086589e-06,0.159618256837477
1.53249554086589e-06,0.158910815801759
1.53249554086589e-06,0.158910815801759
1.22599643269272e-06,0.158025048099976
1.22599643269272e-06,0.158025048099976
1.22599643269272e-06,0.158025048099976
1.22599643269272e-06,0.158018207855479
1.22599643269272e-06,0.157293604517067
1.22599643269272e-06,0.157293604517067
1.22599643269272e-06,0.157293604517067
1.22599643269272e-06,0.156502025148981
1.22599643269272e-06,0.156154077622684
1.22599643269272e-06,0.156154077622684
1.22599643269272e-06,0.156155544874487
1.22599643269272e-06,0.156152437842251
1.22599643269272e-06,0.156152437842251
1.22599643269272e-06,0.153029258730043
1.22599643269272e-06,0.152884387917679
1.22599643269272e-06,0.152878456424363
1.22599643269272e-06,0.1528701124124
1.22599643269272e-06,0.1528701124124
1.22599643269272e-06,0.152861352960863
1.22599643269272e-06,0.152861352960863
1.22599643269272e-06,0.152861352960863
1.22599643269272e-06,0.152841709938565
1.22599643269272e-06,0.152841709938565
1.22599643269272e-06,0.152841709938565
1.22599643269272e-06,0.152841709938565
1.22599643269272e-06,0.152841709938565
1.22599643269272e-06,0.152841709938565
1.22599643269272e-06,0.152841709938565
1.22599643269272e-06,0.152841709938565
1.22599643269272e-06,0.152818074978223
1.22599643269272e-06,0.152813947961148
1.22599643269272e-06,0.152493492943088
1.22599643269272e-06,0.152493492943088
1.22599643269272e-06,0.152478146625288
1.22599643269272e-06,0.152476375453998
1.22599643269272e-06,0.152476375453998
1.22599643269272e-06,0.152476375453998
1.22599643269272e-06,0.152471240138861
9.80797146154172e-07,0.152471301036899
9.80797146154172e-07,0.152467922934965
9.80797146154172e-07,0.151888308060193
9.80797146154172e-07,0.151882305554158
9.80797146154172e-07,0.151882305554158
9.80797146154172e-07,0.151882305554158
9.80797146154172e-07,0.151860314906875
9.80797146154172e-07,0.151860314906875
9.80797146154172e-07,0.151860314906875
9.80797146154172e-07,0.151860314906875
9.80797146154172e-07,0.151860314906875
9.80797146154172e-07,0.151847711345383
9.80797146154172e-07,0.151847711345383
9.80797146154172e-07,0.151834596502669
9.80797146154172e-07,0.151825166472484
9.80797146154172e-07,0.151818472407757
9.80797146154172e-07,0.151818472407757
9.80797146154172e-07,0.151818472407757
9.80797146154172e-07,0.151818472407757
9.80797146154172e-07,0.151818472407757
9.80797146154172e-07,0.151818472407757
9.80797146154172e-07,0.151800473418483
9.80797146154172e-07,0.151800473418483
9.80797146154172e-07,0.151800473418483
9.80797146154172e-07,0.151800473418483
9.80797146154172e-07,0.151800473418483
9.80797146154172e-07,0.151799935196376
9.80797146154172e-07,0.149856317836749
9.80797146154172e-07,0.149856317836749
9.80797146154172e-07,0.149843687597321
9.80797146154172e-07,0.149846046842785
9.80797146154172e-07,0.14938445941897
9.80797146154172e-07,0.14938445941897
9.80797146154172e-07,0.14938445941897
9.80797146154172e-07,0.149218484102461
9.80797146154172e-07,0.14920943198447
9.80797146154172e-07,0.14920943198447
9.80797146154172e-07,0.14920943198447
9.80797146154172e-07,0.149205731009489
9.80797146154172e-07,0.149205731009489
9.80797146154172e-07,0.149205731009489
9.80797146154172e-07,0.149203398755859
9.80797146154172e-07,0.149203398755859
9.80797146154172e-07,0.149203398755859
7.84637716923338e-07,0.149012200804462
7.84637716923338e-07,0.149012200804462
7.84637716923338e-07,0.149012200804462
7.84637716923338e-07,0.149012200804462
7.84637716923338e-07,0.149000279654243
7.84637716923338e-07,0.147672798139532
7.84637716923338e-07,0.147672798139532
7.84637716923338e-07,0.147671663310059
7.84637716923338e-07,0.147671663310059
7.84637716923338e-07,0.147316450050835
7.84637716923338e-07,0.14731181585223
7.84637716923338e-07,0.147064654529055
7.84637716923338e-07,0.147061437904515
7.84637716923338e-07,0.146431946869645
7.84637716923338e-07,0.144516302044281
7.84637716923338e-07,0.144516302044281
7.84637716923338e-07,0.144516302044281
7.84637716923338e-07,0.144511691910979
7.84637716923338e-07,0.144511691910979
7.84637716923338e-07,0.144511691910979
7.84637716923338e-07,0.144511691910979
7.84637716923338e-07,0.144510288154935
7.84637716923338e-07,0.144381776166192
7.84637716923338e-07,0.144381776166192
7.84637716923338e-07,0.144381776166192
7.84637716923338e-07,0.144170105660327
7.84637716923338e-07,0.144170105660327
7.84637716923338e-07,0.144170105660327
7.84637716923338e-07,0.144170105660327
7.84637716923338e-07,0.144169383817325
7.84637716923338e-07,0.144169383817325
7.84637716923338e-07,0.144169383817325
7.84637716923338e-07,0.144167987901247
7.84637716923338e-07,0.144167987901247
7.84637716923338e-07,0.144167987901247
7.84637716923338e-07,0.144167987901247
7.84637716923338e-07,0.143885825192974
7.84637716923338e-07,0.143872079961611
7.84637716923338e-07,0.143872079961611
7.84637716923338e-07,0.143863574573343
7.84637716923338e-07,0.143863574573343
7.84637716923338e-07,0.143863574573343
6.2771017353867e-07,0.141959278277687
6.2771017353867e-07,0.141959278277687
6.2771017353867e-07,0.141958158947829
6.2771017353867e-07,0.141755278132048
6.2771017353867e-07,0.141755278132048
6.2771017353867e-07,0.141292375749503
6.2771017353867e-07,0.140513845781012
6.2771017353867e-07,0.139834988414184
6.2771017353867e-07,0.139820828860669
6.2771017353867e-07,0.139820828860669
6.2771017353867e-07,0.139820828860669
6.2771017353867e-07,0.139820828860669
6.2771017353867e-07,0.139645715570375
6.2771017353867e-07,0.139643629683078
6.2771017353867e-07,0.139639376146127
6.2771017353867e-07,0.139636616731938
6.2771017353867e-07,0.139636616731938
6.2771017353867e-07,0.139636616731938
6.2771017353867e-07,0.139636616731938
6.2771017353867e-07,0.139632792796968
6.2771017353867e-07,0.139632792796968
6.2771017353867e-07,0.139463844687181
6.2771017353867e-07,0.137890652807365
6.2771017353867e-07,0.137890652807365
6.2771017353867e-07,0.137890652807365
6.2771017353867e-07,0.137886652621277
6.2771017353867e-07,0.137489516375961
6.2771017353867e-07,0.137488395079249
6.2771017353867e-07,0.137488395079249
6.2771017353867e-07,0.137488395079249
6.2771017353867e-07,0.137488395079249
6.2771017353867e-07,0.137488395079249
6.2771017353867e-07,0.137488395079249
6.2771017353867e-07,0.137488395079249
6.2771017353867e-07,0.137457007602547
6.2771017353867e-07,0.136922206681288
6.2771017353867e-07,0.136922206681288
6.2771017353867e-07,0.136922206681288
5.02168138830936e-07,0.136922914878822
5.02168138830936e-07,0.136922897010226
5.02168138830936e-07,0.136281051256996
5.02168138830936e-07,0.135435773443561
5.02168138830936e-07,0.135428190613076
5.02168138830936e-07,0.135428190613076
5.02168138830936e-07,0.135424799194696
5.02168138830936e-07,0.135420479586893
5.02168138830936e-07,0.135420492324652
5.02168138830936e-07,0.135420431265087
5.02168138830936e-07,0.135420431265087
5.02168138830936e-07,0.134704878758111
5.02168138830936e-07,0.134695366299769
5.02168138830936e-07,0.134695366299769
5.02168138830936e-07,0.134695366299769
5.02168138830936e-07,0.134695366299769
5.02168138830936e-07,0.134695366299769
5.02168138830936e-07,0.134690224545651
5.02168138830936e-07,0.134680884977464
5.02168138830936e-07,0.134446109893783
5.02168138830936e-07,0.134446109893783
5.02168138830936e-07,0.134446109893783
5.02168138830936e-07,0.134438133278534
5.02168138830936e-07,0.133432624513684
5.02168138830936e-07,0.133431288771086
5.02168138830936e-07,0.133122475967495
5.02168138830936e-07,0.13279118628481
5.02168138830936e-07,0.13279118628481
5.02168138830936e-07,0.13279118628481
5.02168138830936e-07,0.13279118628481
5.02168138830936e-07,0.13279118628481
4.01734511064749e-07,0.132588626136376
4.01734511064749e-07,0.132110166604457
4.01734511064749e-07,0.132110166604457
4.01734511064749e-07,0.132094296767606
4.01734511064749e-07,0.132094296767606
4.01734511064749e-07,0.132024770176818
4.01734511064749e-07,0.132023974360238
4.01734511064749e-07,0.132020290930199
4.01734511064749e-07,0.132011485643798
4.01734511064749e-07,0.131786331114978
4.01734511064749e-07,0.131786331114978
4.01734511064749e-07,0.131642095523068
4.01734511064749e-07,0.131642095523068
4.01734511064749e-07,0.131642095523068
4.01734511064749e-07,0.131642095523068
4.01734511064749e-07,0.131642095523068
4.01734511064749e-07,0.131396244208884
4.01734511064749e-07,0.131395947478767
4.01734511064749e-07,0.131395947478767
4.01734511064749e-07,0.131395947478767
4.01734511064749e-07,0.13138747404221
4.01734511064749e-07,0.13138747404221
4.01734511064749e-07,0.13138747404221
4.01734511064749e-07,0.13138747404221
4.01734511064749e-07,0.13138747404221
4.01734511064749e-07,0.131375599710134
4.01734511064749e-07,0.131373776777463
4.01734511064749e-07,0.130141520109906
4.01734511064749e-07,0.130141520109906
4.01734511064749e-07,0.129582385530691
4.01734511064749e-07,0.129581866708529
4.01734511064749e-07,0.129581866708529
4.01734511064749e-07,0.129581866708529
4.01734511064749e-07,0.129581866708529
4.01734511064749e-07,0.129569796250782
4.01734511064749e-07,0.129569796250782
4.01734511064749e-07,0.129569796250782
4.01734511064749e-07,0.129567225553708
4.01734511064749e-07,0.129567225553708
4.01734511064749e-07,0.129567225553708
4.01734511064749e-07,0.129567225553708
3.21387608851799e-07,0.129462590308166
3.21387608851799e-07,0.129119704005886
3.21387608851799e-07,0.129111849453868
3.21387608851799e-07,0.129111849453868
3.21387608851799e-07,0.129111849453868
3.21387608851799e-07,0.129108974191093
3.21387608851799e-07,0.127395705437826
3.21387608851799e-07,0.127391740937696
3.21387608851799e-07,0.127391740937696
3.21387608851799e-07,0.127391740937696
3.21387608851799e-07,0.124724151610091
3.21387608851799e-07,0.124706868816612
3.21387608851799e-07,0.124703403448672
3.21387608851799e-07,0.124687263288145
3.21387608851799e-07,0.124681014184171
3.21387608851799e-07,0.12467596708629
3.21387608851799e-07,0.12467596708629
3.21387608851799e-07,0.124631526492575
3.21387608851799e-07,0.124631526492575
3.21387608851799e-07,0.124631526492575
3.21387608851799e-07,0.124625422595879
3.21387608851799e-07,0.124625422595879
3.21387608851799e-07,0.124625422595879
3.21387608851799e-07,0.124624777457553
3.21387608851799e-07,0.124229505392991
3.21387608851799e-07,0.124229505392991
3.21387608851799e-07,0.124228658328784
3.21387608851799e-07,0.124228658328784
3.21387608851799e-07,0.12406764072361
3.21387608851799e-07,0.124016041350719
3.21387608851799e-07,0.124016041350719
3.21387608851799e-07,0.124016041350719
3.21387608851799e-07,0.124016041350719
3.21387608851799e-07,0.124016041350719
3.21387608851799e-07,0.124016041350719
3.21387608851799e-07,0.124016041350719
3.21387608851799e-07,0.124016041350719
2.57110087081439e-07,0.124004559953538
2.57110087081439e-07,0.123994431980588
2.57110087081439e-07,0.123994431980588
2.57110087081439e-07,0.122383073051037
2.57110087081439e-07,0.122380145731575
2.57110087081439e-07,0.122380145731575
2.57110087081439e-07,0.1220735099072
2.57110087081439e-07,0.1220735099072
2.57110087081439e-07,0.1220735099072
2.57110087081439e-07,0.122068718701738
2.57110087081439e-07,0.122065784214902
2.57110087081439e-07,0.122065784214902
2.57110087081439e-07,0.120707856127023
2.57110087081439e-07,0.120707856127023
2.57110087081439e-07,0.120707856127023
2.57110087081439e-07,0.120707856127023
2.57110087081439e-07,0.120707856127023
2.57110087081439e-07,0.120707856127023
2.57110087081439e-07,0.120707856127023
2.57110087081439e-07,0.120706836368926
2.57110087081439e-07,0.120233619969453
2.57110087081439e-07,0.120233619969453
2.57110087081439e-07,0.120233619969453
2.57110087081439e-07,0.119950721474306
2.57110087081439e-07,0.119930297557206
2.57110087081439e-07,0.119920668344321
2.57110087081439e-07,0.119308460273787
2.57110087081439e-07,0.119308460273787
2.57110087081439e-07,0.119308460273787
2.57110087081439e-07,0.11930727798347
2.57110087081439e-07,0.118280882684376
2.57110087081439e-07,0.117418386361059
2.57110087081439e-07,0.117418386361059
2.57110087081439e-07,0.117418386361059
2.57110087081439e-07,0.11670552852578
2.57110087081439e-07,0.11670552852578
2.57110087081439e-07,0.11670552852578
2.57110087081439e-07,0.116483560986812
2.05688069665152e-07,0.116376579147678
2.05688069665152e-07,0.116305121535481
2.05688069665152e-07,0.11628948213787
2.05688069665152e-07,0.116276716975618
2.05688069665152e-07,0.116276716975618
2.05688069665152e-07,0.1158074379934
2.05688069665152e-07,0.1158074379934
2.05688069665152e-07,0.1158074379934
2.05688069665152e-07,0.115093562051932
2.05688069665152e-07,0.114907648858969
2.05688069665152e-07,0.114907648858969
2.05688069665152e-07,0.114904746497952
2.05688069665152e-07,0.114892793481477
2.05688069665152e-07,0.113452290114019
2.05688069665152e-07,0.113452290114019
2.05688069665152e-07,0.113452290114019
2.05688069665152e-07,0.113452290114019
2.05688069665152e-07,0.112942282074315
2.05688069665152e-07,0.112936773612952
2.05688069665152e-07,0.112936773612952
2.05688069665152e-07,0.112936773612952
2.05688069665152e-07,0.112780631241338
2.05688069665152e-07,0.112780631241338
2.05688069665152e-07,0.112778024797887
2.05688069665152e-07,0.112778024797887
2.05688069665152e-07,0.112778024797887
2.05688069665152e-07,0.111640490101406
2.05688069665152e-07,0.111635836417612
2.05688069665152e-07,0.111630522876027
2.05688069665152e-07,0.111628771634581
2.05688069665152e-07,0.111626830649651
1.64550455732121e-07,0.111613376899415
1.64550455732121e-07,0.111613376899415
1.64550455732121e-07,0.111390515962938
1.64550455732121e-07,0.111390515962938
1.64550455732121e-07,0.111049264558008
1.64550455732121e-07,0.109322861132138
1.64550455732121e-07,0.108263108519222
1.64550455732121e-07,0.108252758657404
1.64550455732121e-07,0.108252758657404
1.64550455732121e-07,0.108250206112093
1.64550455732121e-07,0.108109317184978
1.64550455732121e-07,0.108107733394136
1.64550455732121e-07,0.108107733394136
1.64550455732121e-07,0.107871876632717
1.64550455732121e-07,0.107871876632717
1.64550455732121e-07,0.107088544596111
1.64550455732121e-07,0.10694477269134
1.64550455732121e-07,0.106943071418154
1.64550455732121e-07,0.106939290846017
1.64550455732121e-07,0.106939290846017
1.64550455732121e-07,0.106935217319133
1.64550455732121e-07,0.106935217319133
1.64550455732121e-07,0.10693146607968
1.64550455732121e-07,0.10693146607968
1.64550455732121e-07,0.106920832165098
1.64550455732121e-07,0.106920832165098
1.64550455732121e-07,0.106913264663808
1.64550455732121e-07,0.106913264663808
1.64550455732121e-07,0.106913264663808
1.64550455732121e-07,0.106900568681245
1.64550455732121e-07,0.106900568681245
1.64550455732121e-07,0.106900568681245
1.64550455732121e-07,0.106900568681245
1.64550455732121e-07,0.106900568681245
1.31640364585697e-07,0.106899188610357
1.31640364585697e-07,0.106899188610357
1.31640364585697e-07,0.106899188610357
1.31640364585697e-07,0.106893400878123
1.31640364585697e-07,0.106893400878123
1.31640364585697e-07,0.10689147481293
1.31640364585697e-07,0.106890619982621
1.31640364585697e-07,0.105846577722252
1.31640364585697e-07,0.105846577722252
1.31640364585697e-07,0.105846577722252
1.31640364585697e-07,0.105370619174288
1.31640364585697e-07,0.104348905035615
1.31640364585697e-07,0.104348905035615
1.31640364585697e-07,0.104348905035615
1.31640364585697e-07,0.104348905035615
1.31640364585697e-07,0.104342999678606
1.31640364585697e-07,0.104340486010124
1.31640364585697e-07,0.10426528160273
1.31640364585697e-07,0.104258819031274
1.31640364585697e-07,0.104258819031274
1.31640364585697e-07,0.104258819031274
1.31640364585697e-07,0.104258819031274
1.31640364585697e-07,0.104258819031274
1.31640364585697e-07,0.104258819031274
1.31640364585697e-07,0.104258819031274
1.31640364585697e-07,0.104258819031274
1.31640364585697e-07,0.104052991120109
1.31640364585697e-07,0.104052991120109
1.31640364585697e-07,0.103087309126502
1.31640364585697e-07,0.103079842214164
1.31640364585697e-07,0.103079842214164
1.31640364585697e-07,0.103072147235393
1.31640364585697e-07,0.103065319903723
1.31640364585697e-07,0.103060122545354
1.31640364585697e-07,0.102529954326224
1.31640364585697e-07,0.102519200860828
1.05312291668558e-07,0.102513410961171
1.05312291668558e-07,0.10250351311161
1.05312291668558e-07,0.10250351311161
1.05312291668558e-07,0.101743142398691
1.05312291668558e-07,0.101743142398691
1.05312291668558e-07,0.101743142398691
1.05312291668558e-07,0.10173427650751
1.05312291668558e-07,0.101043082271729
1.05312291668558e-07,0.10103928851301
1.05312291668558e-07,0.10103928851301
1.05312291668558e-07,0.10103928851301
1.05312291668558e-07,0.100628038189057
1.05312291668558e-07,0.0997700556188347
1.05312291668558e-07,0.0997700556188347
1.05312291668558e-07,0.0997700556188347
1.05312291668558e-07,0.0997700556188347
1.05312291668558e-07,0.0995740853125065
1.05312291668558e-07,0.0995654634634443
1.05312291668558e-07,0.0995617700114494
1.05312291668558e-07,0.0988229268309792
1.05312291668558e-07,0.098407177752102
1.05312291668558e-07,0.098407177752102
1.05312291668558e-07,0.098407177752102
1.05312291668558e-07,0.0981736355638612
1.05312291668558e-07,0.0981736355638612
1.05312291668558e-07,0.0981736355638612
1.05312291668558e-07,0.0981691800433261
1.05312291668558e-07,0.0981690387482583
1.05312291668558e-07,0.0981680977730184
1.05312291668558e-07,0.0981680977730184
1.05312291668558e-07,0.0981680977730184
1.05312291668558e-07,0.0981680977730184
1.05312291668558e-07,0.0981680977730184
1.05312291668558e-07,0.0977736077085723
1.05312291668558e-07,0.0974868619509684
8.42498333348461e-08,0.0974849853431866
8.42498333348461e-08,0.0974803349556351
8.42498333348461e-08,0.0973493407342801
8.42498333348461e-08,0.0973493407342801
8.42498333348461e-08,0.0969195478784302
8.42498333348461e-08,0.0968592030185873
8.42498333348461e-08,0.0968592030185873
8.42498333348461e-08,0.0968592030185873
8.42498333348461e-08,0.0968592030185873
8.42498333348461e-08,0.0968592030185873
8.42498333348461e-08,0.0968497852358356
8.42498333348461e-08,0.0968497852358356
8.42498333348461e-08,0.0968497852358356
8.42498333348461e-08,0.0968497852358356
8.42498333348461e-08,0.0968497852358356
8.42498333348461e-08,0.0968497852358356
8.42498333348461e-08,0.0953245191927287
8.42498333348461e-08,0.0953137331288937
8.42498333348461e-08,0.0953137331288937
8.42498333348461e-08,0.0953137331288937
8.42498333348461e-08,0.0948708985361389
8.42498333348461e-08,0.0948610648250365
8.42498333348461e-08,0.0948610648250365
8.42498333348461e-08,0.0948559945211374
8.42498333348461e-08,0.0948559945211374
8.42498333348461e-08,0.0948525108610708
8.42498333348461e-08,0.0948448555736928
8.42498333348461e-08,0.0948373419895983
8.42498333348461e-08,0.0948373419895983
8.42498333348461e-08,0.0945993936896987
8.42498333348461e-08,0.094594349476428
8.42498333348461e-08,0.094594349476428
8.42498333348461e-08,0.0942335024888873
8.42498333348461e-08,0.0942335024888873
8.42498333348461e-08,0.0942183774658812
8.42498333348461e-08,0.0942008993959309
6.73998666678769e-08,0.0941958838525102
6.73998666678769e-08,0.0941958838525102
6.73998666678769e-08,0.0939093909057295
6.73998666678769e-08,0.093854400952513
6.73998666678769e-08,0.093854400952513
6.73998666678769e-08,0.093854400952513
6.73998666678769e-08,0.0937541116573696
6.73998666678769e-08,0.0937541116573696
6.73998666678769e-08,0.0937541116573696
6.73998666678769e-08,0.0934391862624684
6.73998666678769e-08,0.0934391862624684
6.73998666678769e-08,0.0934391862624684
6.73998666678769e-08,0.0934391862624684
6.73998666678769e-08,0.0932657598914161
6.73998666678769e-08,0.0932422982945517
6.73998666678769e-08,0.0931560394028414
6.73998666678769e-08,0.0931560394028414
6.73998666678769e-08,0.093148843923874
6.73998666678769e-08,0.0930063349696895
6.73998666678769e-08,0.0930063349696895
6.73998666678769e-08,0.0929066065998778
6.73998666678769e-08,0.092905547607953
6.73998666678769e-08,0.0928853456999634
6.73998666678769e-08,0.092502017685857
6.73998666678769e-08,0.092502017685857
6.73998666678769e-08,0.092502017685857
6.73998666678769e-08,0.092502017685857
6.73998666678769e-08,0.0924645477304317
6.73998666678769e-08,0.0924645477304317
6.73998666678769e-08,0.0924645477304317
6.73998666678769e-08,0.0924518479186161
6.73998666678769e-08,0.0924518479186161
6.73998666678769e-08,0.0924357412519535
6.73998666678769e-08,0.0922651118618386
6.73998666678769e-08,0.0920475336544255
5.39198933343015e-08,0.091662288688972
5.39198933343015e-08,0.0912056521285851
5.39198933343015e-08,0.0912056521285851
5.39198933343015e-08,0.0911593887344701
5.39198933343015e-08,0.0905102876843034
5.39198933343015e-08,0.0905102876843034
5.39198933343015e-08,0.0905102876843034
5.39198933343015e-08,0.0905102876843034
5.39198933343015e-08,0.0905102876843034
5.39198933343015e-08,0.0905102876843034
5.39198933343015e-08,0.0905102876843034
5.39198933343015e-08,0.0905102876843034
5.39198933343015e-08,0.0901430573039243
5.39198933343015e-08,0.0901370707777781
5.39198933343015e-08,0.0899746958712101
5.39198933343015e-08,0.0899746958712101
5.39198933343015e-08,0.0899746958712101
5.39198933343015e-08,0.0899746958712101
5.39198933343015e-08,0.0899746958712101
5.39198933343015e-08,0.0899746958712101
5.39198933343015e-08,0.0899746958712101
5.39198933343015e-08,0.0899746958712101
5.39198933343015e-08,0.0898409362650652
5.39198933343015e-08,0.0898343504629546
5.39198933343015e-08,0.0888982543181373
5.39198933343015e-08,0.0888982543181373
5.39198933343015e-08,0.0887953722122018
5.39198933343015e-08,0.0887953722122018
5.39198933343015e-08,0.0887953722122018
5.39198933343015e-08,0.0887953722122018
5.39198933343015e-08,0.0887953722122018
5.39198933343015e-08,0.088789997871662
5.39198933343015e-08,0.0887899575100785
5.39198933343015e-08,0.088787649004289
5.39198933343015e-08,0.088787649004289
5.39198933343015e-08,0.088787649004289
5.39198933343015e-08,0.0887838849649359
5.39198933343015e-08,0.0887738372904515
5.39198933343015e-08,0.0887738372904515
5.39198933343015e-08,0.0887738372904515
5.39198933343015e-08,0.0882738032578173
5.39198933343015e-08,0.0882428579264486
5.39198933343015e-08,0.0882346190995615
5.39198933343015e-08,0.0882346190995615
4.31359146674412e-08,0.0882265922105639
4.31359146674412e-08,0.0881457466592617
4.31359146674412e-08,0.0881457466592617
4.31359146674412e-08,0.0881457466592617
4.31359146674412e-08,0.0881421282224556
4.31359146674412e-08,0.0881407513583841
4.31359146674412e-08,0.0876679049084731
4.31359146674412e-08,0.0876679049084731
4.31359146674412e-08,0.0876679049084731
4.31359146674412e-08,0.0875990971012186
4.31359146674412e-08,0.0875990971012186
4.31359146674412e-08,0.087589755839551
4.31359146674412e-08,0.087589755839551
4.31359146674412e-08,0.087589755839551
4.31359146674412e-08,0.087589755839551
4.31359146674412e-08,0.0869253251345295
4.31359146674412e-08,0.0869117795753822
4.31359146674412e-08,0.0865175001988399
4.31359146674412e-08,0.0862541128770609
4.31359146674412e-08,0.0862541128770609
4.31359146674412e-08,0.0858299250920871
4.31359146674412e-08,0.0858299250920871
4.31359146674412e-08,0.0854020565584064
4.31359146674412e-08,0.0854020565584064
4.31359146674412e-08,0.0853895059674967
4.31359146674412e-08,0.0853895059674967
4.31359146674412e-08,0.0853895059674967
4.31359146674412e-08,0.0852649718510472
4.31359146674412e-08,0.0852649718510472
4.31359146674412e-08,0.0851270787164441
4.31359146674412e-08,0.0851270344293114
4.31359146674412e-08,0.0851270344293114
4.31359146674412e-08,0.0851270344293114
4.31359146674412e-08,0.084874439672723
4.31359146674412e-08,0.0848740087670392
4.31359146674412e-08,0.0848740087670392
3.4508731733953e-08,0.084866691401136
3.4508731733953e-08,0.084866691401136
3.4508731733953e-08,0.0848576233151088
3.4508731733953e-08,0.0848576233151088
3.4508731733953e-08,0.084850173840046
3.4508731733953e-08,0.084850173840046
3.4508731733953e-08,0.084850173840046
3.4508731733953e-08,0.0842573355040847
3.4508731733953e-08,0.0842573355040847
3.4508731733953e-08,0.0842573355040847
3.4508731733953e-08,0.0842505080810009
3.4508731733953e-08,0.0842505080810009
3.4508731733953e-08,0.0842505080810009
3.4508731733953e-08,0.0842505080810009
3.4508731733953e-08,0.0837651338520906
3.4508731733953e-08,0.0837651338520906
3.4508731733953e-08,0.0837651338520906
3.4508731733953e-08,0.0831565741931905
3.4508731733953e-08,0.0831535879090191
3.4508731733953e-08,0.0831535879090191
3.4508731733953e-08,0.0831535879090191
3.4508731733953e-08,0.082782776774261
3.4508731733953e-08,0.0827766242656005
3.4508731733953e-08,0.0826011819569755
3.4508731733953e-08,0.0817098437024818
3.4508731733953e-08,0.0817098437024818
3.4508731733953e-08,0.0814633524109555
3.4508731733953e-08,0.0814633524109555
3.4508731733953e-08,0.0814525113926575
3.4508731733953e-08,0.0814525113926575
3.4508731733953e-08,0.0814525113926575
3.4508731733953e-08,0.0814525113926575
3.4508731733953e-08,0.0814438547861739
3.4508731733953e-08,0.0814423603129545
3.4508731733953e-08,0.0814423603129545
3.4508731733953e-08,0.0814423603129545
3.4508731733953e-08,0.0814423603129545
3.4508731733953e-08,0.0814423603129545
3.4508731733953e-08,0.0814423603129545
3.4508731733953e-08,0.0814423603129545
3.4508731733953e-08,0.0814356050217117
3.4508731733953e-08,0.0812599996590329
3.4508731733953e-08,0.0811411899744407
2.76069853871624e-08,0.0811327261409858
2.76069853871624e-08,0.0811306463533001
2.76069853871624e-08,0.0811164116685863
2.76069853871624e-08,0.0811140662179929
2.76069853871624e-08,0.0811140662179929
2.76069853871624e-08,0.0811140662179929
2.76069853871624e-08,0.0811140662179929
2.76069853871624e-08,0.0811140662179929
2.76069853871624e-08,0.0811096651580789
2.76069853871624e-08,0.0810995626060375
2.76069853871624e-08,0.0808950628481724
2.76069853871624e-08,0.0807172145378207
2.76069853871624e-08,0.0807121785162599
2.76069853871624e-08,0.0807062597711062
2.76069853871624e-08,0.0807062597711062
2.76069853871624e-08,0.0807060052585392
2.76069853871624e-08,0.0807060052585392
2.76069853871624e-08,0.0807060052585392
2.76069853871624e-08,0.0807060052585392
2.76069853871624e-08,0.0807060052585392
2.76069853871624e-08,0.0807060052585392
2.76069853871624e-08,0.0807060052585392
2.76069853871624e-08,0.0804287204341988
2.76069853871624e-08,0.0804287204341988
2.76069853871624e-08,0.0804216290319471
2.76069853871624e-08,0.0800418199159446
2.76069853871624e-08,0.0800418199159446
2.76069853871624e-08,0.0800382502726444
2.76069853871624e-08,0.0800263981914104
2.76069853871624e-08,0.0800263981914104
2.76069853871624e-08,0.0793510919516748
2.76069853871624e-08,0.0789613141464948
2.76069853871624e-08,0.0789613141464948
2.76069853871624e-08,0.0789536333821433
2.20855883097299e-08,0.0789412516813742
2.20855883097299e-08,0.0789412516813742
2.20855883097299e-08,0.0789412516813742
2.20855883097299e-08,0.078930139823177
2.20855883097299e-08,0.0786174618869938
2.20855883097299e-08,0.0786144267712738
2.20855883097299e-08,0.0786144267712738
2.20855883097299e-08,0.0786016924797986
2.20855883097299e-08,0.0786016924797986
2.20855883097299e-08,0.0779833393485947
2.20855883097299e-08,0.0779833393485947
2.20855883097299e-08,0.0779824316093974
2.20855883097299e-08,0.0779824316093974
2.20855883097299e-08,0.0777615515898507
2.20855883097299e-08,0.0777542138018054
2.20855883097299e-08,0.0777542138018054
2.20855883097299e-08,0.0772568295730038
2.20855883097299e-08,0.0772500886712395
2.20855883097299e-08,0.0772500886712395
2.20855883097299e-08,0.0763778446001747
2.20855883097299e-08,0.0763695162030326
2.20855883097299e-08,0.0763695162030326
2.20855883097299e-08,0.0763641385685648
2.20855883097299e-08,0.0763641385685648
2.20855883097299e-08,0.0763641385685648
2.20855883097299e-08,0.0763449052779201
2.20855883097299e-08,0.0762508864623082
2.20855883097299e-08,0.0762508864623082
2.20855883097299e-08,0.0762508864623082
2.20855883097299e-08,0.0762508864623082
2.20855883097299e-08,0.0762478441516847
2.20855883097299e-08,0.0758804819818911
2.20855883097299e-08,0.0758716708221774
2.20855883097299e-08,0.0758716708221774
2.20855883097299e-08,0.0758716708221774
2.20855883097299e-08,0.0758716708221774
1.76684706477839e-08,0.0758643340294187
1.76684706477839e-08,0.0758588202539428
1.76684706477839e-08,0.0758588202539428
1.76684706477839e-08,0.0758588202539428
1.76684706477839e-08,0.0758588202539428
1.76684706477839e-08,0.0758588202539428
1.76684706477839e-08,0.0757337440880234
1.76684706477839e-08,0.0755422480435892
1.76684706477839e-08,0.0755422480435892
1.76684706477839e-08,0.0751320085369212
1.76684706477839e-08,0.0751320085369212
1.76684706477839e-08,0.0751320085369212
1.76684706477839e-08,0.0748135173979235
1.76684706477839e-08,0.0748135173979235
1.76684706477839e-08,0.0748135173979235
1.76684706477839e-08,0.0748135173979235
1.76684706477839e-08,0.0748067479456133
1.76684706477839e-08,0.0748067479456133
1.76684706477839e-08,0.0748067479456133
1.76684706477839e-08,0.0748067479456133
1.76684706477839e-08,0.074798121482395
1.76684706477839e-08,0.0747659430091162
1.76684706477839e-08,0.0747615045186702
1.76684706477839e-08,0.0747615045186702
1.76684706477839e-08,0.0747513939013571
1.76684706477839e-08,0.0747513939013571
1.76684706477839e-08,0.0747513939013571
1.76684706477839e-08,0.0747513939013571
1.76684706477839e-08,0.0747502001043906
1.76684706477839e-08,0.0747502001043906
1.76684706477839e-08,0.0747447546422634
1.76684706477839e-08,0.0745096446996605
1.76684706477839e-08,0.0745096446996605
1.76684706477839e-08,0.0745030649061491
1.76684706477839e-08,0.0745030649061491
1.76684706477839e-08,0.0745030649061491
1.76684706477839e-08,0.0744086497344687
1.76684706477839e-08,0.0744069535909034
1.76684706477839e-08,0.0744069535909034
1.76684706477839e-08,0.0744042533289276
1.76684706477839e-08,0.0741028740392041
1.76684706477839e-08,0.0741028740392041
1.41347765182271e-08,0.0741001819579585
1.41347765182271e-08,0.0738004290739498
1.41347765182271e-08,0.0738004290739498
1.41347765182271e-08,0.0737959077183286
1.41347765182271e-08,0.0737904114728031
1.41347765182271e-08,0.0737858067367062
1.41347765182271e-08,0.0737858067367062
1.41347765182271e-08,0.0737780299706039
1.41347765182271e-08,0.0732137976173468
1.41347765182271e-08,0.0732062296780823
1.41347765182271e-08,0.0732062296780823
1.41347765182271e-08,0.0731944537188058
1.41347765182271e-08,0.0731944537188058
1.41347765182271e-08,0.0731944537188058
1.41347765182271e-08,0.0731944537188058
1.41347765182271e-08,0.0731502137763169
1.41347765182271e-08,0.0731502137763169
1.41347765182271e-08,0.0731502137763169
1.41347765182271e-08,0.073146112900146
1.41347765182271e-08,0.0731459570297274
1.41347765182271e-08,0.0731459570297274
1.41347765182271e-08,0.0724294263976788
1.41347765182271e-08,0.0724197800080414
1.41347765182271e-08,0.0724018771425536
1.41347765182271e-08,0.0724018771425536
1.41347765182271e-08,0.0724018771425536
1.41347765182271e-08,0.0724018771425536
1.41347765182271e-08,0.0724018771425536
1.41347765182271e-08,0.0724018771425536
1.41347765182271e-08,0.0724018771425536
1.41347765182271e-08,0.0724018771425536
1.41347765182271e-08,0.0724018771425536
1.41347765182271e-08,0.0723937295951256
1.41347765182271e-08,0.0723933807980798
1.41347765182271e-08,0.0723933807980798
1.41347765182271e-08,0.0723879851138923
1.41347765182271e-08,0.0721772211399418
1.41347765182271e-08,0.0721772211399418
1.13078212145817e-08,0.0719718027822631
1.13078212145817e-08,0.0719640988035283
1.13078212145817e-08,0.0719640988035283
1.13078212145817e-08,0.0719606654474456
1.13078212145817e-08,0.0719606654474456
1.13078212145817e-08,0.0716771992131208
1.13078212145817e-08,0.0713481873166494
1.13078212145817e-08,0.0713481873166494
1.13078212145817e-08,0.0713481873166494
1.13078212145817e-08,0.0707291929281773
1.13078212145817e-08,0.0707073762862122
1.13078212145817e-08,0.0707019171746964
1.13078212145817e-08,0.0707019171746964
1.13078212145817e-08,0.0707019171746964
1.13078212145817e-08,0.0707019171746964
1.13078212145817e-08,0.0707019171746964
1.13078212145817e-08,0.0706998113598231
1.13078212145817e-08,0.0703208423622405
1.13078212145817e-08,0.0703208423622405
1.13078212145817e-08,0.0703083120001927
1.13078212145817e-08,0.0698278616724625
1.13078212145817e-08,0.0698278616724625
1.13078212145817e-08,0.0698278616724625
1.13078212145817e-08,0.0698278616724625
1.13078212145817e-08,0.069564647330698
1.13078212145817e-08,0.0689830412275356
1.13078212145817e-08,0.0686573939812023
1.13078212145817e-08,0.0686573939812023
1.13078212145817e-08,0.0686567602311517
1.13078212145817e-08,0.0686567602311517
1.13078212145817e-08,0.0686567602311517
1.13078212145817e-08,0.0686567602311517
1.13078212145817e-08,0.0685303721840544
1.13078212145817e-08,0.0682060225286437
1.13078212145817e-08,0.0682060225286437
1.13078212145817e-08,0.0682060225286437
1.13078212145817e-08,0.0682045380855432
1.13078212145817e-08,0.0682045380855432
9.04625697166537e-09,0.0682044286608548
9.04625697166537e-09,0.067662750027833
9.04625697166537e-09,0.067662750027833
9.04625697166537e-09,0.067662750027833
9.04625697166537e-09,0.067662750027833
9.04625697166537e-09,0.0671676832230307
9.04625697166537e-09,0.0671579217210826
9.04625697166537e-09,0.0670762520733477
9.04625697166537e-09,0.0670762520733477
9.04625697166537e-09,0.0670634403898917
9.04625697166537e-09,0.0670634403898917
9.04625697166537e-09,0.0670532193983334
9.04625697166537e-09,0.0664351684489183
9.04625697166537e-09,0.0664351684489183
9.04625697166537e-09,0.0664351684489183
9.04625697166537e-09,0.0664335302077294
9.04625697166537e-09,0.0664335302077294
9.04625697166537e-09,0.0664213342218936
9.04625697166537e-09,0.0664213342218936
9.04625697166537e-09,0.0664213342218936
9.04625697166537e-09,0.0664213342218936
9.04625697166537e-09,0.0662737774112905
9.04625697166537e-09,0.0662737774112905
9.04625697166537e-09,0.0661850533957146
9.04625697166537e-09,0.0661850533957146
9.04625697166537e-09,0.0661846956082991
9.04625697166537e-09,0.0660357821163172
9.04625697166537e-09,0.0660357821163172
9.04625697166537e-09,0.0660357821163172
9.04625697166537e-09,0.0660357821163172
9.04625697166537e-09,0.0660322021991087
9.04625697166537e-09,0.0660322021991087
9.04625697166537e-09,0.0657878755361728
9.04625697166537e-09,0.0657878755361728
9.04625697166537e-09,0.0657850894919053
9.04625697166537e-09,0.0657850894919053
9.04625697166537e-09,0.0657828203642307
9.04625697166537e-09,0.0657828203642307
9.04625697166537e-09,0.0657668220203373
9.04625697166537e-09,0.0657668220203373
9.04625697166537e-09,0.0657668220203373
9.04625697166537e-09,0.0657668220203373
