"group_id","rank","c0.25-m0","c0-m1","c0.25-m1","additive","excess"
"POLA1",1,-0.1315,0.06845,-0.744,-0.06305,-0.68095
"CLSPN",2,0.08395,0.14055,-0.6825,0.2245,-0.907
"ABCG2",3,-0.6685,-0.0665,-0.56,-0.735,0.175
"PPP2R2A",4,-0.1895,0.1455,-0.717,-0.044,-0.673
"PKMYT1",5,-0.3215,0.13,-0.821,-0.1915,-0.6295
"POLE2",6,-0.049999902,0.094,-0.5425,0.044000098,-0.586500098
"APEX2",7,0.3335,0.0511,0.029,0.3846,-0.3556
"MAP2K1",8,-0.138,-0.14295,-0.747,-0.28095,-0.46605
"RFC4",9,-0.17475,-0.0224,-0.6655,-0.19715,-0.46835
"MAPK1",10,-0.1925,-0.1515,-0.4495,-0.344,-0.1055
"CHEK1",11,-0.2195,0.1615,-0.5075,-0.058,-0.4495
"EXO1",12,-0.0396,0.0326,-0.14,-0.00700000000000001,-0.133
"PRIM2",13,-0.09375,0.2735,-0.636,0.17975,-0.81575
"BRCA1",14,-0.06035,0.223,-0.507,0.16265,-0.66965
"JUN",15,0.025,-0.158,-0.348,-0.133,-0.215
"WEE1",16,-0.342,0.0807,-0.846,-0.2613,-0.5847
"SPTSSA",17,-0.313,-0.346,-0.3555,-0.659,0.3035
"ZFP36L1",18,-0.0315,-0.133,-0.5485,-0.1645,-0.384
"BARD1",19,-0.2395,0.2,-0.3575,-0.0395,-0.318
"PAGR1",20,-0.00695,-0.0166,-0.3335,-0.02355,-0.30995
"TGFBR1",21,0.04025,-0.3035,-0.1545,-0.26325,0.10875
"BRCA2",22,-0.0415,-0.223,-0.352,-0.2645,-0.0875
"CSNK2A1",23,-0.00132,0.0351,-0.262,0.03378,-0.29578
"RFC3",24,-0.0308,0.1465,-0.248,0.1157,-0.3637
"RNASEH2A",25,-0.1775,-0.1647,-0.3925,-0.3422,-0.0503
"ORC3",26,-0.1317,0.0056,-0.4015,-0.1261,-0.2754
"ATM",27,-0.18205,0.04678,-0.1237,-0.13527,0.01157
"JDP2",28,-0.12495,0.1365,0.1425,0.01155,0.13095
"AGO2",29,-0.17,-0.2855,-0.4885,-0.4555,-0.033
"UBE2T",30,-0.1061,-0.09065,-0.1035,-0.19675,0.09325
"ARAF",31,-0.166,-0.0197,-0.16755,-0.1857,0.01815
"PPIH",32,-0.0372,0.0758,-0.2195,0.0386,-0.2581
"TRAF2",33,-0.001,0.242,-0.409,0.241,-0.65
"CDT1",34,-0.08845,-0.191,-0.5475,-0.27945,-0.26805
"YWHAE",35,-0.0881,-0.0377,-0.211,-0.1258,-0.0852
"CARHSP1",36,-0.1105,-0.168,0.00435,-0.2785,0.28285
"ALKBH2",37,-0.0957,-0.045795,-0.17,-0.141495,-0.028505
"PXN",38,-0.26525,-0.06295,-0.3785,-0.3282,-0.0503
"APC2",39,-0.16875,-0.282,-0.2265,-0.45075,0.22425
"HSD17B12",40,-0.01804,-0.059795,-0.4215,-0.077835,-0.343665
"CDK5",41,-0.1755,-0.3935,-0.6445,-0.569,-0.0755
"SMARCE1",42,-0.229,0.014,-0.30795,-0.215,-0.09295
"TIPIN",43,-0.1196,0.06283,-0.384,-0.05677,-0.32723
"LCMT1",44,-0.2025,0.1879,-0.5135,-0.0146,-0.4989
"MKNK1",45,-0.00275,0.172,-0.1526,0.16925,-0.32185
"GYS1",46,-0.02125,0.04015,-0.2782,0.0189,-0.2971
"YWHAH",47,-0.178,-0.248,-0.4675,-0.426,-0.0415
"HLA-F",48,-0.208,-0.233,-0.3365,-0.441,0.1045
"PPP1R12A",49,-0.1515,-0.199,-0.1938,-0.3505,0.1567
"RBSN",50,-0.0572,-0.06745,-0.382,-0.12465,-0.25735
"KIR3DL1",51,-0.14,-0.136,-0.613,-0.276,-0.337
"JUNB",52,0.0516,0.0491,-0.3565,0.1007,-0.4572
"FBXW11",53,-0.4575,-0.204,-0.514,-0.6615,0.1475
"MAD2L2",54,-0.249,-0.04625,-0.4405,-0.29525,-0.14525
"RPS24",55,0.03751,0.2675,-0.338,0.30501,-0.64301
"KRT18",56,0.0431,0.21,-0.15905,0.2531,-0.41215
"PRKAG1",57,-0.1325,-0.1181,-0.265,-0.2506,-0.0144
"CHMP7",58,-0.1113,0.1967,-0.125005,0.0854,-0.210405
"SUMO2",59,-0.01,-0.099575,-0.2125,-0.109575,-0.102925
"POLE4",60,0.0221,0.10775,-0.33289,0.12985,-0.46274
"HLA-B",61,0.1345,-0.00765,0.04485,0.12685,-0.082
"POLA2",62,-0.1196,0.211,-0.3,0.0914,-0.3914
"FANCM",63,0.0495,0.018365,-0.281,0.067865,-0.348865
"MAPK3",64,-0.0974,-0.054,-0.355,-0.1514,-0.2036
"MCL1",65,-0.23,-0.1975,-0.2745,-0.4275,0.153
"AXIN1",66,-0.0495,-0.2865,-0.2435,-0.336,0.0925
"GMNN",67,-0.1525,-0.0742,-0.35,-0.2267,-0.1233
"INTS10",68,0.14305,0.3,-0.12921,0.44305,-0.57226
"SENP1",69,-0.1785,0.052,-0.3185,-0.1265,-0.192
"PIAS1",70,-0.2045,-0.10425,-0.305,-0.30875,0.00374999999999998
"VAV2",71,-0.149,0.08875,-0.3785,-0.06025,-0.31825
"HUS1",72,-0.2275,-0.0917,-0.0048,-0.3192,0.3144
"SHPRH",73,0.08285,-0.28,-0.2655,-0.19715,-0.06835
"IFNB1",74,-0.09685,-0.031365,-0.236,-0.128215,-0.107785
"GDNF",75,-0.344,-0.2125,-0.456,-0.5565,0.1005
"ORC4",76,-0.08545,-0.2145,-0.28,-0.29995,0.01995
"POLD3",77,-0.18,-0.068615,-0.39,-0.248615,-0.141385
"POLD2",78,-0.1835,0.0235,-0.358,-0.16,-0.198
"PPP1CC",79,0.112,0.11355,0.188,0.22555,-0.03755
"RAD51",80,-0.0533,-0.2965,-0.3215,-0.3498,0.0283
"HTT",81,0.0041125,-0.0691,0.161,-0.0649875,0.2259875
"CUL1",82,-0.1355,0.1033,-0.1735,-0.0322,-0.1413
"DEFA5",83,-0.036965,-0.02393,-0.2071,-0.060895,-0.146205
"BMPR1A",84,-0.0598,-0.0592,-0.18595,-0.119,-0.06695
"SOX2",85,-0.0535,-0.13175,-0.297,-0.18525,-0.11175
"FOXA2",86,0.0564,-0.04735,-0.4155,0.00905,-0.42455
"MAP3K2",87,0.09955,0.09825,-0.1266,0.1978,-0.3244
"INTS12",88,0.119,-0.0855,-0.209,0.0335,-0.2425
"AURKB",89,0.0677,0.0748,-0.1667,0.1425,-0.3092
"CREBBP",90,-0.063,0.03375,-0.312,-0.02925,-0.28275
"CSNK1E",91,-0.0926,0.0539,0.1119,-0.0387,0.1506
"PTPA",92,0.090500158,0.011975,0.11185,0.102475158,0.00937484200000001
"MCM5",93,-0.1975,0.06895,-0.14325,-0.12855,-0.0147
"nc_chr7_8",94,-0.335,-0.138,-0.763,-0.473,-0.29
"RPL6",95,0.04155,0.1775,-0.261,0.21905,-0.48005
"SOCS3",96,0.03725,0.265,0.11615,0.30225,-0.1861
"EIF4EBP1",97,-0.13045,-0.05475,-0.2755,-0.1852,-0.0903
"NELFCD",98,0.01665,0.0643,-0.0727,0.08095,-0.15365
"RFC2",99,-0.20155,0.034855,-0.2845,-0.166695,-0.117805
"PDGFRA",100,0.09515,0.09735,-0.2355,0.1925,-0.428
"PPP2R5B",101,0.00815,-0.009895,-0.2195,-0.001745,-0.217755
"ARHGAP35",102,-0.13925,-0.0772,-0.2475,-0.21645,-0.03105
"BRAF",103,0.0147,0.137,-0.5825,0.1517,-0.7342
"NUP98",104,0.2995,0.272,-0.4065,0.5715,-0.978
"SMAD6",105,-0.1129,-0.09405,-0.3445,-0.20695,-0.13755
"CTNNA1",106,-0.06195,-0.2245,-0.1432,-0.28645,0.14325
"ARNTL",107,0.0484,-0.2805,-0.009575,-0.2321,0.222525
"ARHGEF7",108,0.0622,0.125,0.1207,0.1872,-0.0665
"NUMB",109,-0.374,-0.1642,-0.1165,-0.5382,0.4217
"BMF",110,-0.2205,-0.0767,-0.1859,-0.2972,0.1113
"TSC1",111,0.0671,-0.1459,-0.3895,-0.0788,-0.3107
"NUP93",112,0.133,0.287,-0.3995,0.42,-0.8195
"TUBA4A",113,0.005045,0.096445,-0.08305,0.10149,-0.18454
"MED1",114,-0.1915,0.0919,-0.455,-0.0996,-0.3554
"PMS2",115,-0.06695,-0.133,-0.0865,-0.19995,0.11345
"FADD",116,-0.059,0.1409,-0.1428,0.0819,-0.2247
"CDH1",117,-0.06025,0.0684,-0.073455,0.00815,-0.081605
"KLK11",118,-0.2265,-0.186,-0.20865,-0.4125,0.20385
"ABHD11",119,0.03425,-0.1549,-0.307,-0.12065,-0.18635
"CRKL",120,-0.0705,-0.07,-0.11705,-0.1405,0.02345
"SOX17",121,0.04305,-0.14445,-0.1725,-0.1014,-0.0711
"PTPN1",122,-0.0185,-0.11185,-0.0986,-0.13035,0.03175
"WDR48",123,-0.01,-0.042985,-0.3865,-0.052985,-0.333515
"UHRF1",124,-0.167,-0.1305,-0.154,-0.2975,0.1435
"TRIB3",125,0.002,-0.178,-0.289,-0.176,-0.113
"NCOR1",126,-0.1024,-0.137,-0.2083,-0.2394,0.0311
"MAP3K14",127,0.1024,-0.0536,-0.181,0.0488,-0.2298
"ITGB4",128,0.03055,-0.04925,0.00865,-0.0187,0.02735
"NR2C2AP",129,-0.315,0.000551,-0.187,-0.314449,0.127449
"nc_chr7_4",130,-0.137,-0.106,-0.571,-0.243,-0.328
"ABI1",131,-0.0678,0.264,-0.2242,0.1962,-0.4204
"CCT2",132,-0.2925,-0.0485,-0.2655,-0.341,0.0755
"ORC2",133,0.0883,-0.0952,-0.244,-0.0069,-0.2371
"MST1R",134,-0.0592,-0.176,-0.2355,-0.2352,-0.000299999999999995
"SALL4",135,-0.14155,-0.11705,-0.18561,-0.2586,0.07299
"nc_chr14_2",136,-0.442,-0.217,-0.354,-0.659,0.305
"FZD6",137,-0.02465,-0.12525,-0.163,-0.1499,-0.0131
"POLE3",138,-0.1297,-0.0637,0.00385,-0.1934,0.19725
"DNA2",139,-0.07405,0.0607,-0.169,-0.01335,-0.15565
"MIS12",140,-0.06555,0.1135,-0.19045,0.04795,-0.2384
"DNMT1",141,-0.0172,0.104,0.189,0.0868,0.1022
"CSNK1A1",142,-0.002709669,0.0162,-0.3185,0.013490331,-0.331990331
"NR1D1",143,-0.07897,-0.010675,-0.3705,-0.089645,-0.280855
"POLB",144,0.0065,0.09995,-0.0987,0.10645,-0.20515
"PRKCZ",145,-0.1645,-0.07445,-0.1176,-0.23895,0.12135
"nc_chr2_9",146,-0.183,-0.0727,-0.554,-0.2557,-0.2983
"HMGN1",147,-0.10845,-0.0541,-0.3125,-0.16255,-0.14995
"TBC1D4",148,-0.1017,-0.0337,-0.2285,-0.1354,-0.0931
"WWC1",149,-0.01491,0.0126,-0.263,-0.00231,-0.26069
"FOSL1",150,0.13,-0.0524,-0.177,0.0776,-0.2546
"SFPQ",151,0.0921,0.18,-0.12875,0.2721,-0.40085
"KCNK3",152,-0.21585,-0.13745,-0.143,-0.3533,0.2103
"ARFIP2",153,-0.03635,-0.13875,-0.0986,-0.1751,0.0765
"RAD21",154,-0.1497,-0.0258,-0.24325,-0.1755,-0.06775
"BTK",155,0.1455,-0.00945,-0.372,0.13605,-0.50805
"TAF6L",156,-0.1525,0.056915,-0.10585,-0.095585,-0.010265
"CDKN1C",157,-0.2105,-0.2465,-0.287,-0.457,0.17
"IL20RB",158,-0.3995,-0.07345,-0.121325,-0.47295,0.351625
"SNCA",159,-0.26925,-0.3255,-0.3345,-0.59475,0.26025
"MAD2L1",160,-0.04885,0.204,-0.3495,0.15515,-0.50465
"SP1",161,-0.1299,-0.07105,-0.2135,-0.20095,-0.01255
"ARHGEF1",162,-0.1995,0.040045,-0.07058,-0.159455,0.088875
"CHTF18",163,-0.0215,0.1024,-0.2655,0.0809,-0.3464
"nc_chr11_1",164,-0.155,0.0561,-0.496,-0.0989,-0.3971
"DUSP7",165,0.2115,-0.01085,-0.296999907,0.20065,-0.497649907
"PHB2",166,-0.1133,0.037005,-0.2355,-0.076295,-0.159205
"PALLD",167,0.0305,-0.08765,-0.2196,-0.05715,-0.16245
"NEK2",168,0.226,0.113,-0.15855,0.339,-0.49755
"PSEN2",169,-0.18285,-0.0825,-0.09195,-0.26535,0.1734
"NCOA4",170,-0.0458,-0.056145,-0.312,-0.101945,-0.210055
"CSF1R",171,-0.1246,-0.10575,0.01145,-0.23035,0.2418
"VRK1",172,-0.02227,0.12935,-0.336,0.10708,-0.44308
"MAP3K4",173,-0.2365,-0.1886,-0.278,-0.4251,0.1471
"GTF2H5",174,-0.1185,0.0332,-0.2639,-0.0853,-0.1786
"nc_chr4_9",175,-0.22,-0.232,-0.319,-0.452,0.133
"IL21R",176,-0.338,-0.288,-0.1408,-0.626,0.4852
"BRAT1",177,0.1064,-0.0498,-0.023335,0.0566,-0.079935
"AKT3",178,-0.3465,-0.2725,-0.13955,-0.619,0.47945
"DDB1",179,0.03275,0.05601,-0.5025,0.08876,-0.59126
"YWHAZ",180,-0.0105,0.10955,-0.259,0.09905,-0.35805
"HDAC4",181,-0.0491,-0.021735,-0.202,-0.070835,-0.131165
"PPP2R1A",182,-0.13545,0.0539,-0.1189,-0.08155,-0.03735
"ENO1",183,0.0256,0.1155,-0.295,0.1411,-0.4361
"LATS2",184,-0.0964,0.01925,-0.08725,-0.07715,-0.0101
"INSR",185,-0.1245,0.07123,-0.14155,-0.05327,-0.08828
"nc_chr3_1",186,-0.182,-0.17,-0.227,-0.352,0.125
"SFN",187,0.05035,-0.08715,0.0814,-0.0368,0.1182
"STAG2",188,-0.0909,-0.05485,-0.15745,-0.14575,-0.0117
"GPHN",189,-0.116335,0.01334,-0.00935,-0.102995,0.093645
"COPZ1",190,-0.1755,0.09942,-0.3355,-0.07608,-0.25942
"ZNF217",191,-0.036875,-0.12335,-0.23568,-0.160225,-0.075455
"KHSRP",192,0.0069,0.235,-0.1145,0.2419,-0.3564
"CCNB2",193,-0.0413,-0.1325,-0.2655,-0.1738,-0.0917
"MAFB",194,-0.05675,-0.081,0.03955,-0.13775,0.1773
"POLR2F",195,0.0919,0.062,-0.5695,0.1539,-0.7234
"RUNX2",196,0.01875,-0.328,-0.0591,-0.30925,0.25015
"CRTC2",197,-0.152,-0.038,-0.16495,-0.19,0.02505
"IL10RA",198,-0.071075,-0.1237,-0.0375,-0.194775,0.157275
"KMT2D",199,-0.02505,-0.1975,-0.247,-0.22255,-0.02445
"MITF",200,-0.005,0.07995,-0.286,0.07495,-0.36095
"IRS2",201,-0.029335,-0.139,-0.2705,-0.168335,-0.102165
"RMI1",202,-0.1555,-0.0369,-0.3175,-0.1924,-0.1251
"PPM1A",203,-0.0748,0.0634,-0.1745,-0.0114,-0.1631
"CSNK2A2",204,-0.159897,-0.01294,-0.11315,-0.172837,0.059687
"MKNK2",205,-0.00121,-0.143,-0.2115,-0.14421,-0.06729
"DDIT3",206,-0.0886,0.0513,-0.1279,-0.0373,-0.0906
"ACVR1",207,-0.111,-0.165,0.116,-0.276,0.392
"RARA",208,-0.11725,-0.0842,-0.1975,-0.20145,0.00394999999999998
"HIF1A",209,0.0553,0.1003,0.326,0.1556,0.1704
"SET",210,-0.0884,-0.1255,0.11095,-0.2139,0.32485
"AREG",211,0.01,-0.06165,0.2215,-0.05165,0.27315
"WDR73",212,0.181,-0.08265,-0.1645,0.09835,-0.26285
"PPP1CA",213,0.212,0.04295,-0.04875,0.25495,-0.3037
"nc_chr17_10",214,-0.972,-1.15,-1.78,-2.122,0.342
"GATA1",215,-0.193,-0.13445,-0.1745,-0.32745,0.15295
"nc_chr19_8",216,-0.0515,-0.361,-0.437,-0.4125,-0.0245
"ERBB4",217,-0.1955,-0.0882,-0.2135,-0.2837,0.0702
"RAF1",218,0.17,-0.00339,0.148,0.16661,-0.01861
"PER3",219,0.1031,0.07375,-0.11,0.17685,-0.28685
"DVL1",220,-0.104925,-0.1317,-0.2155,-0.236625,0.021125
"IL15RA",221,-0.136,-0.0375,-0.316,-0.1735,-0.1425
"XAB2",222,0.0284,-0.0188,-0.0871,0.0096,-0.0967
"CAPN1",223,-0.09435,-0.2065,0.10165,-0.30085,0.4025
"DNM2",224,-0.1032,0.10125,0.000555345,-0.00194999999999999,0.00250534499999999
"CBY1",225,0.0041,0.00449999999999999,0.005035,0.00859999999999999,-0.00356499999999999
"nc_chr20_6",226,-0.495,-0.0802,-0.52,-0.5752,0.0551999999999999
"nc_chr20_4",227,-0.32,-0.383,-0.559,-0.703,0.144
"nc_chr4_3",228,-0.304,-0.0598,-0.343,-0.3638,0.0208
"SHC1",229,-0.0829,-0.177,-0.06623,-0.2599,0.19367
"E2F5",230,-0.1481,0.0551,-0.1684,-0.093,-0.0754
"PHLPP2",231,-0.418,-0.1165,0.191,-0.5345,0.7255
"PIK3R3",232,-0.03515,-0.1415,-0.1185,-0.17665,0.05815
"nc_chr4_11",233,-0.184,-0.207,-0.702,-0.391,-0.311
"SNAI2",234,-0.04785,0.0897,-0.1755,0.04185,-0.21735
"nc_chr10_5",235,-0.152,-0.21,-0.209,-0.362,0.153
"CARD11",236,0.1635,-0.1725,-0.059175,-0.00899999999999998,-0.050175
"nc_chr13_3",237,-0.192,-0.167,-0.288,-0.359,0.071
"DUSP9",238,-0.171,-0.2255,-0.5025,-0.3965,-0.106
"nc_chr19_11",239,-0.347,-0.393,-0.622,-0.74,0.118
"GINS1",240,0.02575,0.07055,-0.17861,0.0963,-0.27491
"MAPK8",241,0.0419,-0.1795,0.0411,-0.1376,0.1787
"PFAS",242,-0.1915,-0.00355,-0.4095,-0.19505,-0.21445
"FRAT1",243,0.08955,-0.118,-0.0318,-0.02845,-0.00335000000000001
"nc_chr9_10",244,-0.00631,-0.0536,-0.277,-0.05991,-0.21709
"nc_chr11_6",245,-0.138,0.0236,-0.2,-0.1144,-0.0856
"TUBE1",246,-0.0473,0.1255,-0.206,0.0782,-0.2842
"PER2",247,-0.0451,-0.00525,0.0018,-0.05035,0.05215
"AGAP2",248,-0.0496,0.05605,0.0458,0.00645,0.03935
"TSC2",249,-0.058955,-0.14635,0.1143,-0.205305,0.319605
"ORC6",250,-0.155,-0.0536,-0.29995,-0.2086,-0.09135
"AMER1",251,0.08924,-0.2075,0.05285,-0.11826,0.17111
"FAM175A",252,-0.218,-0.01545,-0.0073,-0.23345,0.22615
"RAC3",253,0.016035,-0.2465,0.1627,-0.230465,0.393165
"GRB2",254,-0.08255,-0.1017,0.07015,-0.18425,0.2544
"RPL35A",255,0.08685,0.03685,0.1498,0.1237,0.0261
"HIST1H3A",256,-0.03022,-0.0591,-0.01735,-0.08932,0.07197
"EAF1",257,-0.0168,-0.05898,-0.2145,-0.07578,-0.13872
"nc_chr9_9",258,-0.331,-0.356,-0.305,-0.687,0.382
"SNAP23",259,-0.171,0.0105,-0.10465,-0.1605,0.05585
"RAD50",260,-0.02135,0.03145,0.16061,0.0101,0.15051
"PIK3CB",261,0.09395,-0.011315,0.15615,0.082635,0.073515
"ATG13",262,0.09535,0.0277,0.2135,0.12305,0.09045
"MAPK8IP3",263,-0.0879,-0.0957,-0.04795,-0.1836,0.13565
"FOS",264,-0.11985,-0.21,-0.154,-0.32985,0.17585
"nc_chr21_9",265,-0.165,-0.355,-0.416,-0.52,0.104
"NCL",266,0.0341,0.213,-0.2945,0.2471,-0.5416
"STK4",267,-0.039,0.0556,-0.056,0.0166,-0.0726
"GRK2",268,-0.022,0.08015,-0.009955,0.05815,-0.068105
"MAD1L1",269,-0.378,-0.138,-0.517,-0.516,-0.001
"DAB2IP",270,0.14075,0.0886,0.051,0.22935,-0.17835
"nc_chr21_8",271,-0.081,-0.00547,-0.542,-0.08647,-0.45553
"RAB7A",272,0.09695,0.03975,-0.117575,0.1367,-0.254275
"MSTO1",273,0.0548,-0.03805,-0.03975,0.01675,-0.0565
"RHOA",274,0.0625,0.00225,0.06785,0.06475,0.00309999999999999
"DUSP8",275,0.0928,-0.04385,-0.1836595,0.04895,-0.2326095
"NDRG1",276,-0.02875,-0.1695,-0.041,-0.19825,0.15725
"BIRC6",277,-0.212,-0.1725,-0.097,-0.3845,0.2875
"SLC25A28",278,-0.2165,0.001215,-0.097,-0.215285,0.118285
"STAG3",279,-0.2925,-0.289,0.0566,-0.5815,0.6381
"LRRK2",280,-0.2005,-0.15425,-0.1135,-0.35475,0.24125
"ANAPC7",281,-0.2075,-0.2125,-0.1995,-0.42,0.2205
"GLI1",282,-0.1092,0.0135,-0.2295,-0.0957,-0.1338
"HOXB6",283,0.0382,-0.141,-0.173,-0.1028,-0.0702
"BMP2",284,-0.16545,-0.031,-0.0649,-0.19645,0.13155
"nc_chr14_8",285,-0.0997,-0.162,-0.305,-0.2617,-0.0433
"MAP4K1",286,0.0899,0.0306,-0.08005,0.1205,-0.20055
"AHCYL1",287,0.118,0.02305,-0.3845,0.14105,-0.52555
"FHIT",288,0.07655,0.020455,0.10337,0.097005,0.006365
"DNMT3A",289,-0.249,-0.040575,0.03395,-0.289575,0.323525
"MGMT",290,-0.1589,-0.10315,-0.03755,-0.26205,0.2245
"ARRB2",291,0.1955,0.012,-0.0515,0.2075,-0.259
"PRKD1",292,-0.09795,-0.07005,-0.115,-0.168,0.053
"nc_chr2_8",293,-0.125,-0.473,-0.312,-0.598,0.286
"nc_chr18_10",294,-0.0619,-0.155,-0.408,-0.2169,-0.1911
"CDR2",295,-0.07045,-0.1345,-0.2266,-0.20495,-0.02165
"HELQ",296,0.0055,-0.12705,-0.10515,-0.12155,0.0164
"ZMYND8",297,-0.2095,-0.0951,-0.134,-0.3046,0.1706
"ESR1",298,-0.0371,-0.0123,-0.158,-0.0494,-0.1086
"C16orf59",299,-0.0315,0.1755,-0.274,0.144,-0.418
"nc_chr3_6",300,-0.299,-0.223,-0.344,-0.522,0.178
"nc_chr5_3",301,-0.0506,-0.0227,-0.214,-0.0733,-0.1407
"KRAS",302,0.1162,0.365,0.149,0.4812,-0.3322
"nc_chr10_6",303,0.134,-0.00172,-0.126,0.13228,-0.25828
"TEC",304,-0.04535,-0.0787,0.0155,-0.12405,0.13955
"NOS3",305,-0.15115,-0.1315,-0.10645,-0.28265,0.1762
"NKX3-1",306,-0.04175,0.235,-0.0512,0.19325,-0.24445
"RICTOR",307,0.267,0.02008,0.04835,0.28708,-0.23873
"PLN",308,-0.1125,-0.017975,0.1092,-0.130475,0.239675
"nc_chr5_11",309,-0.014,-0.0164,-0.168,-0.0304,-0.1376
"PRKAB2",310,-0.033,-0.0295,-0.204,-0.0625,-0.1415
"CENPP",311,0.01585,-0.0307,-0.2095,-0.01485,-0.19465
"DMD",312,-0.0051,-0.06787,-0.1645,-0.07297,-0.09153
"FBXO4",313,-0.125,-0.0073,-0.05315,-0.1323,0.07915
"UBE2N",314,0.046025,0.0272,0.2235,0.073225,0.150275
"EEFSEC",315,0.1305,0.07355,0.1365,0.20405,-0.06755
"ERRFI1",316,0.0371,-0.0287,0.0681,0.0084,0.0597
"nc_chr4_5",317,0.0981,-0.158,-0.272,-0.0599,-0.2121
"ABL2",318,-0.0425,0.0368,0.14175,-0.0057,0.14745
"CDH11",319,-0.1125,-0.309,-0.4015,-0.4215,0.02
"WWTR1",320,0.026,-0.1325,-0.286,-0.1065,-0.1795
"FERMT2",321,0.13705,0.1815,0.281,0.31855,-0.03755
"TTK",322,-0.0395,0.201,-0.3565,0.1615,-0.518
"MUL1",323,0.01375,-0.05481,-0.0607,-0.04106,-0.01964
"RBM38",324,0.0136,-0.13779,-0.17,-0.12419,-0.04581
"MEF2A",325,-0.13315,0.275,-0.262,0.14185,-0.40385
"PDCD6IP",326,0.162,0.08065,-0.18925,0.24265,-0.4319
"ELMO2",327,0.0193,0.123,0.04735,0.1423,-0.09495
"PTPN11",328,0.195,-0.065,0.11405,0.13,-0.01595
"ID1",329,-0.213,0.05235,0.21955,-0.16065,0.3802
"STAM",330,0.0674,0.09635,0.0109,0.16375,-0.15285
"nc_chr14_6",331,-0.28,-0.314,-0.256,-0.594,0.338
"HBA1",332,0.0127,0.00765,0.05755,0.02035,0.0372
"PKN2",333,0.09705,-0.03,-0.0525,0.06705,-0.11955
"TNFRSF17",334,0.0763,-0.02635,-0.1915,0.04995,-0.24145
"nc_chr19_6",335,-0.438,-0.237,-0.528,-0.675,0.147
"ADSS",336,-0.2025,0.1128,-0.2725,-0.0897,-0.1828
"TP53RK",337,-0.3235,0.0388,0.003,-0.2847,0.2877
"TCF7L1",338,0.00205,0.06045,-0.01015,0.0625,-0.07265
"CDCA8",339,-0.21645,0.0317,-0.08205,-0.18475,0.1027
"MUTYH",340,0.0586,-0.002655,0.1595,0.055945,0.103555
"RPS7",341,-0.0131,0.2305,-0.115,0.2174,-0.3324
"SLC18A2",342,-0.019005,0.0679,0.2725,0.048895,0.223605
"PDK2",343,-0.2275,-0.2735,-0.1655,-0.501,0.3355
"CUL4B",344,-0.1245,-0.178,-0.03905,-0.3025,0.26345
"nc_chr5_5",345,-0.0557,-0.0406,-0.163,-0.0963,-0.0667
"FAAP100",346,-0.01765,-0.08435,-0.3645,-0.102,-0.2625
"IL10",347,-0.255,-0.2575,-0.1463,-0.5125,0.3662
"MAP2K6",348,0.0966,0.11215,-0.0175,0.20875,-0.22625
"MAP3K11",349,0.2005,0.0523,0.034,0.2528,-0.2188
"HIC1",350,-0.0214,-0.0745,0.05305,-0.0959,0.14895
"MFN2",351,-0.090295,0.224,-0.0305,0.133705,-0.164205
"SNCAIP",352,-0.05015,-0.08885,-0.0758,-0.139,0.0632
"RPA2",353,0.128,0.556,-0.426,0.684,-1.11
"MED10",354,-0.1735,0.1314,-0.194,-0.0421,-0.1519
"FAAP20",355,0.068,-0.22195,0.00950000000000001,-0.15395,0.16345
"nc_chr12_1",356,-0.0952,0.108,-0.335,0.0128,-0.3478
"CEBPB",357,-0.2285,0.020025,-0.127,-0.208475,0.081475
"POLR2A",358,0.06175,0.429,0.03985,0.49075,-0.4509
"TXNL4B",359,-0.0425,0.11305,0.235,0.07055,0.16445
"DES",360,-0.10305,0.2695,-0.064,0.16645,-0.23045
"nc_chr21_5",361,0.183,-0.0116,-0.293,0.1714,-0.4644
"TOP2A",362,-0.0492,-0.213,0.0355,-0.2622,0.2977
"CENPE",363,-0.02575,0.06375,-0.32015,0.038,-0.35815
"HMGN2",364,-0.189,0.0177,-0.35,-0.1713,-0.1787
"RFK",365,-0.10073,-0.004,-0.199,-0.10473,-0.09427
"IL7R",366,-0.0187,0.00655,-0.129,-0.01215,-0.11685
"DYNLL1",367,-0.1605,-0.05752,-0.1992,-0.21802,0.01882
"RPL36",368,0.0693,0.0705,-0.377,0.1398,-0.5168
"nc_chr6_7",369,-0.0599,-0.12,-0.125,-0.1799,0.0549
"USP1",370,-0.09785,-0.143,-0.10475,-0.24085,0.1361
"RALA",371,-0.177,-0.154,-0.0441,-0.331,0.2869
"nc_chr17_5",372,-0.0815,-0.129,-0.155,-0.2105,0.0555
"STK11",373,-0.31,-0.325,0.07,-0.635,0.705
"nc_chr4_1",374,-0.444,-0.339,-0.276,-0.783,0.507
"CYLD",375,-0.17815,-0.0019,-0.192,-0.18005,-0.01195
"STK39",376,-0.0195,-0.0176,-0.274,-0.0371,-0.2369
"NR4A1",377,0.13,0.0485,0.08745,0.1785,-0.09105
"nc_chr2_6",378,-0.0376,-0.148,-0.34,-0.1856,-0.1544
"PPP1R12B",379,-0.135,0.11665,-0.3215,-0.01835,-0.30315
"nc_chr2_1",380,0.0434,-0.0933,-0.159,-0.0499,-0.1091
"SEPHS2",381,0.1925,-0.0382,-0.21215,0.1543,-0.36645
"EPS15",382,0.192,0.0438,-0.06875,0.2358,-0.30455
"FASN",383,-0.0408,-0.0463,0.3275,-0.0871,0.4146
"BIRC5",384,-0.006965,-0.12465,-0.2205,-0.131615,-0.088885
"LIMK1",385,-0.18295,0.1635,-0.0115,-0.01945,0.00795
"PARP3",386,0.015025,0.1239,0.1043,0.138925,-0.034625
"NCK1",387,-0.1313,0.01104,-0.3295,-0.12026,-0.20924
"PCSK1N",388,0.04245,-0.0293,-0.2088,0.01315,-0.22195
"KLF5",389,-0.4015,-0.03515,0.2041,-0.43665,0.64075
"MASTL",390,-0.1955,-0.08595,-0.1862275,-0.28145,0.0952225
"RFC5",391,-0.1255,0.1056,-0.04905,-0.0199,-0.02915
"FZD9",392,-0.2625,0.16545,0.301,-0.09705,0.39805
"CCR2",393,-0.016849802,0.1895,-0.058595,0.172650198,-0.231245198
"ID2",394,-0.0029,-0.1975,-0.0115,-0.2004,0.1889
"DDB2",395,-0.061,-0.06895,-0.1118,-0.12995,0.01815
"ERCC2",396,-0.11665,-0.402,0.00830000000000179,-0.51865,0.526950000000002
"MYOD1",397,0.08645,0.08785,0.49,0.1743,0.3157
"EPM2A",398,-0.1053,-0.20455,0.07765,-0.30985,0.3875
"HBB",399,0.043,0.04925,-0.11795,0.09225,-0.2102
"PPP1R3A",400,-0.109,-0.0965,0.0502,-0.2055,0.2557
"MCM6",401,-0.04885,0.06675,-0.174,0.0179,-0.1919
"nc_chr13_11",402,-0.38,-0.184,-0.258,-0.564,0.306
"PPP2R5C",403,-0.00885,-0.04875,-0.003,-0.0576,0.0546
"ILF3",404,-0.12465,-0.0847,-0.1545,-0.20935,0.05485
"PIAS3",405,-0.21555,-0.271,-0.069415,-0.48655,0.417135
"nc_chr1_6",406,-0.0852,0.112,-0.269,0.0268,-0.2958
"FLT1",407,-0.031065,-0.1665,-0.1054,-0.197565,0.092165
"nc_chr9_3",408,0.0955,-0.023,-0.196,0.0725,-0.2685
"TTC3",409,-0.385,-0.2335,0.0565,-0.6185,0.675
"SRPK2",410,-0.13325,0.0316,-0.11675,-0.10165,-0.0151
"nc_chr2_7",411,0.0157,-0.0265,-0.307,-0.0108,-0.2962
"RCAN1",412,-0.129,-0.07475,-0.216,-0.20375,-0.01225
"CDK5R1",413,-0.199,-0.0538,-0.191,-0.2528,0.0618
"KNL1",414,-0.0382,-0.0779,-0.126,-0.1161,-0.00990000000000001
"SMAD5",415,0.1242,0.16415,-0.1175,0.28835,-0.40585
"IL1R1",416,-0.0552,-0.05,-0.135,-0.1052,-0.0298
"CFL2",417,-0.04674,-0.157,-0.136,-0.20374,0.06774
"GAK",418,-0.10535,-0.16205,-0.1408,-0.2674,0.1266
"NEB",419,-0.1045,-0.0615,-0.0482,-0.166,0.1178
"KLRG2",420,-0.13465,-0.2185,-0.1694,-0.35315,0.18375
"IL4R",421,-0.0438,0.042175,0.012,-0.001625,0.013625
"NDC1",422,0.07535,0.007355,0.1325,0.082705,0.049795
"HSP90AB1",423,-0.2725,-0.01384895,-0.2485,-0.28634895,0.03784895
"TCF7",424,0.0206,0.0932,-0.277,0.1138,-0.3908
"MAST2",425,-0.044515,-0.08445,0.238,-0.128965,0.366965
"ITGAV",426,0.221,0.0057,0.1015,0.2267,-0.1252
"IL6ST",427,0.00105,-0.08175,0.0071,-0.0807,0.0878
"nc_chr15_5",428,-0.111,-0.171,-0.161,-0.282,0.121
"NUP133",429,0.0595,0.219,-0.08165,0.2785,-0.36015
"nc_chr10_9",430,-0.0545,-0.0556,-0.0971,-0.1101,0.013
"TYK2",431,0.245,0.0035,0.6485,0.2485,0.4
"GRAP2",432,0.152,0.0351,-0.021,0.1871,-0.2081
"CIITA",433,-0.05765,-0.1405,-0.106,-0.19815,0.09215
"THEM4",434,-0.0265,0.0275,-0.1457,0.001,-0.1467
"JAK2",435,-0.0468,0.08405,-0.0661,0.03725,-0.10335
"PRKCA",436,-0.106,-0.08475,-0.03525,-0.19075,0.1555
"ERCC5",437,-0.0224,-0.12005,-0.275,-0.14245,-0.13255
"GPI",438,-0.029285,0.165,0.0851,0.135715,-0.050615
"PTPRF",439,-0.0401,-0.10395,-0.10655,-0.14405,0.0375
"SMUG1",440,0.0934,0.03605,-0.1119,0.12945,-0.24135
"nc_chrX_10",441,0.0344,0.101,-0.213,0.1354,-0.3484
"IKBKB",442,-0.0335,-0.3345,0.15745,-0.368,0.52545
"ILK",443,0.11045,-0.249,-0.11815,-0.13855,0.0204
"IRF3",444,0.06715,-0.0731,-0.2607,-0.00595,-0.25475
"NEIL2",445,-0.00355,-0.1575,-0.0753,-0.16105,0.08575
"NTRK1",446,0.02835,0.0134,-0.1928,0.04175,-0.23455
"UNC50",447,0.003,-0.10615,0.04395,-0.10315,0.1471
"PSMB3",448,-0.0674,-0.04345,-0.00895,-0.11085,0.1019
"ADAR",449,0.0755,0.189,-0.1358,0.2645,-0.4003
"TGFA",450,0.0983,-0.0244,-0.07275,0.0739,-0.14665
"RPL5",451,-0.234,0.1334,-0.00900000000000001,-0.1006,0.0916
"nc_chr18_7",452,0.32,0.216,-0.429,0.536,-0.965
"nc_chr8_1",453,-0.32,-0.126,-0.16,-0.446,0.286
"MYL12B",454,-0.07715,0.0461,-0.1265,-0.03105,-0.09545
"TAOK2",455,-0.2555,0.013,-0.15,-0.2425,0.0925
"MAP2K2",456,0.168,0.01905,-0.19725,0.18705,-0.3843
"RAD23B",457,0.00655,0.08605,-0.185,0.0926,-0.2776
"HSPA14",458,0.15,0.19,0.072001355,0.34,-0.267998645
"PTPRR",459,0.1615,0.1755,0.0164,0.337,-0.3206
"FLT3",460,-0.2125,-0.4285,-0.14467,-0.641,0.49633
"HBP1",461,0.03485,-0.2175,-0.1783,-0.18265,0.00435000000000002
"YAP1",462,0.0703,0.06805,0.0936,0.13835,-0.04475
"IKZF1",463,0.09985,0.01082,-0.11785,0.11067,-0.22852
"nc_chr7_5",464,0.0568,0.0161,-0.151,0.0729,-0.2239
"nc_chr1_7",465,-0.00679,0.136,-0.242,0.12921,-0.37121
"TUBA1C",466,0.0315,0.07375,0.0067,0.10525,-0.09855
"STAG1",467,0.07565,-0.01725,-0.0762,0.0584,-0.1346
"MED24",468,-0.08985,0.1606,-0.27,0.07075,-0.34075
"SKI",469,0.0129,-0.0278,-0.0434,-0.0149,-0.0285
"SH2B1",470,-0.1915,-0.078485,-0.044,-0.269985,0.225985
"MXD1",471,0.114,-0.01014913,0.1238,0.10385087,0.01994913
"FOXO1",472,0.0526,0.0311,0.2155,0.0837,0.1318
"CTNND1",473,0.0155,-0.07635,-0.0783,-0.06085,-0.01745
"nc_chrX_3",474,0.104,-0.0762,-0.124,0.0278,-0.1518
"PRKCD",475,-0.132,-0.037,-0.164,-0.169,0.005
"CRMP1",476,0.07994,0.0045,0.10255,0.08444,0.01811
"CDK3",477,-0.1511,-0.09015,-0.188,-0.24125,0.05325
"nc_chr11_2",478,0.101,0.0512,-0.111,0.1522,-0.2632
"WDR83",479,0.02555,0.1113,-0.0417,0.13685,-0.17855
"ACP1",480,-0.233,0.0848,-0.0729,-0.1482,0.0753
"SMAD4",481,0.02682,-0.1242,-0.0337,-0.09738,0.06368
"RPS8",482,0.2055,0.2755,0.15285,0.481,-0.32815
"BMP7",483,0.03395,0.05155,-0.0706,0.0855,-0.1561
"ADAM17",484,-0.0448,0.0604,-0.06325,0.0156,-0.07885
"ORC1",485,-0.052,0.0836,-0.2925,0.0316,-0.3241
"nc_chr8_10",486,0.176,-0.0995,-0.32,0.0765,-0.3965
"nc_chr17_9",487,-0.428,-0.194,-0.167,-0.622,0.455
"CD19",488,0.153,-0.05595,0.15125,0.09705,0.0542
"IER3",489,-0.032095,-0.07285,-0.07085,-0.104945,0.034095
"DKK1",490,0.00392,-0.1235,-0.1415,-0.11958,-0.02192
"ELK3",491,-0.0959,-0.0283,-0.0669,-0.1242,0.0573
"IFNGR1",492,-0.08581,-0.0253,0.018,-0.11111,0.12911
"NCF1",493,0.0903,-0.0887,0.0913,0.0016,0.0897
"STK3",494,0.187,0.321,0.02975,0.508,-0.47825
"MARK3",495,-0.1395,-0.04455,-0.06185,-0.18405,0.1222
"DPYSL3",496,0.0711,-0.0207,-0.0378,0.0504,-0.0882
"nc_chr1_3",497,-0.179,-0.0895,-0.0888,-0.2685,0.1797
"KAT2B",498,0.00265,-0.0115,-0.216,-0.00885,-0.20715
"ADRM1",499,-0.06075,-0.2805,-0.10035,-0.34125,0.2409
"SLX4",500,-0.2841,-0.1371,-0.13375,-0.4212,0.28745
"nc_chr20_7",501,-0.528,-1.01,-0.517,-1.538,1.021
"CCND1",502,0.10115,0.0568,0.352,0.15795,0.19405
"RUNX3",503,-0.12705,0.004725,-0.03165,-0.122325,0.090675
"SMAD1",504,-0.03495,0.0176001585,-0.1303,-0.0173498415,-0.1129501585
"CDKN1B",505,0.01195,-0.03195,-0.195,-0.02,-0.175
"BACE1",506,-0.04585,-0.129,-0.03785,-0.17485,0.137
"FKBP4",507,-0.167,-0.249,-0.1315,-0.416,0.2845
"FGFR1",508,-0.2425,-0.281,-0.329,-0.5235,0.1945
"TOP3A",509,-0.05115,0.17045,0.0355,0.1193,-0.0838
"nc_chr3_11",510,-0.101,0.0232,-0.114,-0.0778,-0.0362
"PIK3CA",511,-0.1625,-0.2457,-0.28,-0.4082,0.1282
"HNRNPC",512,0.0843,0.02935,-0.184,0.11365,-0.29765
"YWHAQ",513,0.0928,0.215,-0.222,0.3078,-0.5298
"RPL18A",514,-0.06105,0.11905,-0.14475,0.058,-0.20275
"CLDN2",515,-0.0217,0.0421,-0.159,0.0204,-0.1794
"nc_chr15_8",516,-0.117,-0.269,-0.138,-0.386,0.248
"COL1A1",517,-0.2175,-0.062,-0.057455,-0.2795,0.222045
"HRAS",518,-0.0491,0.137,0.304,0.0879,0.2161
"HNRNPK",519,0.01245,0.0088,-0.2285,0.02125,-0.24975
"CCNL1",520,-0.1212,-0.07105,-0.17075,-0.19225,0.0215
"DAAM1",521,0.1209,0.136,-0.03985,0.2569,-0.29675
"LAT",522,0.05715,0.01355,-0.06595,0.0707,-0.13665
"GSK3B",523,-0.0396,-0.143,-0.2525,-0.1826,-0.0699
"CNTFR",524,-0.168,-0.232,-0.2099,-0.4,0.1901
"APOA1",525,0.1076,0.0504,0.1252,0.158,-0.0328
"MAP3K8",526,-0.0521,0.0585,0.05195,0.0064,0.04555
"PARP1",527,-0.125,0.10015,0.12295,-0.02485,0.1478
"RPS11",528,-0.0168,0.07285,-0.02375,0.05605,-0.0798
"REL",529,0.0532,-0.117,-0.1405,-0.0638,-0.0767
"PLK1",530,0.004,0.1365,-0.09955,0.1405,-0.24005
"nc_chrX_8",531,-0.075,-0.0421,-0.0759,-0.1171,0.0412
"NCOR2",532,-0.162,-0.1945,-0.10275,-0.3565,0.25375
"CUL3",533,-0.1134,-0.05755,-0.05865,-0.17095,0.1123
"WNT1",534,0.04985,-0.002855,-0.239,0.046995,-0.285995
"SOCS1",535,-0.08545,0.159,0.0149,0.07355,-0.05865
"RNF11",536,-0.027905,0.0756,-0.3165,0.047695,-0.364195
"TCF3",537,0.0106,-0.2005,-0.1433,-0.1899,0.0466
"FAF2",538,0.08155,0.0161,0.03085,0.09765,-0.0668
"SGK1",539,-0.1475,-0.226,-0.253,-0.3735,0.1205
"RPS6KA2",540,-0.2353,-0.0665,-0.12355,-0.3018,0.17825
"PAK3",541,0.142,0.03685,-0.03695,0.17885,-0.2158
"YPEL5",542,-0.147,-0.0916,-0.122,-0.2386,0.1166
"SIRT2",543,-0.0724,-0.04769,-0.05755,-0.12009,0.06254
"PTGS2",544,0.040985,-0.2035,0.05593,-0.162515,0.218445
"PSMG1",545,-0.00715,0.1575,0.328,0.15035,0.17765
"CLK2",546,-0.144,-0.0563,-0.01865,-0.2003,0.18165
"nc_chr17_11",547,0.0981,-0.201,-0.235,-0.1029,-0.1321
"SERPINF1",548,-0.14,-0.279,-0.09055,-0.419,0.32845
"MSH5",549,0.035495,-0.121,0.07585,-0.085505,0.161355
"MEF2D",550,0.0017,0.0087,-0.0592,0.0104,-0.0696
"HDAC7",551,-0.04185,-0.0869,-0.10135,-0.12875,0.0274
"CTCF",552,0.1675,0.07145,0.07625,0.23895,-0.1627
"MEF2C",553,0.08305,-0.1165,0.1875,-0.03345,0.22095
"MAT1A",554,-0.1048,-0.01255,-0.1725,-0.11735,-0.05515
"PSMD1",555,-0.208,0.051795,-0.07735,-0.156205,0.078855
"ROR2",556,-0.0284,0.07785,-0.0028,0.04945,-0.05225
"SERBP1",557,0.0509,0.185,0.08195,0.2359,-0.15395
"INCENP",558,0.185,0.215,-0.1984,0.4,-0.5984
"FGFR4",559,-0.04295,0.03045,-0.175,-0.0125,-0.1625
"nc_chr18_9",560,0.0887,-0.355,-0.217,-0.2663,0.0493
"NEIL1",561,0.0593,0.011805,-0.06145,0.071105,-0.132555
"FOXO4",562,-0.01075,0.05465,-0.05705,0.0439,-0.10095
"nc_chr4_10",563,-0.0645,-0.0712,-0.0578,-0.1357,0.0779
"PRKDC",564,-0.04195,-0.082,-0.0044,-0.12395,0.11955
"nc_chr8_8",565,0.299,0.169,-0.233,0.468,-0.701
"RPL34",566,-0.207,0.0213,-0.212,-0.1857,-0.0263
"nc_chr10_8",567,-0.372,0.0621,-0.122,-0.3099,0.1879
"SNRPB2",568,0.04105,0.3575,-0.05155,0.39855,-0.4501
"PDCD4",569,0.12545,-0.219,-0.0484,-0.09355,0.04515
"PTPN5",570,-0.0475,-0.1075,0.1067,-0.155,0.2617
"USP28",571,0.04435,0.0932,0.0653,0.13755,-0.07225
"CDKN1A",572,0.0673,0.0239,0.04136,0.0912,-0.04984
"TFRC",573,-0.23,0.209,-0.437,-0.021,-0.416
"SOS1",574,0.0047,-0.10585,-0.121,-0.10115,-0.01985
"GINS2",575,-0.114,0.161,-0.171,0.047,-0.218
"nc_chr9_11",576,-0.0868,-0.52,-0.155,-0.6068,0.4518
"ERBB2",577,-0.215,-0.34,-0.153,-0.555,0.402
"EWSR1",578,0.08685,0.2185,-0.0346,0.30535,-0.33995
"CSNK2B",579,-0.257,0.03555,-0.17,-0.22145,0.05145
"NFKBIB",580,-0.02785,-0.1313,0.07155,-0.15915,0.2307
"NIPBL",581,-0.12335,-0.1032,0.01615,-0.22655,0.2427
"PPM1B",582,-0.04189,-0.02657,-0.01005,-0.06846,0.05841
"ZNHIT1",583,0.0656,0.133,0.197,0.1986,-0.00159999999999999
"KAT2A",584,-0.07295,-0.04865,-0.0122,-0.1216,0.1094
"MSI1",585,-0.14585,-0.1445,0.038,-0.29035,0.32835
"HES1",586,0.0556,-0.11635,0.11455,-0.06075,0.1753
"PCNA",587,-0.2515,-0.13095,0.07425,-0.38245,0.4567
"DDX5",588,-0.0624,0.1363,-0.07865,0.0739,-0.15255
"HIST1H2BB",589,0.1245,0.11092,-0.05935,0.23542,-0.29477
"INS",590,0.05184,0.01382,0.1071,0.06566,0.04144
"HGF",591,0.3545,0.3735,0.22915,0.728,-0.49885
"USF1",592,-0.299,0.058,-0.282,-0.241,-0.041
"CDC25C",593,-0.04565,-0.08095,-0.07545,-0.1266,0.05115
"BDP1",594,-0.02995,-0.1072,-0.2355,-0.13715,-0.09835
"nc_chr6_10",595,0.00969,-0.34,-0.0939,-0.33031,0.23641
"NFATC2",596,-0.00901,-0.05245,0.04545,-0.06146,0.10691
"IL2RG",597,0.02045,0.0465,-0.179,0.06695,-0.24595
"TRRAP",598,-0.00584999999999999,0.207,-0.0139,0.20115,-0.21505
"GAB1",599,-0.01451,-0.0224,0.135,-0.03691,0.17191
"RIC1",600,0.00085,-0.02885,0.03215,-0.028,0.06015
"nc_chr21_1",601,0.0641,0.0979,-0.0621,0.162,-0.2241
"COPS4",602,0.14425,0.0646,0.0393,0.20885,-0.16955
"NDE1",603,0.0529,0.015,-0.2755,0.0679,-0.3434
"CAMKK2",604,-0.03255,-0.026,0.1435,-0.05855,0.20205
"NEDD8",605,0.02939,0.10635,-0.2265,0.13574,-0.36224
"MMP2",606,0.03975,-0.00875,0.031385,0.031,0.000385000000000003
"nc_chr17_7",607,-0.126,-0.0363,-0.106,-0.1623,0.0563
"nc_chr6_4",608,-0.157,0.121,-0.0744,-0.036,-0.0384
"CAPN2",609,0.09475,-0.0667,-0.06015,0.02805,-0.0882
"PDE3B",610,0.01345,0.0938,0.0592,0.10725,-0.04805
"SLC2A1",611,0.0488,-0.0398,0.3275,0.009,0.3185
"GATA2",612,-0.0034,0.1865,0.0405,0.1831,-0.1426
"STAT5A",613,-0.157,-0.12225,-0.0464,-0.27925,0.23285
"HMOX1",614,-0.1704,-0.0599,0.06795,-0.2303,0.29825
"WDR1",615,0.183,0.126,0.194,0.309,-0.115
"DYRK1B",616,0.11885,0.0793755,-0.0319,0.1982255,-0.2301255
"EEA1",617,-0.04835,-0.05988,0.09625,-0.10823,0.20448
"NUDT3",618,0.1975,0.0485,0.351,0.246,0.105
"GNB3",619,0.1745,0.04075,0.12975,0.21525,-0.0855
"nc_chr8_9",620,-0.367,-0.118,-0.111,-0.485,0.374
"RAC2",621,0.06445,0.0264000755,-0.209,0.0908500755,-0.2998500755
"TNF",622,0.06285,-0.005,-0.0395,0.05785,-0.09735
"2018/03/05",623,-0.1665,-0.0503,-0.0308,-0.2168,0.186
"IL3RA",624,-0.02249,-0.06455,-0.1215,-0.08704,-0.03446
"SRF",625,-0.2155,0.08216,0.0148,-0.13334,0.14814
"nc_chr21_7",626,0.307,0.409,-0.21,0.716,-0.926
"nc_chr6_3",627,-0.0568,-0.117,-0.179,-0.1738,-0.00519999999999998
"NKX2-5",628,-0.00642,-0.0119,0.0816,-0.01832,0.09992
"NUP54",629,0.12385,0.11975,0.0509,0.2436,-0.1927
"nc_chr13_7",630,0.0364,0.167,-0.0492,0.2034,-0.2526
"CAMK2B",631,0.00648,-0.14695,-0.1,-0.14047,0.04047
"nc_chr15_7",632,-0.209,-0.29,-0.1,-0.499,0.399
"nc_chr12_7",633,-0.0197,-0.137,-0.0674,-0.1567,0.0893
"ITGB5",634,0.17935,-0.02705,0.0571,0.1523,-0.0952
"nc_chr16_4",635,-0.0124,0.186,-0.129,0.1736,-0.3026
"DKK2",636,0.1705,-0.0177,0.429,0.1528,0.2762
"FRAT2",637,0.06985,0.0173,0.116,0.08715,0.02885
"PRKAG2",638,-0.00975,-0.2579,-0.09,-0.26765,0.17765
"nc_chr19_3",639,0.061,-0.219,-0.0576,-0.158,0.1004
"nc_chr9_5",640,-0.124,-0.157,-0.187,-0.281,0.094
"PSMA3",641,0.273,0.248,0.20915,0.521,-0.31185
"HMGA2",642,0.031,-0.0604,0.0234,-0.0294,0.0528
"SMC1B",643,-0.0301,-0.1675,-0.07105,-0.1976,0.12655
"nc_chr19_10",644,0.407,0.505,-0.175,0.912,-1.087
"ATXN1",645,-0.0446,-0.0481,-0.03945,-0.0927,0.05325
"REV1",646,-0.0151,-0.0742,0.2925,-0.0893,0.3818
"RAD1",647,-0.05165,0.01918,-0.02045,-0.03247,0.01202
"DAPK1",648,-0.2115,-0.1185,0.09525,-0.33,0.42525
"nc_chr16_10",649,0.0153,0.655,-0.51,0.6703,-1.1803
"nc_chr16_1",650,-0.273,-0.213,-0.0889,-0.486,0.3971
"RB1",651,-0.0207,0.011,-0.11165,-0.0097,-0.10195
"RPS6",652,0.015,-0.0659,0.321,-0.0509,0.3719
"OPRD1",653,-0.235,-0.01185,-0.10755,-0.24685,0.1393
"C3orf38",654,0.29415,0.00325,-0.00965,0.2974,-0.30705
"PRDM1",655,-0.175,0.012,0.1775,-0.163,0.3405
"HTRA2",656,0.03695,-0.1395,0.02881,-0.10255,0.13136
"DVL2",657,0.0097,0.07585,0.1395,0.08555,0.05395
"PTPN2",658,0.0274,-0.012895,-0.00595,0.014505,-0.020455
"nc_chr9_7",659,-0.114,0.0595,-0.0679,-0.0545,-0.0134
"SH3BP5",660,-0.10605,0.245,0.08845,0.13895,-0.0505
"AKT1S1",661,-0.0327499999999984,0.0165000000000016,-0.00669999999999821,-0.0162499999999968,0.00954999999999859
"ANKRD49",662,0.00985,0.07595,0.151,0.0858,0.0652
"MACF1",663,0.0119,0.05095,0.082,0.06285,0.01915
"nc_chrX_4",664,-0.112,-0.535,-0.11,-0.647,0.537
"TGFB1",665,0.1362,0.1165,0.06455,0.2527,-0.18815
"nc_chr13_6",666,-0.0886,-0.123,-0.047,-0.2116,0.1646
"nc_chr18_8",667,-0.201,-0.18,-0.0423,-0.381,0.3387
"BUD13",668,0.1595,-0.1385,0.2117,0.021,0.1907
"DKK3",669,-0.0566,0.03175,-0.0546,-0.02485,-0.02975
"nc_chr19_4",670,0.0249,0.0928,-0.129,0.1177,-0.2467
"DLX5",671,-0.255,-0.13545,0.1663,-0.39045,0.55675
"nc_chr10_3",672,0.111,-0.0285,-0.0711,0.0825,-0.1536
"NACA",673,0.0401,0.0027,-0.3335,0.0428,-0.3763
"nc_chr16_5",674,-0.0138,-0.0473,-0.0442,-0.0611,0.0169
"EIF2B2",675,-0.03095,0.1501,-0.03415,0.11915,-0.1533
"CTPS2",676,0.01633,-0.0216,0.011,-0.00527,0.01627
"nc_chr10_11",677,0.00885,0.00715,-0.0363,0.016,-0.0523
"PSMC2",678,0.2905,0.4275,-0.1987,0.718,-0.9167
"GFAP",679,-0.1825,-0.1505,-0.08545,-0.333,0.24755
"PIK3R2",680,0.128,-0.029,0.31,0.099,0.211
"KRT8",681,-0.00165000000000001,-0.10005,-0.142,-0.1017,-0.0403
"MCM9",682,-0.0999,0.03405,-0.0259065,-0.06585,0.0399435
"HDAC9",683,-0.00255,-0.0407,0.1409,-0.04325,0.18415
"nc_chr11_3",684,-0.205,0.408,-0.193,0.203,-0.396
"nc_chr12_8",685,-0.131,-0.307,-0.0667,-0.438,0.3713
"nc_chr4_8",686,-0.118,-0.0958,-0.041,-0.2138,0.1728
"CIC",687,0.07766,-0.17895,0.2385,-0.10129,0.33979
"RORC",688,-0.02733,-0.095285,-0.09195,-0.122615,0.030665
"PRKCE",689,0.09445,-0.2395,0.0019,-0.14505,0.14695
"RAD51B",690,-0.07801,-0.0875,0.0960004165,-0.16551,0.2615104165
"BCL2",691,0.0373,-0.017,-0.00931,0.0203,-0.02961
"SUGT1",692,0.156,0.0627,-0.1,0.2187,-0.3187
"BCAR1",693,-0.06495,0.07155,0.345,0.00660000000000001,0.3384
"HLA-G",694,0.01155,-0.04165,0.02965,-0.0301,0.05975
"UBC",695,0.02395,-0.01905,-0.0845,0.0049,-0.0894
"nc_chr2_2",696,0.153,-0.0714,-0.0545,0.0816,-0.1361
"H2AFX",697,0.068705,0.0271,0.0943,0.095805,-0.00150500000000001
"nc_chr17_1",698,-0.0806,-0.0164,-0.0386,-0.097,0.0584
"NFATC4",699,-0.10045,-0.1065,-0.20165,-0.20695,0.0053
"HOXB8",700,-0.168,-0.0199,-0.00608,-0.1879,0.18182
"PRKCB",701,-0.2355,-0.0781,-0.1995,-0.3136,0.1141
"EZH2",702,-0.284,0.127,0.0426,-0.157,0.1996
"nc_chr10_7",703,0.0488,0.00917,-0.031,0.05797,-0.08897
"SMARCAL1",704,0.0586,0.1098,0.07555,0.1684,-0.09285
"nc_chr16_3",705,-0.0721,-0.0394,-0.0467,-0.1115,0.0648
"nc_chr21_2",706,-0.0156,-0.323,-0.0387,-0.3386,0.2999
"NBAS",707,0.218,-0.0045,-0.09015,0.2135,-0.30365
"nc_chr7_11",708,-0.0595,0.0124,-0.0343,-0.0471,0.0128
"PAK6",709,-0.18085,-0.1565,0.02880065,-0.33735,0.36615065
"nc_chr5_9",710,-0.104,0.0761,-0.0299,-0.0279,-0.00200000000000001
"ERCC4",711,-0.021435,-0.0125,-0.08385,-0.033935,-0.049915
"PTPRA",712,0.01445,-0.02,0.0012,-0.00555,0.00675
"NPM1",713,-0.0154,0.2045,-0.0825,0.1891,-0.2716
"HIST1H1B",714,-0.0491,-0.0151499235,-0.0932,-0.0642499235,-0.0289500765
"BAP1",715,-0.0295,-0.02925,-0.09395,-0.05875,-0.0352
"KEAP1",716,0.008,0.02165,0.1178,0.02965,0.08815
"HSPB1",717,-0.09205,0.0955,-0.13025,0.00344999999999999,-0.1337
"nc_chr10_4",718,-0.308,-0.275,-0.0913,-0.583,0.4917
"RPS6KA5",719,-0.0851,0.000549999999999998,0.14755,-0.08455,0.2321
"nc_chr18_2",720,0.197,0.206,-0.0414,0.403,-0.4444
"PKD2",721,-0.1607,0.10085,0.225,-0.05985,0.28485
"SHC3",722,-0.04735,-0.049,-0.0335,-0.09635,0.06285
"MCM8",723,0.084,0.0875,0.2198,0.1715,0.0483
"DUSP5",724,0.13065,0.01043,0.162,0.14108,0.02092
"COPB1",725,0.2325,0.2235,0.017,0.456,-0.439
"nc_chr1_5",726,-0.0732,-0.0544,-0.0254,-0.1276,0.1022
"BCL2L1",727,0.14585,-0.1059,-0.1205,0.03995,-0.16045
"STAT1",728,0.0721,0.161,-0.014545,0.2331,-0.247645
"HCLS1",729,-0.000115000000000001,-0.0517,0.18045,-0.051815,0.232265
"WNT10A",730,-0.0402,-0.0478,-0.0599,-0.088,0.0281
"CCNA2",731,-0.141,0.1635,0.328,0.0225,0.3055
"SKA3",732,0.14421,0.145825,0.2655,0.290035,-0.024535
"nc_chr11_11",733,-0.371,-0.512,-0.0391,-0.883,0.8439
"nc_chr8_2",734,-0.129,0.0701,-0.0239,-0.0589,0.035
"MAP3K5",735,0.03405097,-0.0539,-0.15525,-0.01984903,-0.13540097
"ERCC8",736,0.05165,0.0799,0.12275,0.13155,-0.0088
"H3F3A",737,-0.1645,-0.289,-0.08165,-0.4535,0.37185
"JAK3",738,0.02885,-0.0434,-0.0799,-0.01455,-0.06535
"CFLAR",739,-0.01288,-0.0589,0.2135,-0.07178,0.28528
"PDX1",740,-0.09285,0.0763,-0.00665,-0.01655,0.0099
"CRB2",741,-0.0858,-0.182,-0.171,-0.2678,0.0968
"NFATC3",742,0.00155,0.0273,-0.0958,0.02885,-0.12465
"MAP4K5",743,0.196,0.002997,-0.0794,0.198997,-0.278397
"KRT6B",744,-0.0823,0.0592,-0.1865,-0.0231,-0.1634
"DAXX",745,0.04025,0.024,0.39,0.06425,0.32575
"DEPTOR",746,0.226,0.0435,-0.2355,0.2695,-0.505
"nc_chr5_7",747,0.0141,0.0371,-0.029,0.0512,-0.0802
"nc_chr12_3",748,-0.282,-0.211,-0.0221,-0.493,0.4709
"nc_chr3_8",749,-0.336,0.00924,-0.0346,-0.32676,0.29216
"TACC3",750,-0.097,0.11355,-0.10885,0.01655,-0.1254
"CDON",751,0.0462,0.02045,-0.124,0.06665,-0.19065
"ACTB",752,0.1245,-0.07595,0.0675,0.04855,0.01895
"MAP3K1",753,-0.169,-0.133,-0.10185,-0.302,0.20015
"nc_chr21_6",754,-0.2,-0.202,-0.0352,-0.402,0.3668
"RNF8",755,-0.09465,-0.1143,-0.166,-0.20895,0.04295
"GTF2H3",756,-0.1353,0.044,-5e-04,-0.0913,0.0908
"FDPS",757,0.13245,0.30535,-0.1895,0.4378,-0.6273
"VCP",758,0.0092505,0.0437,-0.154,0.0529505,-0.2069505
"HNRNPD",759,-0.08825,-0.1845,-0.115,-0.27275,0.15775
"DYRK1A",760,-0.0749,0.04715,-0.1135,-0.02775,-0.08575
"LRIG1",761,0.10265,0.17,0.00795,0.27265,-0.2647
"OGG1",762,-0.1253,-0.267,0.0515,-0.3923,0.4438
"nc_chr5_6",763,0.0456,0.0192,-0.012,0.0648,-0.0768
"ATR",764,-0.0612,0.1765,-0.147,0.1153,-0.2623
"TGFB2",765,-0.04715,-0.016385,-0.223,-0.063535,-0.159465
"CHEK2",766,0.05505,0.1885,-0.0472,0.24355,-0.29075
"CHD8",767,0.000699999999999999,-0.00445,0.05385,-0.00375,0.0576
"CDX2",768,0.1054,0.05535,0.12108,0.16075,-0.03967
"nc_chrX_5",769,-0.297,0.079,-0.0182,-0.218,0.1998
"nc_chr15_11",770,0.138,-0.148,-0.0112,-0.00999999999999998,-0.00120000000000002
"MSH3",771,-0.05475,0.276,-0.1905,0.22125,-0.41175
"nc_chr9_2",772,-0.0196,-0.15,-0.0125,-0.1696,0.1571
"RHOB",773,-0.1785,-0.2745,-0.0021,-0.453,0.4509
"ELK1",774,-0.146,-0.172,-0.0015,-0.318,0.3165
"FZD10",775,-0.0505,0.0114,-0.00534,-0.0391,0.03376
"nc_chr2_11",776,-0.105,-0.0134,-0.0156,-0.1184,0.1028
"IL6",777,0.083,-0.0452,-0.0145,0.0378,-0.0523
"nc_chr8_11",778,-0.348,-0.0674,-0.0166,-0.4154,0.3988
"nc_chr21_10",779,-0.224,0.134,-0.00807,-0.09,0.08193
"nc_chr1_11",780,-0.226,-0.121,-0.0129,-0.347,0.3341
"CCNA1",781,0.2255,0.113,0.2895,0.3385,-0.049
"PLK4",782,0.0325,0.1299,-0.00595,0.1624,-0.16835
"WWP1",783,0.0854,0.0186,-0.0687,0.104,-0.1727
"nc_chr13_10",784,-0.0882,-0.17,-0.0102,-0.2582,0.248
"nc_chr21_11",785,0.0239,-0.0817,-0.00491,-0.0578,0.05289
"MNAT1",786,0.07605,0.274,-0.08025,0.35005,-0.4303
"PPP1CB",787,-0.05225,0.03455,-0.1355,-0.0177,-0.1178
"SOX10",788,0.167,0.215,-0.005,0.382,-0.387
"CDK9",789,-0.0296,-0.12505,-0.1305,-0.15465,0.02415
"SMOC1",790,0.132,-0.08677,-0.345,0.04523,-0.39023
"nc_chr8_4",791,-0.19,-0.227,-0.00682,-0.417,0.41018
"nc_chr9_6",792,-0.134,-0.204,-0.00581,-0.338,0.33219
"PARG",793,0.173,0.167,0.11407,0.34,-0.22593
"GTF2H2",794,-0.04445,0.08515,-0.023735,0.0407,-0.064435
"nc_chr13_4",795,0.0998,0.0269,-0.0023,0.1267,-0.129
"nc_chr6_6",796,0.0241,-0.13,-0.00332,-0.1059,0.10258
"nc_chr11_4",797,-0.0632,-0.0285,-0.00222,-0.0917,0.08948
"CASP8",798,0.02095,-0.016085,-0.0773,0.004865,-0.082165
"nc_chr10_2",799,0.0808,0.0741,-0.0021,0.1549,-0.157
"LAMTOR3",800,-0.07565,0.0868,0.10615,0.01115,0.095
"PRKCG",801,-0.11795,-0.0116895,-0.04545,-0.1296395,0.0841895
"nc_chr17_4",802,-0.0189,-0.0543,-0.000226,-0.0732,0.072974
"LTB4R2",803,0.10595,0.1765,0.285,0.28245,0.00255
"CAV1",804,-0.1411,-0.092999853,-0.09085,-0.234099853,0.143249853
"APLP2",805,0.00998,0.0563,-0.0391,0.06628,-0.10538
"nc_chr14_9",806,-0.359,-0.23,0.000505,-0.589,0.589505
"BMPR2",807,0.134,-0.0405,-0.062725,0.0935,-0.156225
"DUSP1",808,-0.008085,0.0138,0.0285,0.005715,0.022785
"CDH2",809,0.2655,0.2645,0.4395,0.53,-0.0905
"MAPKAPK3",810,-0.029495,-0.077,0.11565,-0.106495,0.222145
"FZD3",811,-0.235,0.008,-0.02015,-0.227,0.20685
"IL20RA",812,-0.0448,0.121,-0.0635,0.0762,-0.1397
"SMG7",813,-0.03215,-0.017999485,-0.1645,-0.050149485,-0.114350515
"DNTT",814,0.057755,0.1265,-0.1216,0.184255,-0.305855
"EPHA3",815,0.1895,-0.0195,-0.057525,0.17,-0.227525
"nc_chrX_7",816,0.168,0.318,0.00392,0.486,-0.48208
"CTBP1",817,0.0735,-0.02655,-0.07999845,0.04695,-0.12694845
"DUSP4",818,0.01885,-0.09865,0.09225,-0.0798,0.17205
"TDP1",819,0.09005,0.2822,0.14365,0.37225,-0.2286
"EGFR",820,-0.11665,-0.01372,0.2165,-0.13037,0.34687
"GINS4",821,-0.0515,0.118,-0.1955,0.0665,-0.262
"EP300",822,0.131,0.1175,-0.09145,0.2485,-0.33995
"ID3",823,-0.0817,-0.09355,-0.01875,-0.17525,0.1565
"nc_chr16_9",824,0.294,0.071,0.00992,0.365,-0.35508
"SHISA9",825,0.0387,-0.04932,0.183,-0.01062,0.19362
"NDN",826,-0.0295,0.0212,-0.0648,-0.0083,-0.0565
"CALM1",827,0.00763,0.02445,0.0081,0.03208,-0.02398
"TCF7L2",828,-0.0758,-0.293,0.126,-0.3688,0.4948
"TOP1",829,0.0144,0.1835,-0.0441,0.1979,-0.242
"VPS37A",830,-0.1692,0.06455,0.066,-0.10465,0.17065
"ST3GAL4",831,-0.0174,-0.1665,-0.01385,-0.1839,0.17005
"MEN1",832,0.0975,-0.0065,0.0335,0.091,-0.0575
"ORC5",833,-0.11995,-0.1209,-0.05875,-0.24085,0.1821
"nc_chr15_9",834,0.0938,0.132,0.0127,0.2258,-0.2131
"GNG3",835,-0.0992,-0.07345,-0.038135,-0.17265,0.134515
"RPL27",836,0.1043,0.19,0.1575,0.2943,-0.1368
"NR3C1",837,0.05205,-0.1115,0.02745,-0.05945,0.0869
"PTEN",838,-0.02245,-0.13495,0.0682,-0.1574,0.2256
"EIF2B5",839,0.04835,0.1184,-0.1095,0.16675,-0.27625
"MAPK12",840,0.1785,0.07615,0.14185,0.25465,-0.1128
"IKBKG",841,0.3075,0.0146,0.161,0.3221,-0.1611
"nc_chr14_11",842,-0.191,-0.168,0.0196,-0.359,0.3786
"FOXM1",843,-0.13,-0.10705,0.20757,-0.23705,0.44462
"NAMPT",844,-0.178,0.0701,0.2605,-0.1079,0.3684
"ZFYVE9",845,-0.005,-0.0466,-0.07,-0.0516,-0.0184
"nc_chr4_4",846,0.171,-0.0522,0.0225,0.1188,-0.0963
"nc_chr19_5",847,-0.24,-0.349,0.0419,-0.589,0.6309
"YWHAB",848,0.20755,0.1094,-0.0695,0.31695,-0.38645
"nc_chr9_8",849,-0.0957,0.0712,0.0257,-0.0245,0.0502
"TAOK1",850,-0.08645,-0.005895,-0.0479,-0.092345,0.044445
"PIP4K2B",851,0.156,0.1258,0.2065,0.2818,-0.0753
"HOXB7",852,0.157,-0.0475,0.398,0.1095,0.2885
"XRCC6",853,0.129,0.0382,0.078565,0.1672,-0.088635
"nc_chr13_5",854,0.0935,0.0302,0.0262,0.1237,-0.0975
"BAD",855,-0.0323,0.0235,-0.1016,-0.0088,-0.0928
"nc_chr19_9",856,0.119,-1.2,0.0972,-1.081,1.1782
"DIABLO",857,0.0814,0.10025,-0.1116,0.18165,-0.29325
"DCPS",858,-0.060075,-0.09955,-0.13025,-0.159625,0.029375
"nc_chr14_1",859,0.119,0.0207,0.0169,0.1397,-0.1228
"nc_chr3_10",860,-0.0488,0.0506,0.0158,0.0018,0.014
"PPP2CA",861,-0.05542,0.05505,-0.11445,-0.000369999999999995,-0.11408
"VIM",862,0.0728,-0.0523,0.00449999999999999,0.0205,-0.016
"nc_chr3_2",863,0.0895,0.27,0.0499,0.3595,-0.3096
"WNK1",864,-0.1198,-0.0469,0.334,-0.1667,0.5007
"PDGFRB",865,-0.05345,-0.1855,0.04085,-0.23895,0.2798
"RECQL5",866,-0.1955,-0.11765,-0.26,-0.31315,0.05315
"ZBTB14",867,-0.0097,-0.03435,-0.12125,-0.04405,-0.0772
"PIK3CG",868,-0.02519,-0.0888,0.0194,-0.11399,0.13339
"SMC5",869,-0.17075,-0.02655,-0.155,-0.1973,0.0423
"SMARCA4",870,0.0244,-0.1396,-0.06425,-0.1152,0.05095
"HSP90AA1",871,-0.0301,-0.0114595,0.068385,-0.0415595,0.1099445
"KIF18B",872,-0.01355,-0.1111,-0.008,-0.12465,0.11665
"PTPN12",873,0.3,0.5285,0.1105,0.8285,-0.718
"BRIP1",874,-0.02613,0.1765,0.18755,0.15037,0.03718
"nc_chr3_9",875,-0.0746,-0.00683,0.0535,-0.08143,0.13493
"CYB5B",876,-0.027,0.1775,0.0145,0.1505,-0.136
"nc_chr3_5",877,-0.115,-0.0201,0.0444,-0.1351,0.1795
"DACT2",878,0.05915,0.1037,0.077,0.16285,-0.08585
"nc_chr21_4",879,0.0606,-0.116,0.055,-0.0554,0.1104
"LIF",880,-0.02444,0.05145,-0.0249,0.02701,-0.05191
"RPL9",881,-0.0135,-0.0446,0.02895,-0.0581,0.08705
"ERG",882,0.1236,-0.07875,0.03925,0.04485,-0.0056
"MUS81",883,0.00774,-0.0335,0.00194999999999999,-0.02576,0.02771
"DOK1",884,-0.0386,0.01435,-0.0701,-0.02425,-0.04585
"PIK3R1",885,0.0385,-0.156,-0.09485,-0.1175,0.02265
"nc_chr6_11",886,-0.0657,-0.0323,0.0373,-0.098,0.1353
"CRK",887,-0.246,-0.016,0.163,-0.262,0.425
"INPPL1",888,0.1455,0.00405,0.07,0.14955,-0.07955
"CEBPA",889,0.0486,0.1855,0.1744,0.2341,-0.0597
"RET",890,-0.080565,-0.1232,-0.0537,-0.203765,0.150065
"RPL30",891,-0.0114,-0.037,-0.119,-0.0484,-0.0706
"RIN1",892,0.0694,0.0236775,0.05034,0.0930775,-0.0427375
"NGFR",893,-0.09665,-0.0926,-0.0739,-0.18925,0.11535
"PKN1",894,-0.0315,0.08395,-0.00485,0.05245,-0.0573
"ANLN",895,0.14885,0.2185,0.0047,0.36735,-0.36265
"IKBKAP",896,0.0314,-0.033,-0.010985,-0.0016,-0.009385
"nc_chr5_1",897,-0.132,-0.068,0.0358,-0.2,0.2358
"SIK2",898,-0.4255,-0.322,-0.0294,-0.7475,0.7181
"ZFP36",899,0.00315,0.09195,0.26,0.0951,0.1649
"DERL2",900,0.0735,0.2665,-0.2965,0.34,-0.6365
"PAK4",901,0.1065,0.00635,0.1485,0.11285,0.03565
"nc_chr2_10",902,0.0443,-0.217,0.0277,-0.1727,0.2004
"GLI2",903,0.1145,0.1433,0.00135,0.2578,-0.25645
"FAM107A",904,0.02508,-0.1067,-0.216,-0.08162,-0.13438
"FUT3",905,0.2475,-0.0624,-0.25,0.1851,-0.4351
"TNFRSF1B",906,0.08565,-0.078,-0.129,0.00765,-0.13665
"PHF20",907,-0.021,0.01685,0.13025,-0.00415,0.1344
"STAT3",908,-0.3005,-0.357,-0.241,-0.6575,0.4165
"SOX3",909,0.0749,0.068881,0.09305,0.143781,-0.050731
"nc_chr17_8",910,0.0529,-0.0258,0.0376,0.0271,0.0105
"EMC4",911,-0.00936,0.1715,-0.03425,0.16214,-0.19639
"EIF2B1",912,0.2035,0.27155,0.1215,0.47505,-0.35355
"CDK1",913,-0.03185,-0.0487,0.1165,-0.08055,0.19705
"MED19",914,0.106,-0.029,-0.05895,0.077,-0.13595
"IL22RA1",915,-0.11465,-0.009165,0.06665,-0.123815,0.190465
"FANCD2",916,0.189,-0.08035,-0.146,0.10865,-0.25465
"nc_chr6_9",917,-0.161,-0.00381,0.0445,-0.16481,0.20931
"nc_chr5_10",918,-0.168,-0.228,0.046,-0.396,0.442
"YWHAG",919,-0.04625,-0.01655,-0.03085,-0.0628,0.03195
"BCL2L11",920,-0.09395,-0.0976,0.0031,-0.19155,0.19465
"MAPKAPK5",921,0.0724,-0.1426,-0.08505,-0.0702,-0.01485
"KLK3",922,0.00529,-0.08465,0.0091,-0.07936,0.08846
"GEN1",923,0.205,-0.0185,0.06915,0.1865,-0.11735
"HSF1",924,-0.10686,0.00454000000000157,0.1775,-0.102319999999998,0.279819999999998
"TNFRSF1A",925,-0.12955,-0.050065,-0.010499847,-0.179615,0.169115153
"nc_chr14_5",926,-0.0815,-0.00824,0.0413,-0.08974,0.13104
"nc_chr8_3",927,0.166,0.216,0.0561,0.382,-0.3259
"DPYSL2",928,-0.0126,-0.05065,0.0575,-0.06325,0.12075
"nc_chr14_10",929,-0.0865,0.407,0.0952,0.3205,-0.2253
"CTNNBIP1",930,-0.03835,-0.079,-0.1074,-0.11735,0.00995000000000001
"COMT",931,0.02215,0.01845,0.04735,0.0406,0.00675000000000001
"GNB1",932,0.0654,0.05435,0.1097,0.11975,-0.01005
"PTPN7",933,-0.369,0.2385,-0.031245,-0.1305,0.099255
"PPP4R2",934,-0.07545,0.217,0.01395,0.14155,-0.1276
"nc_chr6_5",935,0.315,0.122,0.0352,0.437,-0.4018
"MPG",936,-0.2365,-0.0293,-0.1605,-0.2658,0.1053
"RND3",937,0.3015,0.1835,-0.1326,0.485,-0.6176
"EEF2K",938,0.31,-0.03135,0.03589,0.27865,-0.24276
"SGK3",939,-0.15355,0.03965,0.16865,-0.1139,0.28255
"nc_chrX_11",940,-0.196,-0.235,0.0446,-0.431,0.4756
"ERBB3",941,-0.020045,-0.0713,0.017,-0.091345,0.108345
"nc_chr7_1",942,-0.324,-0.3,0.0467,-0.624,0.6707
"ATP6V1D",943,-0.0545,-0.0071,0.0055,-0.0616,0.0671
"MAP3K7",944,-0.236,-0.274,-0.00602,-0.51,0.50398
"MAPK14",945,-0.2345,0.04005,-0.1305,-0.19445,0.06395
"BUB3",946,-0.08015,-0.01387,-0.2735,-0.09402,-0.17948
"nc_chr1_9",947,-0.144,0.252,0.0487,0.108,-0.0593
"ESPL1",948,-0.133,0.02295,-0.13625,-0.11005,-0.0262
"CAMK2G",949,0.07805,0.09875,0.1002,0.1768,-0.0766
"ERCC6",950,-0.0741,-0.214,0.0584,-0.2881,0.3465
"MIOS",951,-0.1415,-0.229,-0.2065,-0.3705,0.164
"PIN1",952,-0.0983,0.257,-0.0665,0.1587,-0.2252
"nc_chr2_3",953,-0.224,-0.418,0.0508,-0.642,0.6928
"FZD2",954,-0.007485,-0.151,0.113,-0.158485,0.271485
"nc_chr15_10",955,0.0442,0.0061,0.0467,0.0503,-0.00360000000000001
"EIF2B4",956,0.1501,0.1575,0.00795,0.3076,-0.29965
"CETN2",957,-0.00365,0.014415,-0.179,0.010765,-0.189765
"EIF2B3",958,0.1735,0.228,0.065665,0.4015,-0.335835
"RIPK1",959,0.05175,-0.1298,0.0861,-0.07805,0.16415
"NMNAT1",960,0.16,0.0111,0.012515,0.1711,-0.158585
"CWF19L2",961,-0.04873,0.1685,0.0419,0.11977,-0.07787
"CCND2",962,-0.07255,-0.13072,-0.1605,-0.20327,0.04277
"PLCG1",963,-0.00425,-0.036,-0.11625,-0.04025,-0.076
"ERCC3",964,0.0633,-0.00305,-0.0522,0.06025,-0.11245
"CDC42",965,-0.219,-0.00476,-0.10705,-0.22376,0.11671
"TH",966,-0.032,-0.0383,0.1187,-0.0703,0.189
"KDR",967,0.361,0.11805,0.158,0.47905,-0.32105
"ACACA",968,0.11105,0.0718,-0.07765,0.18285,-0.2605
"GJA1",969,0.1735,-0.0541,0.26,0.1194,0.1406
"F3",970,-0.00965,-0.0726,-0.08875,-0.08225,-0.00649999999999999
"NOTCH2",971,-0.06105,0.1845,0.2705,0.12345,0.14705
"SLC2A4",972,0.2315,0.1277,0.3305,0.3592,-0.0287
"UBE2V2",973,0.0457,-0.017865,-0.0678,0.027835,-0.095635
"CSF2RA",974,-0.1183,-0.04385,-0.025105,-0.16215,0.137045
"PTPN3",975,-0.187,-0.123,-0.162,-0.31,0.148
"MYOCD",976,-0.2975,-0.00935,0.0244,-0.30685,0.33125
"TP63",977,0.02575,0.0075,-0.1985,0.03325,-0.23175
"SMARCD3",978,-0.0917,0.168,-0.2825,0.0763,-0.3588
"SURF1",979,0.07375,-0.1172,-0.05799,-0.04345,-0.01454
"PPP1R8",980,-0.231,0.00645,-0.08525,-0.22455,0.1393
"nc_chr13_2",981,0.122,-0.0908,0.0772,0.0312,0.046
"APC",982,-0.03205,-0.11905,0.1785,-0.1511,0.3296
"TADA2B",983,-0.1785,0.11,-0.09085,-0.0685,-0.02235
"TOB1",984,-0.1144,0.1055,-0.074,-0.00890000000000001,-0.0651
"EEF1A1",985,-0.0883,-0.222,-0.0725,-0.3103,0.2378
"SYK",986,0.0334,0.12295,0.1203,0.15635,-0.03605
"FAAP24",987,0.0706,0.05945,-0.07195,0.13005,-0.202
"WRB",988,0.1801,0.10165,-0.06885,0.28175,-0.3506
"FRS2",989,0.0824,0.05498,-0.116,0.13738,-0.25338
"PLK3",990,-0.0084,0.11365,-0.00125,0.10525,-0.1065
"KCTD10",991,-0.0468,-0.2665,-0.12925,-0.3133,0.18405
"SLC7A5",992,-0.0995,-0.04675,-0.0869,-0.14625,0.05935
"RNASEH2C",993,0.102,0.00487,-0.0721,0.10687,-0.17897
"FANCA",994,0.11155,0.184,-0.0697,0.29555,-0.36525
"SIAH2",995,-0.20305,-0.1193,-0.212,-0.32235,0.11035
"nc_chr20_3",996,0.106,-0.174,0.0747,-0.068,0.1427
"NEIL3",997,-0.0348,0.028635,-0.04055,-0.006165,-0.034385
"FGFR3",998,-0.0144,-0.0069,0.0867,-0.0213,0.108
"MAPK8IP2",999,-0.0110998175,0.0485,0.00889,0.0374001825,-0.0285101825
"SEPSECS",1000,0.1555,0.329,0.0285,0.4845,-0.456
"CDK7",1001,0.0505,0.233,0.06685,0.2835,-0.21665
"ZAP70",1002,-0.25685,-0.199,-0.02295,-0.45585,0.4329
"MET",1003,-0.023245,0.07635,0.1444,0.053105,0.091295
"CDK8",1004,0.0834,0.0165,0.2595,0.0999,0.1596
"FOXO6",1005,-0.0997,-0.0726,0.0893,-0.1723,0.2616
"EME1",1006,0.0322,-0.0065,0.0815,0.0257,0.0558
"nc_chr1_10",1007,-0.0304,-0.0687,0.076,-0.0991,0.1751
"PRIM1",1008,0.327,-0.0363,0.265,0.2907,-0.0257
"XRCC2",1009,-0.06675,-0.0651,-0.0644,-0.13185,0.06745
"DOT1L",1010,-0.2235,-0.0471,0.0819,-0.2706,0.3525
"PTPRD",1011,-0.1082,-0.176,-0.03765,-0.2842,0.24655
"SRC",1012,0.00365,0.0213,-0.13,0.02495,-0.15495
"KLF4",1013,-0.1426,0.004,0.247,-0.1386,0.3856
"nc_chr11_9",1014,0.0916,-0.00863,0.11,0.08297,0.02703
"PSMD7",1015,0.05785,0.2935,-0.09555,0.35135,-0.4469
"ARPC4",1016,-0.171,0.1617,-0.09575,-0.0093,-0.08645
"RPS19",1017,-0.0646,0.295,0.1525,0.2304,-0.0779
"FCGR2A",1018,-0.07655,-0.1247,-0.02135,-0.20125,0.1799
"nc_chr16_8",1019,0.244,-0.0076,0.155,0.2364,-0.0814
"MAPK13",1020,0.0608,-0.073,-0.089,-0.0122,-0.0768
"KSR1",1021,0.222,0.1725,-0.01216,0.3945,-0.40666
"RPS9",1022,0.02185,-0.0137,-0.05535,0.00815,-0.0635
"LEF1",1023,0.12485,0.05445,-0.06505,0.1793,-0.24435
"CASP3",1024,0.1495,0.141,0.0999,0.2905,-0.1906
"EXOSC1",1025,0.01935,-0.0424,0.04865,-0.02305,0.0717
"GINS3",1026,-0.10425,-0.0031,0.00893,-0.10735,0.11628
"MAPK10",1027,-0.12,-0.0788,-0.0332,-0.1988,0.1656
"GTF2I",1028,-0.0581,0.0065,0.08165,-0.0516,0.13325
"UBE2A",1029,0.1295,-0.247,0.171,-0.1175,0.2885
"nc_chrX_1",1030,-0.0594,0.00221,0.0567,-0.05719,0.11389
"MMP7",1031,0.000999999999999997,-0.0391,-0.08595,-0.0381,-0.04785
"nc_chrX_9",1032,0.0314,0.174,0.0827,0.2054,-0.1227
"PPM1D",1033,0.189,0.0761,0.2115,0.2651,-0.0536
"BMI1",1034,0.01238,-0.254,-0.1655,-0.24162,0.07612
"CTBP2",1035,-0.04251,-0.1173,0.07235,-0.15981,0.23216
"nc_chr3_4",1036,0.746,0.394,0.296,1.14,-0.844
"MMP9",1037,0.03575,0.0566,0.0254,0.09235,-0.06695
"SMAD2",1038,0.0242,0.20755,0.03165,0.23175,-0.2001
"nc_chr18_3",1039,0.0273,0.114,0.0688,0.1413,-0.0725
"SPAG9",1040,0.176,0.156,0.0936,0.332,-0.2384
"KIT",1041,0.1335,0.06505,0.115,0.19855,-0.08355
"VPS33A",1042,0.479,0.0285,0.0789,0.5075,-0.4286
"PDPK1",1043,0.0489,0.2265,-0.03145,0.2754,-0.30685
"FYN",1044,-0.08189,-0.2365,-0.121,-0.31839,0.19739
"nc_chr15_6",1045,0.0727,0.0396,0.147,0.1123,0.0347
"PSMD6",1046,0.209135,0.3105,0.057,0.519635,-0.462635
"nc_chr9_1",1047,0.0871,0.0794,0.0707,0.1665,-0.0958
"RELA",1048,-0.0893,-0.09905,-0.1073,-0.18835,0.08105
"CCNB1",1049,-0.0917,-0.11457,-0.11425,-0.20627,0.09202
"CDC73",1050,-0.0362,0.05962,-0.0795,0.02342,-0.10292
"ETV1",1051,-0.0358,-0.04798,0.0168,-0.08378,0.10058
"LGALS3",1052,-0.2281,-0.22845,-0.04265,-0.45655,0.4139
"IRS1",1053,0.215,-0.227,0.318,-0.012,0.33
"ACVR2A",1054,-0.0972,-0.0468,-0.12845,-0.144,0.01555
"PSMC1",1055,0.08105,0.1541,0.1745,0.23515,-0.06065
"FAIM2",1056,-0.262,0.00319,0.0548,-0.25881,0.31361
"HECTD1",1057,-0.0206,-0.03545,-0.0678,-0.05605,-0.01175
"VPS4A",1058,-0.3485,0.206,0.1635,-0.1425,0.306
"POLQ",1059,0.164,-0.062815,0.177,0.101185,0.075815
"PTK7",1060,-0.0218,0.13535,-0.083,0.11355,-0.19655
"PIK3C3",1061,0.1145,-0.01885,0.05628,0.09565,-0.03937
"UBIAD1",1062,-0.023365,0.0117,-0.03475,-0.011665,-0.023085
"nc_chr7_6",1063,0.00886,-0.0214,0.0822,-0.01254,0.09474
"GFPT1",1064,-0.0377,0.227,0.105,0.1893,-0.0843
"NR4A3",1065,0.0338,-0.14605,-0.01815,-0.11225,0.0941
"CTLA4",1066,-0.011585,-0.1281,0.00265,-0.139685,0.142335
"LRP6",1067,-0.0971,-0.07685,0.1985,-0.17395,0.37245
"FGF2",1068,-0.0296,-0.0636,0.284,-0.0932,0.3772
"PPP1R2",1069,-0.009735,-0.01775,-0.1078,-0.027485,-0.080315
"LPP",1070,-0.0967,-0.0191,-0.00165,-0.1158,0.11415
"XIAP",1071,0.0685,-0.0552,0.1126,0.0133,0.0993
"JUND",1072,0.139,0.18205,-0.02285,0.32105,-0.3439
"E2F1",1073,0.1575,0.046,0.3905,0.2035,0.187
"TBK1",1074,-0.0522,0.044222,0.0184,-0.00797800000000001,0.026378
"AURKA",1075,-0.05255,0.05185,-0.14015,-0.000699999999999999,-0.13945
"PPP2R5D",1076,-0.2405,-0.19605,0.034,-0.43655,0.47055
"RAC1",1077,-0.06925,-0.10355,0.09975,-0.1728,0.27255
"nc_chr7_10",1078,0.0744,0.0898,0.129,0.1642,-0.0352
"RPS6KB1",1079,0.0121,0.0115,-0.0107,0.0236,-0.0343
"APP",1080,-0.311,-0.348,-0.259,-0.659,0.4
"MAP2K3",1081,0.09535,-0.08225,-0.2905,0.0131,-0.3036
"nc_chr20_1",1082,-0.045,-0.0189,0.0578,-0.0639,0.1217
"MINOS1",1083,0.1485,0.1825,-0.0088,0.331,-0.3398
"ACLY",1084,0.024885,0.1335,0.2315,0.158385,0.073115
"nc_chr15_3",1085,-0.0193,-0.0467,0.103,-0.066,0.169
"DUSP19",1086,-0.0251,0.06415,-0.03271,0.03905,-0.07176
"EPHB2",1087,-0.347,-0.227,0.088395,-0.574,0.662395
"ATN1",1088,0.162,0.02715,0.09745,0.18915,-0.0917
"nc_chr12_11",1089,0.0696,-0.0114,0.0968,0.0582,0.0386
"HAMP",1090,0.014345,-0.0713,-0.067625,-0.056955,-0.01067
"FHOD1",1091,-0.04655,-0.0411,0.056825,-0.08765,0.144475
"ALYREF",1092,0.04673,0.05155,-0.179,0.09828,-0.27728
"RXRA",1093,0.375,0.01,0.038625,0.385,-0.346375
"TUBA1B",1094,0.0174,0.06985,-0.144,0.08725,-0.23125
"RPL3",1095,0.1845,0.2765,0.0118,0.461,-0.4492
"nc_chr11_10",1096,0.336,0.06,0.26,0.396,-0.136
"nc_chr1_4",1097,-0.275,-0.197,0.139,-0.472,0.611
"nc_chr18_6",1098,0.0625,0.128,0.132,0.1905,-0.0585
"PIP4K2A",1099,-0.172,0.083925,0.0479,-0.088075,0.135975
"TAB3",1100,-0.0275,0.2373,0.10045,0.2098,-0.10935
"DPH6",1101,-0.07545,0.05445,0.05125,-0.021,0.07225
"nc_chr7_2",1102,0.079,-0.179,0.23,-0.1,0.33
"MPRIP",1103,0.0436,0.07945,-0.1299,0.12305,-0.25295
"RPS27",1104,0.028,0.199,0.0729,0.227,-0.1541
"NOTCH1",1105,-0.10555,-0.10445,-0.07395,-0.21,0.13605
"SIGLEC10",1106,-0.08495,-0.113,-0.1626,-0.19795,0.03535
"ATF4",1107,0.0302,0.1022,0.0923,0.1324,-0.0401
"PRKAA2",1108,0.0694,-0.0681,0.0107,0.00130000000000001,0.00939999999999999
"PARD6A",1109,0.195,0.205,-0.0655,0.4,-0.4655
"SLC4A1",1110,0.0311,-0.0808,0.02893,-0.0497,0.07863
"nc_chr4_6",1111,-0.0216,-0.314,0.183,-0.3356,0.5186
"HIPK2",1112,0.1225,0.1144,0.4805,0.2369,0.2436
"GNG12",1113,0.124,0.1965,0.08452,0.3205,-0.23598
"RPS6KA1",1114,-0.01315,-0.028,0.0762,-0.04115,0.11735
"SH3BP2",1115,0.1995,0.2048,0.1445,0.4043,-0.2598
"PER1",1116,0.05885,-0.06025,0.2055,-0.0014,0.2069
"PPP2R2B",1117,0.189,0.05505,0.1286,0.24405,-0.11545
"MRE11",1118,-0.1336,-0.01471,0.01875,-0.14831,0.16706
"FBXO5",1119,0.09675,0.264,-0.0579,0.36075,-0.41865
"EIF4B",1120,0.049625,0.04505,0.3835,0.094675,0.288825
"CCND3",1121,-0.08795,-0.10205,-0.1413,-0.19,0.0487
"DR1",1122,0.15,0.000699999999999999,0.11835,0.1507,-0.03235
"DKK4",1123,0.10055,-0.1009545,0.058255,-0.000404500000000002,0.0586595
"RAD54L",1124,0.0201,-0.1216,-0.19765,-0.1015,-0.09615
"nc_chr19_1",1125,-0.0702,-0.22,0.132,-0.2902,0.4222
"NEFH",1126,-0.035595,-0.09805,-0.07675,-0.133645,0.056895
"nc_chr16_6",1127,0.204,-0.182,0.226,0.022,0.204
"PFKFB2",1128,-0.1225,-0.0382,-0.134,-0.1607,0.0267
"YBX1",1129,-0.026,0.0989,0.32,0.0729,0.2471
"C16orf72",1130,-0.295,0.01286,0.606,-0.28214,0.88814
"nc_chr15_1",1131,-0.131,0.0939,0.243,-0.0371,0.2801
"FZD5",1132,0.08135,0.03955,0.16335,0.1209,0.04245
"nc_chr5_8",1133,-0.0597,-0.0439,0.137,-0.1036,0.2406
"BID",1134,-0.08525,0.2505,0.1531,0.16525,-0.01215
"ATF2",1135,0.19225,0.00255,-0.02335,0.1948,-0.21815
"nc_chr15_4",1136,0.414,0.543,0.148,0.957,-0.809
"NCKAP1",1137,-0.00543,0.00275,0.181,-0.00268,0.18368
"HDAC5",1138,0.08835,0.04685,0.00315,0.1352,-0.13205
"SNAI1",1139,0.148,-0.1868,-0.098585,-0.0388,-0.059785
"PRKACA",1140,-0.21,0.0305,0.0767,-0.1795,0.2562
"PLA2G4A",1141,0.1043,-0.0992,0.06,0.00510000000000001,0.0549
"DCX",1142,0.358,0.07505,0.211,0.43305,-0.22205
"SMURF1",1143,-0.2525,-0.09685,0.12215,-0.34935,0.4715
"USP7",1144,0.204,0.0737,-0.0481,0.2777,-0.3258
"TYMS",1145,-0.349,0.201,-0.2935,-0.148,-0.1455
"GADD45A",1146,-0.13,-0.05275,-0.01305,-0.18275,0.1697
"FBXO32",1147,-0.03557,0.0495,-0.2765,0.01393,-0.29043
"STMN2",1148,0.1187,0.0201,0.1815,0.1388,0.0427
"nc_chr6_2",1149,0.249,0.0104,0.171,0.2594,-0.0884
"METTL1",1150,-0.0166,0.0302,-0.02575,0.0136,-0.03935
"SGK2",1151,0.1142,-0.129,0.03475,-0.0148,0.04955
"PSMD11",1152,0.05025,0.126,-0.04105,0.17625,-0.2173
"nc_chr7_3",1153,-0.0816,0.283,0.198,0.2014,-0.00339999999999996
"EFR3A",1154,0.0536,0.065065,0.10612,0.118665,-0.012545
"PLK2",1155,-0.0639,-0.1343,-0.0462,-0.1982,0.152
"nc_chr12_9",1156,-0.00268,0.356,0.164,0.35332,-0.18932
"ITGB3",1157,-0.0054,-0.0506,0.0232,-0.056,0.0792
"E2F2",1158,0.1905,0.0956,0.1745,0.2861,-0.1116
"ADRB2",1159,-0.1147,0.02875,0.199,-0.08595,0.28495
"DLC1",1160,-0.10865,-0.03455,0.08345,-0.1432,0.22665
"ADD1",1161,0.01056,0.025,0.1303,0.03556,0.09474
"FANCF",1162,-0.02007,0.03825,0.0435,0.01818,0.02532
"REV3L",1163,0.095,0.12705,-0.152,0.22205,-0.37405
"CDH16",1164,-0.02445,-0.06295,-0.06435,-0.0874,0.02305
"nc_chr20_2",1165,0.0475,0.215,0.143,0.2625,-0.1195
"PTK2",1166,0.0352,-0.145,0.02625,-0.1098,0.13605
"YES1",1167,0.0702,0.0203,-0.056,0.0905,-0.1465
"nc_chr9_4",1168,-0.0293,0.0906,0.111,0.0613,0.0497
"GAB2",1169,0.0728,-0.134,0.0183,-0.0612,0.0795
"MDM2",1170,0.0491,0.212,0.08275,0.2611,-0.17835
"MAX",1171,0.046,-0.0322,0.1096,0.0138,0.0958
"NOXA1",1172,0.021,0.1012,-0.216,0.1222,-0.3382
"RPTOR",1173,-0.04035,0.0923,0.366,0.05195,0.31405
"IL1RN",1174,0.2495,-0.06205,0.0498,0.18745,-0.13765
"PPARG",1175,-0.099765,-0.009945,-0.06185,-0.10971,0.04786
"nc_chr21_3",1176,-0.0614,0.243,0.185,0.1816,0.00340000000000001
"CCNB3",1177,-0.06085,-0.131,0.176,-0.19185,0.36785
"SP7",1178,-0.204,-0.028,-0.0285,-0.232,0.2035
"UBE2H",1179,0.06305,0.12705,-0.0648,0.1901,-0.2549
"AXIN2",1180,0.0343,0.0491,-0.05985,0.0834,-0.14325
"L1CAM",1181,-0.0673,0.05485,0.188,-0.01245,0.20045
"RAD52",1182,-0.0025,0.04925,0.2535,0.04675,0.20675
"RAD54B",1183,0.04567,0.0171,0.00815,0.06277,-0.05462
"IFNLR1",1184,-0.064,0.06055,-0.0503,-0.00345,-0.04685
"FLNA",1185,0.02965,0.0121,0.1635,0.04175,0.12175
"NME1",1186,-0.08635,-0.07,-0.0078,-0.15635,0.14855
"S1PR1",1187,-0.2415,0.000435151,-0.011075,-0.241064849,0.229989849
"nc_chr8_5",1188,0.264,0.147,0.165,0.411,-0.246
"AKT1",1189,0.0407,-0.07235,0.1762,-0.03165,0.20785
"MAPK6",1190,-0.10695,-0.06345,-0.0508,-0.1704,0.1196
"IRAK1",1191,0.0574,-0.01685,0.23065,0.04055,0.1901
"RHEB",1192,0.14,-0.2111,0.14285,-0.0711,0.21395
"CDC20",1193,0.513,0.547,0.1162,1.06,-0.9438
"TRIM27",1194,-0.0608,0.04516,-0.13265,-0.01564,-0.11701
"FGFR2",1195,-0.09905,0.1285,0.0956,0.02945,0.06615
"nc_chr16_2",1196,-0.0949,-0.137,0.0919,-0.2319,0.3238
"CEBPD",1197,-0.1173,-0.037365,-0.0025,-0.154665,0.152165
"MAF",1198,0.124,3.15e-15,0.102,0.124000000000003,-0.0220000000000032
"nc_chr11_7",1199,0.11,0.245,0.179,0.355,-0.176
"PRKAG3",1200,-0.08095,-0.10525,-0.06045,-0.1862,0.12575
"ACAP1",1201,0.0974,-0.07465,0.0168,0.02275,-0.00595000000000001
"MSH6",1202,-0.1186,-0.0358,0.00600000000000001,-0.1544,0.1604
"AR",1203,0.0623,-0.12,0.0114,-0.0577,0.0691
"ROCK1",1204,0.0803,0.034,0.10155,0.1143,-0.01275
"UCHL5",1205,-0.1695,-0.194,-0.0556,-0.3635,0.3079
"RANBP3",1206,0.06755,0.07725,0.2415,0.1448,0.0967
"TCL1A",1207,0.0901,-0.0226,0.0306,0.0675,-0.0369
"LYN",1208,-0.2335,-0.248,-0.025,-0.4815,0.4565
"SMC3",1209,-0.13305,-0.13095,-0.0019,-0.264,0.2621
"TELO2",1210,0.179,0.00462,0.172,0.18362,-0.01162
"PSMB2",1211,0.00655,0.08575,-0.155,0.0923,-0.2473
"RFX1",1212,-0.0758,-0.0555,0.05885,-0.1313,0.19015
"EIF2AK2",1213,0.18105,-0.0497,0.0607,0.13135,-0.07065
"NTHL1",1214,-0.04835,-0.03569,0.0135,-0.08404,0.09754
"BTRC",1215,0.0908,0.06675,-0.00699,0.15755,-0.16454
"TAF5L",1216,0.13,-0.131,0.0616,-0.001,0.0626
"nc_chr17_6",1217,0.0784,0.0576,0.218,0.136,0.082
"EGR1",1218,0.0372,-0.195,0.0062,-0.1578,0.164
"XRCC3",1219,0.4375,0.3915,0.3425,0.829,-0.4865
"LRP5",1220,0.10665,0.01805,-0.0226,0.1247,-0.1473
"SH2B2",1221,0.00195,0.02025,0.239,0.0222,0.2168
"nc_chr6_1",1222,0.143,0.388,0.285,0.531,-0.246
"MYLK",1223,-0.0916,-0.165,0.09025,-0.2566,0.34685
"nc_chr14_7",1224,-0.0611,0.0458,0.119,-0.0153,0.1343
"BAZ1B",1225,0.1995,0.1145,-0.134,0.314,-0.448
"MAP4K4",1226,-0.05805,-0.13695,-0.0828,-0.195,0.1122
"MDM4",1227,0.0259,0.0056,0.0463,0.0315,0.0148
"nc_chr20_8",1228,-2.21,-0.191,0.784,-2.401,3.185
"EMC1",1229,-0.201,-0.0788,-0.0913,-0.2798,0.1885
"LATS1",1230,-0.1582,-0.17315,0.04395,-0.33135,0.3753
"PRKAA1",1231,-0.2765,-0.13085,-0.02895,-0.40735,0.3784
"FOXO3",1232,-0.235,-0.2455,0.2245,-0.4805,0.705
"FOXP3",1233,0.0589,-0.075,0.1765,-0.0161,0.1926
"PDS5A",1234,-0.03565,0.0096,-0.093,-0.02605,-0.06695
"MYT1",1235,-0.099015,-0.1699,-0.2615,-0.268915,0.007415
"SFRP1",1236,0.0611,0.05095,0.117,0.11205,0.00495
"ITK",1237,0.1251,-0.0417,-0.01755,0.0834,-0.10095
"nc_chr17_3",1238,0.192,0.0659,0.232,0.2579,-0.0259
"MAFA",1239,0.0657,-0.129,0.438,-0.0633,0.5013
"MAP2K7",1240,-0.13215,-0.0892,-0.199,-0.22135,0.02235
"PSEN1",1241,0.04605,0.197,0.179,0.24305,-0.06405
"TEAD1",1242,0.2195,0.2158,0.07441,0.4353,-0.36089
"nc_chr10_10",1243,0.358,0.151,0.158,0.509,-0.351
"ITCH",1244,-0.04645,0.086195,0.0389,0.039745,-0.000844999999999999
"TIAM1",1245,0.0849,-0.04635,0.07125,0.03855,0.0327
"PELP1",1246,0.03735,0.2555,0.08295,0.29285,-0.2099
"nc_chr3_3",1247,0.0722,0.0171,0.149,0.0893,0.0597
"nc_chr15_2",1248,-0.116,0.0974,0.158,-0.0186,0.1766
"PPP2R5A",1249,-0.0525,-0.04035,-0.1058,-0.09285,-0.01295
"nc_chr14_3",1250,0.12,-0.0428,0.124,0.0772,0.0468
"CABYR",1251,-0.0458,0.019645,-0.0908,-0.026155,-0.064645
"nc_chr4_2",1252,-0.2,-0.00389,0.386,-0.20389,0.58989
"PMS1",1253,0.12035,-0.318,0.1335,-0.19765,0.33115
"PML",1254,0.15,-0.01642,0.04585,0.13358,-0.08773
"CASP9",1255,-0.066355,-0.12455,0.0028,-0.190905,0.193705
"ARF4",1256,0.035997,-0.0199,0.0913,0.016097,0.075203
"LCK",1257,0.0878,0.0137,0.2775,0.1015,0.176
"RELB",1258,0.1386,-0.1921,-0.07855,-0.0535,-0.02505
"BORA",1259,0.0035,0.0832,0.0965,0.0867,0.0098
"DUSP10",1260,0.08235,0.014515,0.0173,0.096865,-0.079565
"PPP2CB",1261,0.02985,0.1445,0.05845,0.17435,-0.1159
"CFL1",1262,-0.0895,-0.131,0.314,-0.2205,0.5345
"nc_chr7_7",1263,0.453,0.445,0.305,0.898,-0.593
"RAD51D",1264,0.02474,0.00635,0.24,0.03109,0.20891
"GTF2H4",1265,0.09865,-0.1002,0.22625,-0.00155,0.2278
"SMAD3",1266,-0.070795,0.021,0.147,-0.049795,0.196795
"nc_chr8_6",1267,-0.0362,0.0409,0.156,0.0047,0.1513
"NBN",1268,-0.1255,0.02563,0.15795,-0.09987,0.25782
"HDAC3",1269,0.02874,0.02085,-0.1375,0.04959,-0.18709
"nc_chr12_6",1270,0.0125,0.337,0.387,0.3495,0.0375
"TP53",1271,0.14205,-0.01905,-0.06635,0.123,-0.18935
"PARP2",1272,-0.09755,-0.01255,-0.109205,-0.1101,0.000895000000000007
"nc_chr1_8",1273,-0.00418,0.121,0.0852,0.11682,-0.03162
"TCF4",1274,0.12685,-0.11685,0.2015,0.01,0.1915
"NFE2L1",1275,0.0259,-0.144,0.0161,-0.1181,0.1342
"CSNK1D",1276,-0.0649998495,0.07145,-0.1825,0.0064501505,-0.1889501505
"EDAR",1277,-0.0015,0.0558,0.2225,0.0543,0.1682
"nc_chr19_2",1278,-0.0285,0.142,0.133,0.1135,0.0195
"ITGAL",1279,0.0603,0.2655,0.0597,0.3258,-0.2661
"SH2D6",1280,-0.01548,-0.0027,0.02305,-0.01818,0.04123
"NIN",1281,-0.1305,-0.238,-0.0785,-0.3685,0.29
"CCNE2",1282,0.1885,-0.04465,0.185,0.14385,0.04115
"MAPK8IP1",1283,0.04226,-0.09125,0.00749,-0.04899,0.05648
"nc_chr11_8",1284,0.149,0.0682,0.191,0.2172,-0.0262
"PRKAB1",1285,-0.0921,0.0315,0.0051,-0.0606,0.0657
"CCDC88A",1286,-0.09585,-0.047,0.0359,-0.14285,0.17875
"nc_chr13_8",1287,0.116,0.0311,0.131,0.1471,-0.0161
"ITGA7",1288,0.0303,0.22765,0.253,0.25795,-0.00495000000000001
"RASSF1",1289,0.1535,0.0902,-0.01515,0.2437,-0.25885
"AIMP1",1290,-0.154,-0.0778,0.016085,-0.2318,0.247885
"ARMC5",1291,0.19,0.2175,0.14905,0.4075,-0.25845
"PSMG2",1292,0.02895,-0.04785,0.11825,-0.0189,0.13715
"ALKBH3",1293,-0.0917,-0.002,-0.05545,-0.0937,0.03825
"RRN3",1294,-0.1755,-0.00729,0.0777,-0.18279,0.26049
"POLL",1295,0.1179,0.0826,0.05165,0.2005,-0.14885
"TADA1",1296,-0.0966,0.225,-0.01935,0.1284,-0.14775
"CREB1",1297,0.08605,-0.096,0.0565,-0.00995,0.06645
"PFN1",1298,0.08095,-0.04835,-0.0358,0.0326,-0.0684
"PIK3AP1",1299,0.0305,-0.0053,0.07665,0.0252,0.05145
"SEM1",1300,0.126,0.19,-0.11725,0.316,-0.43325
"PRMT5",1301,-0.07277,0.2075,0.03415,0.13473,-0.10058
"C19orf25",1302,0.07875,-0.0524,-0.012,0.02635,-0.03835
"NUP205",1303,0.039255,0.0264,-0.09605,0.065655,-0.161705
"PTPRC",1304,0.037,0.0739,0.0305,0.1109,-0.0804
"HLA-E",1305,0.088,-0.10485,0.2425,-0.01685,0.25935
"ANKRD2",1306,0.395,0.215,0.386,0.61,-0.224
"NEDD4",1307,0.01025,0.07845,0.209,0.0887,0.1203
"IL5RA",1308,0.196,0.2805,0.2985,0.4765,-0.178
"FZD1",1309,0.05885,0.2355,0.0591,0.29435,-0.23525
"LIFR",1310,0.136,-0.02175,0.07885,0.11425,-0.0354
"PRKCI",1311,0.00282,-0.0522,0.035,-0.04938,0.08438
"TERT",1312,-0.1584,-0.06365,0.1907,-0.22205,0.41275
"FAM129A",1313,-0.000749999999999997,-0.03993,0.05425,-0.04068,0.09493
"RAD51C",1314,0.0899,-0.14,-0.10865,-0.0501,-0.05855
"PAK1",1315,-0.01141,-0.0779,-0.1014,-0.08931,-0.01209
"POLK",1316,0.1525,-0.0376,-0.00805,0.1149,-0.12295
"nc_chr14_4",1317,-0.0466,-0.0259,0.153,-0.0725,0.2255
"SAV1",1318,-0.02105,-0.0353,-0.0448,-0.05635,0.01155
"GPX4",1319,0.0234,0.15475,0.4045,0.17815,0.22635
"CAPN3",1320,-0.04575,-0.0677,0.02255,-0.11345,0.136
"nc_chr18_11",1321,-0.0543,0.0634,0.212,0.0091,0.2029
"TDG",1322,0.11795,0.1,0.1122,0.21795,-0.10575
"PEA15",1323,-0.1785,-0.03185,0.237,-0.21035,0.44735
"RPS6KA3",1324,-0.0386,0.00381,0.18,-0.03479,0.21479
"MUC1",1325,0.02815,-0.119,0.0936,-0.09085,0.18445
"RB1CC1",1326,-0.1285,-0.0336,0.05509,-0.1621,0.21719
"nc_chr10_1",1327,-0.143,-0.145,0.158,-0.288,0.446
"SATB1",1328,-0.0531,0.05845,-0.0301,0.00535,-0.03545
"SPAG5",1329,0.224,0.197,0.2495,0.421,-0.1715
"nc_chr2_5",1330,0.304,0.12,0.144,0.424,-0.28
"DVL3",1331,-0.01785,-0.02975,0.0693,-0.0476,0.1169
"nc_chr12_4",1332,0.0864,-0.147,0.107,-0.0606,0.1676
"FAN1",1333,0.07475,0.072,0.05051,0.14675,-0.09624
"HLA-C",1334,0.266,0.0601,0.03995,0.3261,-0.28615
"SPTBN1",1335,0.1145,0.1016,0.0913,0.2161,-0.1248
"nc_chr3_7",1336,0.135,0.237,0.218,0.372,-0.154
"PIM1",1337,0.04435,0.1201,0.339,0.16445,0.17455
"RAB39A",1338,0.05945,-0.1125,-0.131,-0.05305,-0.07795
"KDM2A",1339,0.199,0.0902,0.294,0.2892,0.00479999999999997
"MAPT",1340,0.031855,-0.1017,-0.04285,-0.069845,0.026995
"nc_chr12_5",1341,0.288,0.29,0.161,0.578,-0.417
"PPM1J",1342,0.197,0.0469,0.1965,0.2439,-0.0474
"PAXIP1",1343,-0.0497,0.00815,-0.01015,-0.04155,0.0314
"PCYT1A",1344,-0.0467,0.282,0.18455,0.2353,-0.05075
"ACSL3",1345,0.000149999999999997,-0.108945,0.04255,-0.108795,0.151345
"COPA",1346,0.00463,0.357,0.249,0.36163,-0.11263
"NLK",1347,0.04536,0.0686,0.00075,0.11396,-0.11321
"PRKCQ",1348,-0.000499999999999999,0.175,-0.0336,0.1745,-0.2081
"POLI",1349,0.13595,-0.04625,-0.1002,0.0897,-0.1899
"MTCP1",1350,-0.09229,-0.04925,0.1314,-0.14154,0.27294
"WNT6",1351,0.1325,0.1177,0.0457,0.2502,-0.2045
"RPP25L",1352,0.14715,0.0555,0.2645,0.20265,0.06185
"ELAVL1",1353,-0.0806,0.1358,0.0956,0.0552,0.0404
"MAU2",1354,-0.25,-0.0606,-0.07175,-0.3106,0.23885
"CDKN2AIP",1355,-0.017915,-0.0239,0.02665,-0.041815,0.068465
"MAPKAPK2",1356,0.2075,0.2275,0.04716,0.435,-0.38784
"nc_chr13_1",1357,0.0602,0.0186,0.13,0.0788,0.0512
"TPRKB",1358,-0.04335,-0.0438,0.2005,-0.08715,0.28765
"nc_chr1_2",1359,0.226,0.302,0.363,0.528,-0.165
"MAP3K3",1360,0.01025,-0.134,0.192,-0.12375,0.31575
"nc_chr7_9",1361,0.129,0.00955,0.255,0.13855,0.11645
"FBXW7",1362,0.05795,0.0126,0.010245,0.07055,-0.060305
"TRAF6",1363,0.1327,0.0082125,0.052195,0.1409125,-0.0887175
"nc_chr4_7",1364,0.17,-0.00466,0.11,0.16534,-0.05534
"CDK4",1365,-0.12605,-0.0202,0.11895,-0.14625,0.2652
"POLR2D",1366,-0.076,0.3935,0.2755,0.3175,-0.042
"NFKBIA",1367,0.0841,0.176,0.15,0.2601,-0.1101
"KRT17",1368,-0.02061,-0.129,0.122,-0.14961,0.27161
"MTOR",1369,0.11695,0.265,0.476,0.38195,0.09405
"nc_chr6_8",1370,-0.01,0.088,0.221,0.078,0.143
"FOXG1",1371,0.06545,0.16745,0.0345,0.2329,-0.1984
"WTAP",1372,0.296,0.10205,0.24795,0.39805,-0.1501
"RPL11",1373,0.05945,0.04985,-0.0369,0.1093,-0.1462
"ALK",1374,-0.27955,-0.06465,0.12175,-0.3442,0.46595
"CAMKK1",1375,-0.07995,0.1355,-0.0751,0.05555,-0.13065
"PIKFYVE",1376,0.2835,0.278,0.05,0.5615,-0.5115
"POLM",1377,0.11,0.134,0.0876,0.244,-0.1564
"WDR26",1378,-0.045,0.028,0.03175,-0.017,0.04875
"SMC6",1379,-0.234,-0.353,-0.1365,-0.587,0.4505
"ULK2",1380,-0.04655,-0.033245,0.09195,-0.079795,0.171745
"BCL9",1381,0.21,0.0423,-0.01495,0.2523,-0.26725
"IFNGR2",1382,0.04435,-0.08935,0.1085,-0.045,0.1535
"STAT4",1383,-0.02335,-0.0589,-0.02255,-0.08225,0.0597
"RPS21",1384,-0.1139,-0.0121996515,0.0562,-0.1260996515,0.1822996515
"RDX",1385,0.0313,-0.2195,0.09025,-0.1882,0.27845
"SLC9A1",1386,0.0478,0.0586,-0.10005,0.1064,-0.20645
"GATA6",1387,0.153,0.104,0.2565,0.257,-5e-04
"PPP5C",1388,-0.162,-0.267,0.0171,-0.429,0.4461
"GNGT1",1389,-0.122,0.268,0.421,0.146,0.275
"PRODH",1390,0.0035,0.04645,0.1265,0.04995,0.07655
"FANCB",1391,-0.1575,0.0385,-0.00205,-0.119,0.11695
"CLOCK",1392,0.0923,0.188,0.12485,0.2803,-0.15545
"LIG3",1393,0.07675,0.03245,0.1485,0.1092,0.0393
"GSK3A",1394,0.2855,0.01985,-0.08855,0.30535,-0.3939
"SREBF1",1395,0.1143,0.1082,0.0817,0.2225,-0.1408
"RAD23A",1396,-0.2055,-0.01195,0.474,-0.21745,0.69145
"STAP2",1397,0.039145,0.00665,0.0723,0.045795,0.026505
"IL23R",1398,-0.09095,-0.1093,0.0431,-0.20025,0.24335
"TINF2",1399,-0.03665,0.07055,0.15235,0.0339,0.11845
"PIK3CD",1400,-0.01045,-0.0355,0.1719,-0.04595,0.21785
"RPS13",1401,0.05145,0.02055,0.281,0.072,0.209
"HDAC2",1402,0.1706,-0.104,-0.018415,0.0666,-0.085015
"nc_chr2_4",1403,-0.128,-0.137,0.252,-0.265,0.517
"ST3GAL3",1404,-0.302,-0.2,-0.00689863,-0.502,0.49510137
"MAST1",1405,0.06945,-0.174,0.0899,-0.10455,0.19445
"POLD4",1406,0.06815,-0.1208,0.1002,-0.05265,0.15285
"HCK",1407,0.0837,0.05625,0.024,0.13995,-0.11595
"IGF1R",1408,-0.13485,0.10645,-0.1425,-0.0284,-0.1141
"RPS6KA4",1409,0.106,-0.214,-0.045,-0.108,0.063
"nc_chr11_5",1410,0.171,0.17,0.46,0.341,0.119
"CHMP4B",1411,0.09885,-0.0595,0.02505,0.03935,-0.0143
"ARHGAP24",1412,0.0841,-0.044,0.0989,0.0401,0.0588
"THBD",1413,-0.0609,0.0798,0.03555,0.0189,0.01665
"IL31RA",1414,-0.0049,0.104,0.16295,0.0991,0.06385
"SHH",1415,0.05325,0.175,0.0394002575,0.22825,-0.1888497425
"ZYX",1416,0.08175,0.04685,0.0850000000000018,0.1286,-0.0435999999999982
"COPS2",1417,0.1892,0.278,0.1784,0.4672,-0.2888
"PRH1",1418,0.106,-0.0761,0.0893,0.0299,0.0594
"RPS6KB2",1419,0.12755,-0.0263,0.041703,0.10125,-0.059547
"DDX21",1420,0.09865,0.269,0.3305,0.36765,-0.03715
"TBX3",1421,0.349,0.4325,0.616,0.7815,-0.1655
"KAT5",1422,-0.0565,0.1505,0.141,0.094,0.047
"nc_chr18_5",1423,0.232,0.101,0.565,0.333,0.232
"SMURF2",1424,0.2455,-0.01895,-0.003,0.22655,-0.22955
"FZD8",1425,-0.161,-0.000150000000000004,0.171,-0.16115,0.33215
"DCLRE1B",1426,0.00343,0.0313,-0.0627,0.03473,-0.09743
"PKM",1427,0.05175,0.1271,0.2825,0.17885,0.10365
"UBE2B",1428,0.01795,0.03605,0.08031,0.054,0.02631
"nc_chr20_9",1429,-0.0816,0.0756,0.509,-0.00600000000000001,0.515
"CDKN2A",1430,-0.06505,-0.013265,0.2445,-0.078315,0.322815
"PTK6",1431,-0.025895,-0.026405,0.05695,-0.0523,0.10925
"NEK11",1432,0.02525,-0.09775,0.02165,-0.0725,0.09415
"NFKB2",1433,-0.235,0.0441,0.09755,-0.1909,0.28845
"SRSF10",1434,0.01144,-0.0443,0.12745,-0.03286,0.16031
"nc_chr13_9",1435,0.366,0.00627,0.516,0.37227,0.14373
"NUAK1",1436,-0.1107,-0.0310496785,0.02725,-0.1417496785,0.1689996785
"TWIST1",1437,-0.06,-0.1675,0.002605,-0.2275,0.230105
"CTNNB1",1438,0.28,0.2185,0.18545,0.4985,-0.31305
"PAK2",1439,-0.0671,0.0143,-0.0118,-0.0528,0.041
"MNX1",1440,-0.139,-0.182,0.0992,-0.321,0.4202
"ULK1",1441,-0.0367,0.0386,0.1905,0.0019,0.1886
"BCL2L12",1442,0.2275,0.010645,0.07365,0.238145,-0.164495
"nc_chr16_7",1443,0.0288,-0.318,0.407,-0.2892,0.6962
"NRAS",1444,0.0761,-0.05975,0.114,0.01635,0.09765
"POU5F1",1445,0.14865,0.224,0.0852,0.37265,-0.28745
"SIRT1",1446,-0.00765,0.0105,0.3305,0.00285,0.32765
"CBL",1447,-0.00337,-0.0101,0.0974,-0.01347,0.11087
"EZR",1448,0.2855,0.1455,0.0401,0.431,-0.3909
"LIMK2",1449,-0.0709,0.0737,0.07965,0.0028,0.07685
"TOP2B",1450,0.04585,0.11805,0.054735,0.1639,-0.109165
"nc_chr12_2",1451,-0.029,-0.0201,0.207,-0.0491,0.2561
"MYL9",1452,0.0339,-0.060085,0.02035,-0.026185,0.046535
"AGMO",1453,-0.01765,0.048,0.0039,0.03035,-0.02645
"COPS6",1454,0.1223,0.3565,0.05515,0.4788,-0.42365
"CDCA7",1455,-0.10705,0.374,0.06739,0.26695,-0.19956
"MLST8",1456,0.4115,0.384,0.535,0.7955,-0.2605
"CCNH",1457,-0.04535,0.0938,0.12245,0.04845,0.074
"MSH4",1458,0.0401,0.1585,0.1697,0.1986,-0.0289
"AMHR2",1459,0.14755,-0.0922,0.0626,0.05535,0.00725000000000002
"CYCS",1460,-0.0879,0.193,0.07495,0.1051,-0.03015
"VASP",1461,-0.1008,0.0066,0.041205,-0.0942,0.135405
"EPC2",1462,0.191,0.11187,0.2465,0.30287,-0.05637
"MYC",1463,-0.05015,0.1014,-0.00573,0.05125,-0.05698
"LAMTOR4",1464,0.1134,0.11165,0.0111,0.22505,-0.21395
"nc_chr8_7",1465,0.109,-0.0102,0.283,0.0988,0.1842
"KDSR",1466,0.0530000000000016,0.215,0.0520000000000018,0.268000000000002,-0.216
"TNK2",1467,0.12435,-0.00825,0.0465,0.1161,-0.0696
"SMAD7",1468,0.02225,0.0785,0.035555,0.10075,-0.065195
"CCNE1",1469,0.266,0.131,0.62,0.397,0.223
"HGS",1470,-0.01655,-0.000949999999999999,0.1185,-0.0175,0.136
"MLH3",1471,0.1365,-0.0443,0.1365,0.0922,0.0443
"FZD4",1472,0.2205,0.11465,0.12185,0.33515,-0.2133
"PTAR1",1473,0.211,-0.00115,0.07405,0.20985,-0.1358
"PLD2",1474,-0.0214,0.0845,0.228,0.0631,0.1649
"TAOK3",1475,-0.06855,-0.0847,0.027,-0.15325,0.18025
"PPP6C",1476,0.145,-0.00894999999999842,0.0221500000000018,0.136050000000002,-0.1139
"ABL1",1477,0.054265,-0.19915,0.03885,-0.144885,0.183735
"nc_chrX_6",1478,0.155,0.0604,0.272,0.2154,0.0566
"MDC1",1479,0.18415,-0.0177499999999984,0.18225,0.166400000000002,0.0158499999999984
"nc_chr19_7",1480,0.0316,0.191,0.265,0.2226,0.0424
"GNG2",1481,0.06355,0.10735,0.1635,0.1709,-0.00739999999999999
"ITGB2",1482,0.0462,0.165,0.206,0.2112,-0.00520000000000001
"MECP2",1483,0.0704,-0.00373299,0.405,0.06666701,0.33833299
"EIF4ENIF1",1484,0.2155,0.051,0.2325,0.2665,-0.034
"RPA3",1485,-0.09295,0.2435,0.17675,0.15055,0.0262
"BRD2",1486,0.277,0.10085,0.07375,0.37785,-0.3041
"ST3GAL1",1487,-0.15175,0.184,0.0435,0.03225,0.01125
"IL6R",1488,0.11105,0.1235,0.1585,0.23455,-0.07605
"FKBP1A",1489,0.12245,0.03485,0.159,0.1573,0.00170000000000001
"ANAPC5",1490,0.02605,0.09845,0.366,0.1245,0.2415
"DUSP2",1491,-0.15265,-0.0608,0.0311,-0.21345,0.24455
"IL2RB",1492,0.381,0.126,0.1995,0.507,-0.3075
"BAX",1493,-0.04245,-0.2395,0.3785,-0.28195,0.66045
"BUB1",1494,-0.08285,0.2885,0.1074,0.20565,-0.09825
"WNT5A",1495,-0.0593,-0.0508,0.09815,-0.1101,0.20825
"GLI3",1496,-0.06154,-0.100485,0.05085,-0.162025,0.212875
"MSN",1497,-0.01585,-0.0101,0.1076,-0.02595,0.13355
"nc_chr18_4",1498,0.393,0.042,0.554,0.435,0.119
"CD46",1499,0.02271,0.03321,0.1945,0.05592,0.13858
"PGR",1500,-0.0482,-0.01855,0.154,-0.06675,0.22075
"nc_chrX_2",1501,0.164,0.00381,0.258,0.16781,0.09019
"HK1",1502,-0.01105,0.0739,0.197,0.06285,0.13415
"DUSP16",1503,0.017725,0.0558,-0.05865,0.073525,-0.132175
"ASNA1",1504,0.1629,0.292,0.1175,0.4549,-0.3374
"UBE2C",1505,0.1494,0.182,0.287,0.3314,-0.0444000000000001
"CASP7",1506,0.04565,0.125,0.12305,0.17065,-0.0476
"HNF1B",1507,0.05084,0.222,0.2103,0.27284,-0.06254
"NFATC1",1508,0.0398,0.1329,0.03325,0.1727,-0.13945
"BLNK",1509,0.11355,-0.02475,0.0549,0.0888,-0.0339
"MAP2K4",1510,0.0732,0.2165,0.1545,0.2897,-0.1352
"KIF11",1511,0.0972,0.1254,0.324,0.2226,0.1014
"nc_chr18_1",1512,0.105,0.0931,0.366,0.1981,0.1679
"MAML1",1513,-0.1271,-0.0706,0.06705,-0.1977,0.26475
"MYOG",1514,0.165,0.13875,0.03860195,0.30375,-0.26514805
"PHLPP1",1515,0.01005,-0.198,0.0732,-0.18795,0.26115
"STAMBP",1516,0.02445,-0.12555,0.1345,-0.1011,0.2356
"FZD7",1517,0.153,0.121,0.1,0.274,-0.174
"CDC25B",1518,0.08715,0.10975,0.7725,0.1969,0.5756
"MAPK11",1519,-0.1111,0.03415,0.147,-0.07695,0.22395
"HDAC1",1520,0.1255,0.006145,0.187,0.131645,0.055355
"PIP4K2C",1521,0.027,-0.0896,0.0654,-0.0626,0.128
"JAK1",1522,-0.0437,0.0134,0.4865,-0.0303,0.5168
"TAB2",1523,0.19355,0.2145,0.1585,0.40805,-0.24955
"VPS54",1524,0.1009,0.06645,0.07875,0.16735,-0.0886
"SH3RF1",1525,0.05295,0.04875,0.1238,0.1017,0.0221
"VEGFA",1526,-0.0237499025,-0.0701,0.191,-0.0938499025,0.2848499025
"STAT5B",1527,0.1466,0.14535,0.09685,0.29195,-0.1951
"CSNK1A1L",1528,0.0499,-0.01366,0.15395,0.03624,0.11771
"nc_chr16_11",1529,0.393,1.04,1.37,1.433,-0.0629999999999999
"SOX9",1530,0.01845,0.10905,0.0986,0.1275,-0.0289
"PSMC4",1531,-0.5525,-0.0397,0.2405,-0.5922,0.8327
"nc_chr12_10",1532,0.24,0.0145,0.385,0.2545,0.1305
"PTPRG",1533,0.206,0.005,0.08325,0.211,-0.12775
"HLA-A",1534,0.146,0.02459,0.0659,0.17059,-0.10469
"COPS8",1535,0.10325,0.405,0.3115,0.50825,-0.19675
"nc_chr5_4",1536,0.134,0.143,0.301,0.277,0.024
"FER",1537,0.2525,0.052405,0.3375,0.304905,0.032595
"CDC26",1538,0.21,0.2775,0.10505,0.4875,-0.38245
"PPARGC1A",1539,0.045795,-0.03511,0.1112,0.010685,0.100515
"RND1",1540,0.2485,0.0583,0.0903,0.3068,-0.2165
"FOXA1",1541,-0.06615,0.013995,0.08485,-0.052155,0.137005
"RAD9B",1542,0.1427,-0.06125,0.2605,0.08145,0.17905
"TCL1B",1543,0.09945,0.1775,0.283,0.27695,0.00605
"SKP2",1544,0.083,0.08955,0.509,0.17255,0.33645
"VAV1",1545,-0.01785,0.00225,0.012375,-0.0156,0.027975
"ERCC1",1546,0.01525,0.04655,0.163,0.0618,0.1012
"nc_chr17_2",1547,0.215,0.0678,0.363,0.2828,0.0802
"AKT2",1548,-0.03605,-0.09,0.09085,-0.12605,0.2169
"SMO",1549,0.0549,-0.05115,0.09915,0.00375,0.0954
"TFDP1",1550,0.321,0.04445,0.2864,0.36545,-0.07905
"TGFBR2",1551,0.0861,0.08705,0.111,0.17315,-0.06215
"CDK6",1552,0.0917,-0.0501,0.233,0.0416,0.1914
"PRKCH",1553,0.10105,-0.04105,0.1113,0.06,0.0513
"MAPK9",1554,0.07995,0.281,0.1985,0.36095,-0.16245
"nc_chr5_2",1555,0.148,0.152,0.602,0.3,0.302
"FLT4",1556,0.0745,0.0297,0.305,0.1042,0.2008
"NCOA3",1557,0.10835,0.1007,0.3925,0.20905,0.18345
"CDC45",1558,0.159,0.058,0.2865,0.217,0.0695
"EPOR",1559,-0.01055,-0.00715,0.0929,-0.0177,0.1106
"PSTK",1560,0.1916,0.2485,0.24,0.4401,-0.2001
"PNKP",1561,0.05465,-0.03328,0.2985,0.02137,0.27713
"MBD4",1562,0.1296,0.10735,0.1506,0.23695,-0.08635
"CHUK",1563,0.1475,-0.0885,0.0996,0.059,0.0406
"HNRNPA1",1564,0.0474525,-0.00405,0.1645,0.0434025,0.1210975
"HSPA1B",1565,0.10165,0.0534,0.134,0.15505,-0.02105
"nc_chr20_5",1566,4.39,4.48,5.04,8.87,-3.83
"SIAH1",1567,-0.0985,-0.1655,0.082,-0.264,0.346
"RPS3A",1568,0.12295,0.2285,0.193,0.35145,-0.15845
"UNG",1569,-0.1909,0.0489,0.118,-0.142,0.26
"NCOA1",1570,0.066975,-0.14335,0.1855,-0.076375,0.261875
"STAT2",1571,0.0853,-0.142,0.5735,-0.0567,0.6302
"STMN1",1572,0.11285,0.0174,0.2095,0.13025,0.07925
"CDC25A",1573,0.061815,-0.11355,0.7355,-0.051735,0.787235
"PFKFB3",1574,0.1435,-0.0525,0.178,0.091,0.087
"DUSP6",1575,0.091,0.257,0.411,0.348,0.063
"CDKN2B",1576,0.13765,0.04135,0.1905,0.179,0.0115
"CDK2",1577,0.145,0.0873,0.87,0.2323,0.6377
"E2F3",1578,0.3675,0.223,0.3725,0.5905,-0.218
"NFKB1",1579,0.03725,-0.004,0.3435,0.03325,0.31025
"STAT6",1580,0.293,0.15,0.4405,0.443,-0.00249999999999995
"HSPA1A",1581,0.0431,-0.1206,0.3305,-0.0775,0.408
"PTPN6",1582,0.1725,0.201,0.365,0.3735,-0.00850000000000001
"MAST3",1583,0.04935,-0.0078,0.23,0.04155,0.18845
"MYH9",1584,0.00565,-0.0361,0.1725,-0.03045,0.20295
"WNT10B",1585,0.0242,0.1285,0.4295,0.1527,0.2768
"nc_chr1_1",1586,0.185,0.2,0.744,0.385,0.359
"CSK",1587,-0.1805,0.3805,0.3255,0.2,0.1255
"FAS",1588,0.1405,0.0601,0.2645,0.2006,0.0639
"CAND1",1589,0.203,0.08915,0.3425,0.29215,0.05035
