"group_id"	"type"	"items_in_group"	"lo_value"	"p"	"FDR"	"goodsgrna"	"rank"	"log2FoldChange"
"ABCG2"	"x"	6	5.6561e-11	3.1155e-06	0.00495	6	1	-0.6685
"FBXW11"	"x"	6	0.00017397	0.0008256	0.480198	5	2	-0.4575
"SPTSSA"	"x"	6	0.00019006	0.0009066	0.480198	2	3	-0.313
"MYOCD"	"x"	6	0.00027437	0.001268	0.503713	4	4	-0.2975
"CREBBP"	"x"	6	0.00036367	0.001592	0.505941	2	5	-0.063
"HUS1"	"x"	6	0.00064875	0.0025516	0.675743	4	6	-0.2275
"PLN"	"x"	6	0.0010907	0.003885	0.780322	1	7	-0.1125
"IL10"	"x"	6	0.0011057	0.0039286	0.780322	4	8	-0.255
"SET"	"x"	6	0.0019497	0.006907	0.93323	2	9	-0.0884
"POLD3"	"x"	6	0.0021981	0.0077856	0.93323	3	10	-0.18
"RAD51"	"x"	6	0.0025434	0.0089508	0.93323	2	11	-0.0533
"PRKAA1"	"x"	6	0.0028871	0.010091	0.93323	4	12	-0.2765
"MAPK8"	"x"	6	0.0032691	0.011269	0.93323	1	13	0.0419
"RARA"	"x"	6	0.0033343	0.011518	0.93323	3	14	-0.11725
"PTPN7"	"x"	4	0.0037487	0.010465	0.93323	3	15	-0.369
"KAT2B"	"x"	6	0.0038742	0.013182	0.93323	2	16	0.00265
"RPS6KA2"	"x"	6	0.0043339	0.014615	0.93323	2	17	-0.2353
"FADD"	"x"	6	0.004818	0.016004	0.93323	2	18	-0.059
"NUMB"	"x"	6	0.0049428	0.016297	0.93323	3	19	-0.374
"IL20RB"	"x"	6	0.0053263	0.017325	0.93323	3	20	-0.3995
"TGFA"	"x"	6	0.0054435	0.017606	0.93323	2	21	0.0983
"IL21R"	"x"	6	0.0058143	0.018571	0.93323	3	22	-0.338
"SIK2"	"x"	6	0.0058429	0.018634	0.93323	3	23	-0.4255
"KAT2A"	"x"	6	0.0061674	0.019475	0.93323	2	24	-0.07295
"MAPK14"	"x"	6	0.006415	0.019986	0.93323	2	25	-0.2345
"nc_chr14_2"	"n"	1	0.0066077	0.0063712	0.93323	1	26	-0.442
"RPL30"	"p"	6	0.0069949	0.021444	0.93323	2	27	-0.0114
"GTF2H5"	"x"	6	0.0076139	0.022927	0.93323	1	28	-0.1185
"ACP1"	"x"	6	0.0084658	0.024858	0.93323	3	29	-0.233
"FZD9"	"x"	6	0.0087927	0.025538	0.93323	3	30	-0.2625
"STAT3"	"x"	6	0.0090405	0.026123	0.93323	3	31	-0.3005
"PAK4"	"x"	6	0.0090587	0.02613	0.93323	1	32	0.1065
"KLF5"	"x"	6	0.0092079	0.026478	0.93323	2	33	-0.4015
"CEBPB"	"x"	6	0.009669	0.027625	0.93323	3	34	-0.2285
"APEX2"	"x"	6	0.0097805	0.027831	0.93323	1	35	0.3335
"SMURF1"	"x"	6	0.010228	0.028815	0.93323	3	36	-0.2525
"TCF7L2"	"x"	6	0.010502	0.029519	0.93323	1	37	-0.0758
"SLX4"	"x"	6	0.010639	0.029824	0.93323	3	38	-0.2841
"CIITA"	"x"	6	0.01096	0.030485	0.93323	2	39	-0.05765
"nc_chr10_8"	"n"	1	0.010972	0.01077	0.93323	1	40	-0.372
"NDE1"	"x"	6	0.011223	0.030977	0.93323	1	41	0.0529
"BUB3"	"x"	6	0.011235	0.031008	0.93323	2	42	-0.08015
"GDNF"	"x"	6	0.011943	0.032747	0.93323	3	43	-0.344
"MAPK8IP3"	"x"	6	0.011983	0.032865	0.93323	2	44	-0.0879
"nc_chr17_9"	"n"	1	0.012427	0.012365	0.93323	1	45	-0.428
"STAG3"	"x"	6	0.012521	0.034074	0.93323	3	46	-0.2925
"SNAP23"	"x"	6	0.012845	0.03471	0.93323	3	47	-0.171
"MCL1"	"x"	6	0.012938	0.034872	0.93323	3	48	-0.23
"FYN"	"x"	6	0.013383	0.035806	0.93323	2	49	-0.08189
"SENP1"	"x"	6	0.013646	0.03633	0.93323	2	50	-0.1785
"SIAH2"	"x"	6	0.014774	0.038884	0.93323	2	51	-0.20305
"HSPB1"	"x"	6	0.01482	0.038978	0.93323	1	52	-0.09205
"SNCA"	"x"	6	0.014846	0.03904	0.93323	3	53	-0.26925
"PMS2"	"x"	6	0.014878	0.039071	0.93323	2	54	-0.06695
"MAP3K4"	"x"	6	0.015088	0.039613	0.93323	2	55	-0.2365
"MINOS1"	"x"	6	0.015539	0.040679	0.93323	2	56	0.1485
"IKBKB"	"x"	6	0.01605	0.041757	0.93323	2	57	-0.0335
"NR2C2AP"	"x"	5	0.016205	0.040785	0.93323	3	58	-0.315
"CSNK2A2"	"x"	6	0.016256	0.042162	0.93323	1	59	-0.159897
"SMC6"	"x"	6	0.016596	0.042953	0.93323	3	60	-0.234
"PXN"	"x"	6	0.016641	0.043065	0.93323	3	61	-0.26525
"BARD1"	"x"	6	0.016971	0.043676	0.93323	3	62	-0.2395
"CDK5"	"x"	6	0.017039	0.043807	0.93323	3	63	-0.1755
"TAF6L"	"x"	6	0.017416	0.044698	0.93323	3	64	-0.1525
"SALL4"	"x"	6	0.017691	0.045321	0.93323	2	65	-0.14155
"NFATC2"	"x"	6	0.01794	0.045882	0.93323	2	66	-0.00901
"SP7"	"x"	6	0.018271	0.046673	0.93323	3	67	-0.204
"RUNX2"	"x"	6	0.018407	0.046985	0.93323	1	68	0.01875
"PPARG"	"x"	6	0.01909	0.048505	0.935527	3	69	-0.099765
"ERBB4"	"x"	6	0.019123	0.048561	0.935527	3	70	-0.1955
"PIAS3"	"x"	6	0.019388	0.049028	0.935527	3	71	-0.21555
"CCNB2"	"x"	6	0.019839	0.050044	0.935527	1	72	-0.0413
"GLI3"	"x"	6	0.020523	0.051614	0.937773	2	73	-0.06154
"PIP4K2A"	"x"	6	0.020554	0.05172	0.937773	1	74	-0.172
"SLC4A1"	"x"	6	0.021132	0.053041	0.937773	2	75	0.0311
"nc_chr14_6"	"n"	1	0.021399	0.021487	0.93323	1	76	-0.28
"TAOK2"	"x"	6	0.021551	0.053895	0.937773	3	77	-0.2555
"INCENP"	"x"	6	0.021983	0.054717	0.937773	2	78	0.185
"MGMT"	"x"	6	0.021997	0.054748	0.937773	2	79	-0.1589
"MAP3K1"	"x"	6	0.022065	0.054885	0.937773	3	80	-0.169
"NEIL1"	"x"	6	0.02341	0.058088	0.945494	1	81	0.0593
"RFK"	"x"	6	0.023516	0.058312	0.945494	2	82	-0.10073
"nc_chr8_1"	"n"	1	0.024066	0.024092	0.93323	1	83	-0.32
"RFC2"	"x"	6	0.024123	0.059708	0.956722	1	84	-0.20155
"SOS1"	"x"	6	0.024836	0.061303	0.956722	1	85	0.0047
"CHTF18"	"x"	6	0.025548	0.062905	0.956722	2	86	-0.0215
"POLE2"	"x"	6	0.02626	0.064543	0.956722	2	87	-0.049999902
"nc_chr12_3"	"n"	1	0.026491	0.026541	0.93323	1	88	-0.282
"KLK11"	"x"	6	0.026795	0.06579	0.956722	3	89	-0.2265
"RHOB"	"x"	6	0.026868	0.06597	0.956722	3	90	-0.1785
"BTRC"	"x"	6	0.026971	0.066201	0.956722	1	91	0.0908
"ERCC5"	"x"	6	0.027682	0.067534	0.956722	1	92	-0.0224
"SMARCD3"	"x"	6	0.027779	0.067783	0.956722	2	93	-0.0917
"LYN"	"x"	6	0.028613	0.069752	0.956722	2	94	-0.2335
"BRCA1"	"x"	6	0.028893	0.070388	0.956722	2	95	-0.06035
"KCTD10"	"x"	6	0.029812	0.072214	0.956722	1	96	-0.0468
"POLR2F"	"p"	6	0.030521	0.073703	0.956722	1	97	0.0919
"nc_chr13_11"	"n"	1	0.030613	0.030691	0.93323	1	98	-0.38
"nc_chr20_6"	"n"	1	0.031098	0.031121	0.93323	1	99	-0.495
"nc_chr1_3"	"n"	1	0.03122	0.031233	0.93323	1	100	-0.179
"CYLD"	"x"	6	0.03123	0.075205	0.956722	1	101	-0.17815
"IL1R1"	"x"	5	0.032014	0.068506	0.956722	1	102	-0.0552
"CCT2"	"x"	6	0.032155	0.077149	0.956722	3	103	-0.2925
"CRTC2"	"x"	6	0.032493	0.077846	0.956722	2	104	-0.152
"PRKAG1"	"x"	6	0.032641	0.07822	0.956722	2	105	-0.1325
"STK11"	"x"	6	0.032803	0.078613	0.956722	3	106	-0.31
"nc_chr20_8"	"n"	1	0.033038	0.033071	0.93323	1	107	-2.21
"nc_chr4_3"	"n"	1	0.033281	0.033289	0.93323	1	108	-0.304
"UNG"	"x"	6	0.033542	0.080333	0.956722	3	109	-0.1909
"nc_chr9_9"	"n"	1	0.033645	0.033594	0.93323	1	110	-0.331
"MAPKAPK5"	"x"	6	0.03406	0.081473	0.956722	1	111	0.0724
"PPP2R5D"	"x"	6	0.034458	0.082327	0.956722	3	112	-0.2405
"KCNK3"	"x"	6	0.03489	0.083274	0.956722	2	113	-0.21585
"EPHB2"	"x"	6	0.035389	0.084283	0.956722	3	114	-0.347
"SMAD6"	"x"	6	0.035473	0.084445	0.956722	2	115	-0.1129
"nc_chr4_1"	"n"	1	0.035584	0.035544	0.93323	1	116	-0.444
"MED10"	"x"	6	0.035654	0.084819	0.956722	2	117	-0.1735
"MLH3"	"x"	6	0.036178	0.08604	0.956722	1	118	0.1365
"CDCA8"	"x"	6	0.03668	0.087193	0.956722	3	119	-0.21645
"EXO1"	"x"	6	0.036884	0.087579	0.956722	1	120	-0.0396
"ATF4"	"x"	6	0.037588	0.089056	0.956722	2	121	0.0302
"KRT8"	"x"	6	0.037673	0.089293	0.956722	2	122	-0.00165000000000001
"H3F3A"	"x"	6	0.03783	0.089642	0.956722	2	123	-0.1645
"nc_chr7_1"	"n"	1	0.038252	0.038436	0.93323	1	124	-0.324
"TIPIN"	"x"	6	0.038462	0.0909	0.956722	2	125	-0.1196
"THEM4"	"x"	6	0.039098	0.092215	0.956722	2	126	-0.0265
"LGALS3"	"x"	6	0.040403	0.093929	0.956722	2	127	-0.2281
"LAMTOR4"	"x"	6	0.040706	0.094284	0.956722	2	128	0.1134
"HIST1H1B"	"x"	6	0.041106	0.094788	0.956722	1	129	-0.0491
"DDB1"	"x"	6	0.04152	0.095306	0.956722	2	130	0.03275
"CSNK1D"	"x"	6	0.041808	0.095642	0.956722	1	131	-0.0649998495
"SMARCE1"	"x"	6	0.041848	0.095711	0.956722	2	132	-0.229
"PARP1"	"x"	6	0.043501	0.097804	0.956722	2	133	-0.125
"nc_chr8_9"	"n"	1	0.043829	0.044056	0.93323	1	134	-0.367
"HECTD1"	"x"	6	0.043912	0.098365	0.956722	1	135	-0.0206
"HELQ"	"x"	6	0.044506	0.099256	0.956722	2	136	0.0055
"CHMP4B"	"x"	6	0.044613	0.099406	0.956722	1	137	0.09885
"KNL1"	"x"	5	0.046975	0.090558	0.956722	2	138	-0.0382
"CDC42"	"x"	6	0.047231	0.10308	0.956722	2	139	-0.219
"TRAF2"	"x"	6	0.048109	0.10418	0.956722	1	140	-0.001
"PARP2"	"x"	6	0.048807	0.10515	0.956722	1	141	-0.09755
"WDR48"	"x"	6	0.049317	0.10575	0.956722	2	142	-0.01
"nc_chr21_10"	"n"	1	0.049406	0.049975	0.935527	1	143	-0.224
"FAIM2"	"x"	5	0.050186	0.095274	0.956722	2	144	-0.262
"PKD2"	"x"	6	0.050202	0.10691	0.956722	2	145	-0.1607
"PIK3CB"	"x"	6	0.050898	0.10792	0.956722	2	146	0.09395
"NCK1"	"x"	6	0.050905	0.10793	0.956722	2	147	-0.1313
"CCNL1"	"x"	6	0.051595	0.10893	0.956722	1	148	-0.1212
"MAP3K14"	"x"	6	0.051975	0.10938	0.956722	2	149	0.1024
"SRC"	"x"	6	0.05229	0.10975	0.956722	1	150	0.00365
"EZH2"	"x"	5	0.053257	0.099661	0.956722	2	151	-0.284
"TOP2A"	"x"	6	0.053681	0.11153	0.956722	1	152	-0.0492
"nc_chrX_5"	"n"	1	0.054256	0.054593	0.937773	1	153	-0.297
"BRD2"	"x"	6	0.054324	0.11235	0.956722	2	154	0.277
"APOA1"	"x"	6	0.054375	0.1124	0.956722	2	155	0.1076
"SERBP1"	"x"	4	0.054848	0.096209	0.956722	1	156	0.0509
"TSC2"	"x"	6	0.055069	0.11327	0.956722	1	157	-0.058955
"FDPS"	"x"	6	0.055763	0.11415	0.956722	1	158	0.13245
"PIK3CD"	"x"	6	0.055789	0.11419	0.956722	2	159	-0.01045
"nc_chr17_10"	"n"	1	0.055953	0.056356	0.945494	1	160	-0.972
"PLK1"	"x"	6	0.056456	0.1151	0.956722	1	161	0.004
"nc_chr11_11"	"n"	1	0.056923	0.057396	0.945494	1	162	-0.371
"nc_chr18_8"	"n"	1	0.057287	0.057833	0.945494	1	163	-0.201
"LATS1"	"x"	6	0.057842	0.11681	0.956722	1	164	-0.1582
"PPP1R2"	"x"	6	0.058534	0.11785	0.956722	2	165	-0.009735
"PPP2R2A"	"x"	6	0.058766	0.1181	0.956722	2	166	-0.1895
"TBC1D4"	"x"	6	0.059142	0.11863	0.956722	2	167	-0.1017
"PPP2R5A"	"x"	6	0.059225	0.11876	0.956722	2	168	-0.0525
"GATA1"	"x"	6	0.060277	0.12014	0.956722	2	169	-0.193
"IRF3"	"x"	6	0.060607	0.12057	0.956722	1	170	0.06715
"MAPK1"	"x"	6	0.061229	0.1214	0.956722	2	171	-0.1925
"HLA-F"	"x"	6	0.06142	0.1217	0.956722	2	172	-0.208
"nc_chr4_9"	"n"	1	0.06153	0.062063	0.956722	1	173	-0.22
"CRK"	"x"	6	0.062677	0.12346	0.956722	2	174	-0.246
"KIF11"	"x"	6	0.063366	0.12434	0.956722	2	175	0.0972
"HNRNPC"	"x"	6	0.063731	0.12471	0.956722	2	176	0.0843
"nc_chr14_9"	"n"	1	0.064076	0.064543	0.956722	1	177	-0.359
"WNT6"	"x"	6	0.064743	0.12611	0.956722	1	178	0.1325
"PPP5C"	"x"	6	0.06543	0.12712	0.956722	2	179	-0.162
"SNRPB2"	"x"	6	0.065681	0.12736	0.956722	2	180	0.04105
"RBM38"	"x"	6	0.066118	0.12794	0.956722	1	181	0.0136
"CAPN1"	"x"	6	0.066467	0.12845	0.956722	2	182	-0.09435
"ADD1"	"x"	6	0.066664	0.12872	0.956722	2	183	0.01056
"SLC2A1"	"x"	6	0.066805	0.1289	0.956722	1	184	0.0488
"SOX17"	"x"	6	0.068863	0.13168	0.956722	1	185	0.04305
"STAT4"	"x"	6	0.069548	0.1326	0.956722	1	186	-0.02335
"JUNB"	"x"	6	0.070233	0.13336	0.956722	1	187	0.0516
"ORC6"	"x"	6	0.072968	0.13686	0.956722	1	188	-0.155
"LCMT1"	"x"	6	0.073089	0.13703	0.956722	2	189	-0.2025
"KRAS"	"x"	6	0.073651	0.13778	0.956722	1	190	0.1162
"EAF1"	"x"	6	0.074333	0.13863	0.956722	1	191	-0.0168
"nc_chr16_1"	"n"	1	0.075352	0.075815	0.956722	1	192	-0.273
"DNM2"	"x"	6	0.075697	0.14054	0.956722	2	193	-0.1032
"NDC1"	"x"	6	0.076378	0.14126	0.956722	1	194	0.07535
"BIRC6"	"x"	6	0.076591	0.14145	0.956722	2	195	-0.212
"ERBB2"	"x"	6	0.077058	0.14212	0.956722	1	196	-0.215
"AIMP1"	"x"	6	0.077215	0.14234	0.956722	2	197	-0.154
"GFAP"	"x"	6	0.077632	0.14292	0.956722	2	198	-0.1825
"BRCA2"	"x"	4	0.078232	0.13211	0.956722	2	199	-0.0415
"VASP"	"x"	6	0.078418	0.14402	0.956722	1	200	-0.1008
"RPL6"	"p"	6	0.078469	0.14407	0.956722	2	201	0.04155
"ATP6V1D"	"x"	6	0.079098	0.1449	0.956722	1	202	-0.0545
"CHMP7"	"x"	6	0.079309	0.14525	0.956722	2	203	-0.1113
"ATR"	"x"	6	0.080364	0.14667	0.956722	2	204	-0.0612
"RFC3"	"x"	6	0.080787	0.14722	0.956722	2	205	-0.0308
"CTBP2"	"x"	6	0.081811	0.1486	0.956722	2	206	-0.04251
"CBL"	"x"	5	0.082319	0.14093	0.956722	1	207	-0.00337
"RAD51C"	"x"	6	0.082488	0.14946	0.956722	1	208	0.0899
"RPS6KA1"	"x"	6	0.082488	0.14946	0.956722	2	209	-0.01315
"BAX"	"x"	6	0.08313	0.15043	0.956722	2	210	-0.04245
"JAK2"	"x"	6	0.083344	0.15074	0.956722	2	211	-0.0468
"PRKD1"	"x"	6	0.083842	0.15133	0.956722	1	212	-0.09795
"VPS4A"	"x"	6	0.083987	0.15149	0.956722	2	213	-0.3485
"RPS6KB2"	"x"	6	0.084518	0.1522	0.956722	1	214	0.12755
"IL6ST"	"x"	6	0.085064	0.15303	0.956722	2	215	0.00105
"BMP2"	"x"	6	0.085193	0.15322	0.956722	2	216	-0.16545
"PTPRD"	"x"	6	0.085869	0.15411	0.956722	2	217	-0.1082
"nc_chr10_5"	"n"	1	0.086263	0.086701	0.956722	1	218	-0.152
"nc_chr3_1"	"n"	1	0.086506	0.086888	0.956722	1	219	-0.182
"TDG"	"x"	6	0.086543	0.15494	0.956722	1	220	0.11795
"nc_chr8_11"	"n"	1	0.08687	0.087187	0.956722	1	221	-0.348
"TTC3"	"x"	6	0.087218	0.15583	0.956722	2	222	-0.385
"IL7R"	"x"	5	0.087497	0.14794	0.956722	2	223	-0.0187
"SNCAIP"	"x"	6	0.087668	0.15652	0.956722	2	224	-0.05015
"nc_chr3_6"	"n"	1	0.088082	0.088395	0.956722	1	225	-0.299
"MIOS"	"x"	6	0.088104	0.15704	0.956722	2	226	-0.1415
"LRRK2"	"x"	6	0.089199	0.15834	0.956722	2	227	-0.2005
"MAP2K2"	"x"	6	0.089238	0.15838	0.956722	1	228	0.168
"CHEK1"	"x"	6	0.090079	0.15946	0.956722	2	229	-0.2195
"nc_chrX_11"	"n"	1	0.091355	0.091636	0.956722	1	230	-0.196
"YWHAE"	"x"	6	0.091404	0.16115	0.956722	2	231	-0.0881
"SH3BP2"	"x"	6	0.091927	0.16183	0.956722	1	232	0.1995
"BUB1"	"x"	6	0.092069	0.16203	0.956722	2	233	-0.08285
"nc_chr19_6"	"n"	1	0.092568	0.092907	0.956722	1	234	-0.438
"PHB2"	"x"	6	0.092598	0.16271	0.956722	2	235	-0.1133
"MAP2K6"	"x"	6	0.093939	0.16445	0.956722	1	236	0.0966
"nc_chr2_3"	"n"	1	0.094144	0.094626	0.956722	1	237	-0.224
"nc_chr3_8"	"n"	1	0.094508	0.095007	0.956722	1	238	-0.336
"PPP4R2"	"x"	6	0.095278	0.16618	0.956722	2	239	-0.07545
"STAG2"	"x"	6	0.095643	0.16666	0.956722	2	240	-0.0909
"FANCF"	"x"	6	0.095868	0.16692	0.956722	2	241	-0.02007
"FOXG1"	"x"	6	0.095947	0.16701	0.956722	1	242	0.06545
"GFPT1"	"x"	5	0.096177	0.16029	0.956722	2	243	-0.0377
"HSF1"	"x"	6	0.096544	0.1678	0.956722	2	244	-0.10686
"KIR3DL1"	"x"	3	0.096896	0.12768	0.956722	1	245	-0.14
"GINS2"	"x"	5	0.097306	0.16183	0.956722	2	246	-0.114
"TP53RK"	"x"	6	0.097901	0.16958	0.956722	2	247	-0.3235
"RAF1"	"x"	5	0.098057	0.16288	0.956722	2	248	0.17
"CTNND1"	"x"	6	0.098619	0.17054	0.956722	1	249	0.0155
"TOB1"	"x"	6	0.099492	0.17157	0.956722	2	250	-0.1144
"MAFB"	"x"	6	0.09972	0.17184	0.956722	2	251	-0.05675
"PER2"	"x"	6	0.10128	0.17387	0.956722	1	252	-0.0451
"USP1"	"x"	6	0.10178	0.17463	0.956722	2	253	-0.09785
"IL22RA1"	"x"	6	0.10224	0.17519	0.956722	2	254	-0.11465
"nc_chr13_3"	"n"	1	0.10287	0.10373	0.956722	1	255	-0.192
"CAPN3"	"x"	6	0.10394	0.17741	0.956722	1	256	-0.04575
"MAT1A"	"x"	6	0.10432	0.17788	0.956722	2	257	-0.1048
"AGMO"	"x"	6	0.10461	0.1782	0.956722	1	258	-0.01765
"ARHGAP35"	"x"	6	0.10478	0.17844	0.956722	2	259	-0.13925
"DPH6"	"x"	6	0.10664	0.18086	0.956722	2	260	-0.07545
"COPS6"	"p"	6	0.10688	0.1812	0.956722	2	261	0.1223
"SURF1"	"x"	6	0.10711	0.1815	0.956722	2	262	0.07375
"STAG1"	"x"	6	0.10726	0.18165	0.956722	1	263	0.07565
"nc_chr5_10"	"n"	1	0.10736	0.10832	0.956722	1	264	-0.168
"TUBA1C"	"x"	6	0.10858	0.18343	0.956722	1	265	0.0315
"DUSP4"	"x"	6	0.10924	0.18438	0.956722	1	266	0.01885
"GPI"	"x"	6	0.1099	0.18526	0.956722	2	267	-0.029285
"ARAF"	"x"	6	0.10993	0.18529	0.956722	2	268	-0.166
"HOXB6"	"x"	5	0.11082	0.1809	0.956722	1	269	0.0382
"NBN"	"x"	6	0.11111	0.18687	0.956722	2	270	-0.1255
"GTF2H3"	"x"	6	0.11122	0.18706	0.956722	2	271	-0.1353
"PKMYT1"	"x"	6	0.11158	0.18757	0.956722	2	272	-0.3215
"FOXA1"	"x"	6	0.11188	0.18796	0.956722	1	273	-0.06615
"TYMS"	"x"	6	0.11229	0.18848	0.956722	2	274	-0.349
"UBE2T"	"x"	6	0.11254	0.18883	0.956722	1	275	-0.1061
"PIM1"	"x"	6	0.1132	0.18972	0.956722	1	276	0.04435
"PIAS1"	"x"	6	0.11443	0.19134	0.956722	2	277	-0.2045
"FBXW7"	"x"	6	0.11451	0.19141	0.956722	1	278	0.05795
"CDH11"	"x"	6	0.11467	0.19167	0.956722	2	279	-0.1125
"SOX9"	"x"	6	0.11517	0.19231	0.956722	1	280	0.01845
"nc_chr6_4"	"n"	1	0.11585	0.11678	0.956722	1	281	-0.157
"RPL34"	"p"	5	0.11679	0.18931	0.956722	2	282	-0.207
"NCL"	"x"	6	0.11683	0.19456	0.956722	2	283	0.0341
"MED1"	"x"	6	0.11707	0.19495	0.956722	2	284	-0.1915
"EEF1A1"	"x"	6	0.11714	0.19508	0.956722	1	285	-0.0883
"TNF"	"x"	6	0.11731	0.1953	0.956722	2	286	0.06285
"HOXB8"	"x"	5	0.11739	0.19007	0.956722	2	287	-0.168
"TNFRSF1A"	"x"	6	0.11779	0.19604	0.956722	1	288	-0.12955
"nc_chr11_6"	"n"	1	0.11839	0.11943	0.956722	1	289	-0.138
"ZFP36"	"x"	6	0.11845	0.19691	0.956722	1	290	0.00315
"nc_chr1_4"	"n"	1	0.11912	0.12015	0.956722	1	291	-0.275
"nc_chr10_1"	"n"	1	0.11936	0.12036	0.956722	1	292	-0.143
"MPG"	"x"	6	0.11948	0.19832	0.956722	2	293	-0.2365
"JAK1"	"x"	6	0.11976	0.19868	0.956722	1	294	-0.0437
"WNK1"	"x"	6	0.12021	0.19929	0.956722	2	295	-0.1198
"TBK1"	"x"	6	0.12191	0.20146	0.956722	2	296	-0.0522
"PARP3"	"x"	6	0.12237	0.20201	0.956722	1	297	0.015025
"SHC1"	"x"	6	0.12302	0.20282	0.956722	2	298	-0.0829
"nc_chr20_4"	"n"	1	0.12397	0.12501	0.956722	1	299	-0.32
"FRAT2"	"x"	6	0.12433	0.2044	0.956722	1	300	0.06985
"YES1"	"x"	6	0.12435	0.20445	0.956722	2	301	0.0702
"USF1"	"x"	5	0.12491	0.20046	0.956722	2	302	-0.299
"STK4"	"x"	6	0.12498	0.20521	0.956722	2	303	-0.039
"NEIL2"	"x"	6	0.12563	0.20596	0.956722	1	304	-0.00355
"APP"	"x"	5	0.12594	0.20185	0.956722	2	305	-0.311
"DUSP2"	"x"	6	0.12693	0.20773	0.956722	2	306	-0.15265
"nc_chr19_11"	"n"	1	0.127	0.12796	0.956722	1	307	-0.347
"ADRB2"	"x"	6	0.12805	0.2091	0.956722	2	308	-0.1147
"STAT2"	"x"	6	0.12854	0.20973	0.956722	2	309	0.0853
"GPHN"	"x"	6	0.12879	0.21008	0.956722	2	310	-0.116335
"SMURF2"	"x"	6	0.12888	0.2102	0.956722	1	311	0.2455
"BCL2L11"	"x"	6	0.12952	0.21098	0.956722	1	312	-0.09395
"ZAP70"	"x"	6	0.13202	0.21437	0.956722	2	313	-0.25685
"nc_chr14_11"	"n"	1	0.13318	0.13411	0.956722	1	314	-0.191
"HNRNPD"	"x"	6	0.13341	0.21611	0.956722	1	315	-0.08825
"DOT1L"	"x"	6	0.13405	0.21692	0.956722	2	316	-0.2235
"RUNX3"	"x"	6	0.1347	0.21776	0.956722	1	317	-0.12705
"NR1D1"	"x"	6	0.13528	0.21843	0.956722	2	318	-0.07897
"ILF3"	"x"	6	0.13578	0.2191	0.956722	2	319	-0.12465
"MAU2"	"x"	6	0.13654	0.22016	0.956722	2	320	-0.25
"MAD2L2"	"x"	6	0.13663	0.2203	0.956722	1	321	-0.249
"ATM"	"x"	6	0.13704	0.22075	0.956722	2	322	-0.18205
"ALKBH2"	"x"	6	0.13727	0.22107	0.956722	1	323	-0.0957
"TADA2B"	"x"	6	0.13805	0.22207	0.956722	2	324	-0.1785
"TERT"	"x"	6	0.13856	0.22276	0.956722	2	325	-0.1584
"PHLPP2"	"x"	6	0.13881	0.2231	0.956722	2	326	-0.418
"nc_chr7_8"	"n"	1	0.13949	0.14032	0.956722	0	327	-0.335
"DEFA5"	"x"	6	0.13957	0.22412	0.956722	2	328	-0.036965
"NFKB2"	"x"	6	0.13983	0.22441	0.956722	2	329	-0.235
"CUL4B"	"x"	6	0.13984	0.22442	0.956722	1	330	-0.1245
"nc_chr1_11"	"n"	1	0.14046	0.1413	0.956722	0	331	-0.226
"FGFR2"	"x"	6	0.14048	0.22527	0.956722	2	332	-0.09905
"nc_chr8_2"	"n"	1	0.1424	0.14336	0.956722	0	333	-0.129
"PDE3B"	"x"	6	0.14365	0.22963	0.956722	2	334	0.01345
"FOXO6"	"x"	6	0.14391	0.22997	0.956722	2	335	-0.0997
"APC2"	"x"	6	0.14442	0.23062	0.956722	2	336	-0.16875
"AGO2"	"x"	6	0.14496	0.2313	0.956722	1	337	-0.17
"PTK7"	"x"	6	0.14519	0.23156	0.956722	2	338	-0.0218
"VRK1"	"x"	6	0.14545	0.23184	0.956722	2	339	-0.02227
"CDC26"	"x"	6	0.1456	0.232	0.956722	1	340	0.21
"CTBP1"	"x"	6	0.14751	0.23451	0.956722	1	341	0.0735
"PIK3CA"	"x"	6	0.14802	0.23514	0.956722	2	342	-0.1625
"CDKN1C"	"x"	6	0.14828	0.23543	0.956722	2	343	-0.2105
"2018/03/05"	"x"	6	0.1488	0.23612	0.956722	2	344	-0.1665
"RAD52"	"x"	6	0.14931	0.23674	0.956722	2	345	-0.0025
"ELK3"	"x"	5	0.15145	0.23201	0.956722	1	346	-0.0959
"EP300"	"x"	6	0.15259	0.24116	0.956722	1	347	0.131
"RAC1"	"x"	6	0.15321	0.24192	0.956722	2	348	-0.06925
"PTEN"	"x"	6	0.15323	0.24194	0.956722	1	349	-0.02245
"RRN3"	"x"	6	0.15386	0.24279	0.956722	1	350	-0.1755
"PPP2CA"	"x"	6	0.15449	0.24363	0.956722	1	351	-0.05542
"STAM"	"x"	6	0.15513	0.24446	0.956722	1	352	0.0674
"EPM2A"	"x"	6	0.1553	0.24465	0.956722	2	353	-0.1053
"CEBPD"	"x"	6	0.15635	0.24601	0.956722	2	354	-0.1173
"NGFR"	"x"	6	0.15639	0.24605	0.956722	1	355	-0.09665
"CDC25A"	"x"	6	0.15661	0.24634	0.956722	2	356	0.061815
"DUSP5"	"x"	6	0.15687	0.24666	0.956722	2	357	0.13065
"ID1"	"x"	6	0.15713	0.24687	0.956722	2	358	-0.213
"ERCC6"	"x"	6	0.15828	0.24835	0.956722	1	359	-0.0741
"ZNHIT1"	"x"	5	0.15833	0.23652	0.956722	1	360	0.0656
"nc_chr15_7"	"n"	1	0.15913	0.1595	0.956722	0	361	-0.209
"RPL11"	"p"	6	0.15954	0.25007	0.956722	1	362	0.05945
"POLD2"	"x"	6	0.16017	0.25092	0.956722	1	363	-0.1835
"RDX"	"x"	6	0.16029	0.25107	0.956722	2	364	0.0313
"COL1A1"	"x"	6	0.1608	0.25176	0.956722	1	365	-0.2175
"SIRT2"	"x"	6	0.16082	0.25178	0.956722	2	366	-0.0724
"KRT18"	"x"	6	0.16143	0.25269	0.956722	1	367	0.0431
"PIK3R3"	"x"	6	0.16241	0.25393	0.956722	2	368	-0.03515
"RPS6KB1"	"x"	6	0.16268	0.25431	0.956722	2	369	0.0121
"POLR2D"	"p"	6	0.16331	0.25517	0.956722	1	370	-0.076
"PRODH"	"x"	6	0.16347	0.25532	0.956722	2	371	0.0035
"CUL3"	"x"	6	0.164	0.25598	0.956722	2	372	-0.1134
"PRKAG3"	"x"	6	0.16456	0.25676	0.956722	1	373	-0.08095
"nc_chr6_9"	"n"	1	0.16556	0.16568	0.956722	0	374	-0.161
"CUL1"	"x"	6	0.16586	0.25849	0.956722	2	375	-0.1355
"FANCB"	"x"	6	0.16612	0.25884	0.956722	2	376	-0.1575
"ITGAL"	"x"	6	0.16644	0.25924	0.956722	1	377	0.0603
"YBX1"	"x"	6	0.16666	0.25963	0.956722	2	378	-0.026
"PSMC4"	"p"	6	0.16692	0.26002	0.956722	2	379	-0.5525
"PFN1"	"x"	6	0.16707	0.26021	0.956722	1	380	0.08095
"ITK"	"x"	6	0.16769	0.26088	0.956722	1	381	0.1251
"CFL1"	"x"	5	0.1678	0.24222	0.956722	1	382	-0.0895
"HLA-C"	"x"	6	0.16831	0.26168	0.956722	1	383	0.266
"PPP2R1A"	"x"	6	0.16879	0.26234	0.956722	2	384	-0.13545
"CCNE2"	"x"	6	0.16894	0.26253	0.956722	1	385	0.1885
"CDKN1B"	"x"	6	0.16956	0.26339	0.956722	1	386	0.01195
"S1PR1"	"x"	6	0.17013	0.26418	0.956722	2	387	-0.2415
"LIG3"	"x"	6	0.1704	0.26455	0.956722	2	388	0.07675
"MAF"	"x"	5	0.17041	0.24399	0.956722	1	389	0.124
"PPIH"	"x"	6	0.17067	0.26484	0.956722	2	390	-0.0372
"HMOX1"	"x"	6	0.17147	0.26583	0.956722	2	391	-0.1704
"PKN2"	"x"	6	0.17205	0.26655	0.956722	1	392	0.09705
"RAD1"	"x"	6	0.17282	0.2675	0.956722	2	393	-0.05165
"VAV2"	"x"	6	0.17309	0.26779	0.956722	2	394	-0.149
"RPA3"	"x"	6	0.17391	0.26889	0.956722	1	395	-0.09295
"LIMK2"	"x"	6	0.17515	0.27054	0.956722	1	396	-0.0709
"MUL1"	"x"	6	0.17577	0.27125	0.956722	1	397	0.01375
"PLK4"	"x"	6	0.17578	0.27126	0.956722	2	398	0.0325
"PLK2"	"x"	6	0.17639	0.27205	0.956722	1	399	-0.0639
"LATS2"	"x"	6	0.17659	0.27232	0.956722	2	400	-0.0964
"nc_chr1_9"	"n"	1	0.17707	0.17702	0.956722	0	401	-0.144
"EMC1"	"x"	6	0.17822	0.27435	0.956722	2	402	-0.201
"PFAS"	"x"	6	0.17825	0.27438	0.956722	1	403	-0.1915
"KEAP1"	"x"	6	0.17948	0.27609	0.956722	1	404	0.008
"WDR1"	"x"	5	0.17977	0.25011	0.956722	1	405	0.183
"NME1"	"x"	6	0.17985	0.27667	0.956722	2	406	-0.08635
"RPS11"	"p"	6	0.18071	0.2778	0.956722	2	407	-0.0168
"NOXA1"	"x"	6	0.18694	0.28597	0.956722	2	408	0.021
"FZD8"	"x"	6	0.18747	0.2866	0.956722	2	409	-0.161
"nc_chr3_11"	"n"	1	0.18762	0.18713	0.956722	0	410	-0.101
"C16orf72"	"x"	6	0.18832	0.28767	0.956722	2	411	-0.295
"nc_chr20_7"	"n"	1	0.18835	0.18785	0.956722	0	412	-0.528
"KLRG2"	"x"	6	0.18887	0.28844	0.956722	2	413	-0.13465
"DLC1"	"x"	6	0.18942	0.28907	0.956722	2	414	-0.10865
"CCNA1"	"x"	6	0.18997	0.28972	0.956722	2	415	0.2255
"CDR2"	"x"	6	0.19024	0.29012	0.956722	2	416	-0.07045
"DERL2"	"x"	6	0.19052	0.29052	0.956722	1	417	0.0735
"nc_chr4_8"	"n"	1	0.19126	0.19064	0.956722	0	418	-0.118
"PFKFB2"	"x"	6	0.1919	0.29234	0.956722	2	419	-0.1225
"nc_chr16_2"	"n"	1	0.1932	0.19271	0.956722	0	420	-0.0949
"CSNK1E"	"x"	6	0.19328	0.29425	0.956722	2	421	-0.0926
"FGFR1"	"x"	6	0.19355	0.29463	0.956722	2	422	-0.2425
"RIPK1"	"x"	6	0.19438	0.29568	0.956722	2	423	0.05175
"PRKCZ"	"x"	6	0.19466	0.29607	0.956722	2	424	-0.1645
"CSNK2B"	"x"	6	0.19478	0.29625	0.956722	1	425	-0.257
"REL"	"x"	6	0.19521	0.29678	0.956722	2	426	0.0532
"AKT3"	"x"	6	0.19549	0.29713	0.956722	2	427	-0.3465
"nc_chr13_6"	"n"	1	0.19562	0.19499	0.956722	0	428	-0.0886
"ITCH"	"x"	6	0.19577	0.29749	0.956722	2	429	-0.04645
"NOS3"	"x"	6	0.1966	0.29848	0.956722	2	430	-0.15115
"ALYREF"	"x"	6	0.1966	0.29848	0.956722	1	431	0.04673
"NEB"	"x"	6	0.19688	0.29889	0.956722	2	432	-0.1045
"BMF"	"x"	6	0.19743	0.29959	0.956722	2	433	-0.2205
"nc_chr10_4"	"n"	1	0.19817	0.19755	0.956722	0	434	-0.308
"MCM5"	"x"	6	0.19827	0.30067	0.956722	2	435	-0.1975
"ORC3"	"x"	6	0.19854	0.30108	0.956722	2	436	-0.1317
"PSEN2"	"x"	6	0.19963	0.30189	0.956722	1	437	-0.18285
"GSK3B"	"x"	6	0.20144	0.30301	0.956722	1	438	-0.0396
"WDR73"	"x"	6	0.20204	0.30339	0.956722	1	439	0.181
"FERMT2"	"x"	6	0.20385	0.30457	0.956722	1	440	0.13705
"PFKFB3"	"x"	6	0.20445	0.30492	0.956722	1	441	0.1435
"MAST1"	"x"	6	0.20505	0.30523	0.956722	1	442	0.06945
"ANAPC7"	"x"	6	0.20625	0.30593	0.956722	1	443	-0.2075
"CYCS"	"x"	6	0.20685	0.30622	0.956722	1	444	-0.0879
"ORC4"	"x"	6	0.20745	0.3065	0.956722	1	445	-0.08545
"CAMK2B"	"x"	6	0.20925	0.30771	0.956722	1	446	0.00648
"nc_chrX_8"	"n"	1	0.20932	0.20878	0.956722	0	447	-0.075
"PTPN11"	"x"	6	0.21044	0.30855	0.956722	1	448	0.195
"PPP1R12A"	"x"	6	0.21104	0.30892	0.956722	1	449	-0.1515
"CENPP"	"x"	6	0.21283	0.30991	0.956722	1	450	0.01585
"PSMC2"	"p"	6	0.21581	0.31161	0.956722	1	451	0.2905
"POLQ"	"x"	6	0.2164	0.31191	0.956722	1	452	0.164
"CWF19L2"	"x"	6	0.21699	0.31221	0.956722	1	453	-0.04873
"GINS4"	"x"	6	0.21759	0.31264	0.956722	1	454	-0.0515
"nc_chr21_9"	"n"	1	0.21854	0.2181	0.956722	0	455	-0.165
"FOXO1"	"x"	6	0.21877	0.3134	0.956722	1	456	0.0526
"nc_chr8_4"	"n"	1	0.21914	0.21867	0.956722	0	457	-0.19
"SREBF1"	"x"	6	0.22055	0.31438	0.956722	1	458	0.1143
"CBY1"	"x"	6	0.22114	0.31467	0.956722	1	459	0.0041
"JUN"	"x"	6	0.22173	0.31495	0.956722	1	460	0.025
"SOCS3"	"x"	6	0.22232	0.31528	0.956722	1	461	0.03725
"nc_chr15_2"	"n"	1	0.22315	0.22247	0.956722	0	462	-0.116
"PEA15"	"x"	6	0.2235	0.31604	0.956722	1	463	-0.1785
"PRKCE"	"x"	6	0.22409	0.31637	0.956722	1	464	0.09445
"LIMK1"	"x"	6	0.22467	0.31669	0.956722	1	465	-0.18295
"nc_chr5_1"	"n"	1	0.22642	0.22607	0.956722	0	466	-0.132
"nc_chr21_6"	"n"	1	0.22678	0.22652	0.956722	0	467	-0.2
"FGFR4"	"x"	6	0.22703	0.31814	0.956722	1	468	-0.04295
"SOX3"	"x"	6	0.22761	0.31847	0.956722	1	469	0.0749
"CDH16"	"x"	6	0.2282	0.3187	0.956722	1	470	-0.02445
"PTK2"	"x"	6	0.22878	0.31905	0.956722	1	471	0.0352
"NEDD8"	"x"	6	0.22937	0.31937	0.956722	1	472	0.02939
"CTLA4"	"x"	6	0.22996	0.31971	0.956722	1	473	-0.011585
"PAXIP1"	"x"	6	0.23171	0.32075	0.956722	1	474	-0.0497
"nc_chr15_8"	"n"	1	0.23272	0.23265	0.956722	0	475	-0.117
"CCNA2"	"x"	6	0.23288	0.32145	0.956722	1	476	-0.141
"PPP1CC"	"x"	6	0.23346	0.32179	0.956722	1	477	0.112
"POLA2"	"x"	6	0.23404	0.32211	0.956722	1	478	-0.1196
"nc_chr2_9"	"n"	1	0.23406	0.23399	0.956722	0	479	-0.183
"RIC1"	"x"	6	0.23462	0.32244	0.956722	1	480	0.00085
"nc_chr5_9"	"n"	1	0.23612	0.23598	0.956722	0	481	-0.104
"FBXO32"	"x"	6	0.23637	0.32322	0.956722	1	482	-0.03557
"MAD1L1"	"x"	5	0.23658	0.28889	0.956722	1	483	-0.378
"nc_chr12_8"	"n"	1	0.23685	0.23677	0.956722	0	484	-0.131
"WDR83"	"x"	6	0.23695	0.32358	0.956722	1	485	0.02555
"FHOD1"	"x"	6	0.23753	0.32398	0.956722	1	486	-0.04655
"KDSR"	"x"	6	0.23811	0.32429	0.956722	1	487	0.0530000000000016
"WEE1"	"x"	5	0.23853	0.29014	0.956722	1	488	-0.342
"EWSR1"	"x"	6	0.23927	0.32494	0.956722	1	489	0.08685
"nc_chr2_4"	"n"	1	0.23927	0.23913	0.956722	0	490	-0.128
"nc_chr4_10"	"n"	1	0.23976	0.2396	0.956722	0	491	-0.0645
"MYL9"	"x"	6	0.24101	0.326	0.956722	1	492	0.0339
"RPL5"	"p"	6	0.24158	0.3263	0.956722	1	493	-0.234
"CDK9"	"x"	6	0.24216	0.32665	0.956722	1	494	-0.0296
"RFC5"	"x"	6	0.24332	0.32726	0.956722	1	495	-0.1255
"nc_chr15_5"	"n"	1	0.24424	0.24432	0.956722	0	496	-0.111
"PPM1A"	"x"	6	0.24447	0.32798	0.956722	1	497	-0.0748
"SKI"	"x"	5	0.24485	0.2944	0.956722	1	498	0.0129
"FZD2"	"x"	6	0.24734	0.32973	0.956722	1	499	-0.007485
"MSH6"	"x"	6	0.24792	0.33001	0.956722	1	500	-0.1186
"nc_chr17_5"	"n"	1	0.24933	0.24915	0.956722	0	501	-0.0815
"UBE2B"	"x"	6	0.25078	0.33183	0.956722	1	502	0.01795
"AXIN1"	"x"	6	0.25135	0.33218	0.956722	1	503	-0.0495
"BCL2L1"	"x"	6	0.25192	0.33251	0.956722	1	504	0.14585
"nc_chr2_8"	"n"	1	0.25236	0.25211	0.956722	0	505	-0.125
"FRS2"	"x"	6	0.25364	0.33361	0.956722	1	506	0.0824
"UBE2C"	"x"	6	0.25421	0.33395	0.956722	1	507	0.1494
"DDIT3"	"x"	6	0.25477	0.33424	0.956722	1	508	-0.0886
"CSF2RA"	"x"	6	0.25705	0.33554	0.956722	1	509	-0.1183
"DAB2IP"	"x"	6	0.25762	0.3359	0.956722	1	510	0.14075
"NUP98"	"p"	6	0.25818	0.33629	0.956722	1	511	0.2995
"FGFR3"	"x"	6	0.25875	0.33672	0.956722	1	512	-0.0144
"PARG"	"x"	6	0.26045	0.33784	0.956722	1	513	0.173
"DNTT"	"x"	6	0.26102	0.33817	0.956722	1	514	0.057755
"nc_chr9_7"	"n"	1	0.26158	0.26133	0.956722	0	515	-0.114
"NBAS"	"x"	6	0.26158	0.33848	0.956722	1	516	0.218
"nc_chr11_1"	"n"	1	0.26218	0.26196	0.956722	0	517	-0.155
"nc_chr1_5"	"n"	1	0.26267	0.26251	0.956722	0	518	-0.0732
"ID2"	"x"	6	0.26271	0.33901	0.956722	1	519	-0.0029
"MSI1"	"x"	6	0.26327	0.33937	0.956722	1	520	-0.14585
"FHIT"	"x"	6	0.26496	0.34044	0.956722	1	521	0.07655
"MAPK10"	"x"	5	0.26544	0.30904	0.956722	1	522	-0.12
"IL3RA"	"x"	6	0.26609	0.34115	0.956722	1	523	-0.02249
"MAPK3"	"x"	6	0.26665	0.34151	0.956722	1	524	-0.0974
"nc_chr5_5"	"n"	1	0.26691	0.26688	0.956722	0	525	-0.0557
"PAK3"	"x"	6	0.26721	0.34186	0.956722	1	526	0.142
"EFR3A"	"x"	6	0.26834	0.34261	0.956722	1	527	0.0536
"MAPK12"	"x"	6	0.2689	0.34292	0.956722	1	528	0.1785
"nc_chr9_6"	"n"	1	0.26897	0.26896	0.956722	0	529	-0.134
"HMGN2"	"x"	6	0.27002	0.34361	0.956722	1	530	-0.189
"nc_chr6_7"	"n"	1	0.27007	0.26995	0.956722	0	531	-0.0599
"SEM1"	"x"	6	0.27057	0.34393	0.956722	1	532	0.126
"SMAD1"	"x"	6	0.27113	0.34413	0.956722	1	533	-0.03495
"MASTL"	"x"	6	0.27169	0.3444	0.956722	1	534	-0.1955
"MSN"	"x"	6	0.27225	0.34471	0.956722	1	535	-0.01585
"CHEK2"	"x"	6	0.27448	0.3461	0.956722	1	536	0.05505
"SH2B1"	"x"	6	0.27504	0.34639	0.956722	1	537	-0.1915
"nc_chr19_5"	"n"	1	0.27552	0.27531	0.956722	0	538	-0.24
"SMAD4"	"x"	6	0.27615	0.34704	0.956722	1	539	0.02682
"nc_chr17_7"	"n"	1	0.27661	0.27635	0.956722	0	540	-0.126
"PTPRC"	"x"	6	0.27782	0.34816	0.956722	1	541	0.037
"nc_chr7_4"	"n"	1	0.27807	0.27767	0.956722	0	542	-0.137
"OGG1"	"x"	6	0.27837	0.34851	0.956722	1	543	-0.1253
"nc_chr17_1"	"n"	1	0.2811	0.28058	0.956722	0	544	-0.0806
"SGK1"	"x"	6	0.28114	0.35013	0.956722	1	545	-0.1475
"SMUG1"	"x"	6	0.28169	0.35048	0.956722	1	546	0.0934
"FOXO4"	"x"	6	0.28224	0.35086	0.956722	1	547	-0.01075
"ERRFI1"	"x"	5	0.28327	0.32169	0.956722	1	548	0.0371
"RPL18A"	"p"	6	0.28389	0.35185	0.956722	1	549	-0.06105
"VPS33A"	"x"	5	0.28419	0.32231	0.956722	1	550	0.479
"ATXN1"	"x"	6	0.285	0.35239	0.956722	1	551	-0.0446
"nc_chr2_11"	"n"	1	0.28655	0.28609	0.956722	0	552	-0.105
"NFKBIA"	"x"	5	0.28697	0.32444	0.956722	1	553	0.0841
"nc_chr14_8"	"n"	1	0.28801	0.28762	0.956722	0	554	-0.0997
"EGFR"	"x"	6	0.28829	0.35445	0.956722	1	555	-0.11665
"nc_chr14_7"	"n"	1	0.28898	0.28859	0.956722	0	556	-0.0611
"ZMYND8"	"x"	6	0.28993	0.35544	0.956722	1	557	-0.2095
"POU5F1"	"x"	6	0.29102	0.35606	0.956722	1	558	0.14865
"POLI"	"x"	6	0.29157	0.35631	0.956722	1	559	0.13595
"CDON"	"x"	6	0.29375	0.35783	0.956722	1	560	0.0462
"nc_chrX_1"	"n"	1	0.29613	0.29599	0.956722	0	561	-0.0594
"H2AFX"	"x"	6	0.29864	0.36089	0.956722	1	562	0.068705
"nc_chr3_5"	"n"	1	0.30038	0.30006	0.956722	0	563	-0.115
"DKK4"	"x"	6	0.3008	0.36203	0.956722	1	564	0.10055
"SH3BP5"	"x"	6	0.30188	0.3628	0.956722	1	565	-0.10605
"FLT1"	"x"	6	0.30296	0.36347	0.956722	1	566	-0.031065
"STAMBP"	"x"	6	0.30349	0.36378	0.956722	1	567	0.02445
"MDM4"	"x"	6	0.30457	0.36453	0.956722	1	568	0.0259
"UHRF1"	"x"	6	0.30672	0.3659	0.956722	1	569	-0.167
"RPS7"	"p"	6	0.30725	0.36618	0.956722	1	570	-0.0131
"DAPK1"	"x"	6	0.30886	0.367	0.956722	1	571	-0.2115
"DYRK1A"	"x"	6	0.30993	0.36783	0.956722	1	572	-0.0749
"TOP1"	"x"	6	0.31046	0.36816	0.956722	1	573	0.0144
"ARHGEF7"	"x"	6	0.31099	0.36851	0.956722	1	574	0.0622
"PPP2R5B"	"x"	6	0.31153	0.36884	0.956722	1	575	0.00815
"NLK"	"x"	6	0.31472	0.37086	0.956722	1	576	0.04536
"WDR26"	"x"	6	0.31525	0.37131	0.956722	1	577	-0.045
"nc_chr4_11"	"n"	1	0.31589	0.31517	0.956722	0	578	-0.184
"GSK3A"	"x"	6	0.31631	0.37189	0.956722	1	579	0.2855
"GRK2"	"x"	6	0.31737	0.37264	0.956722	1	580	-0.022
"nc_chr3_10"	"n"	1	0.31796	0.31717	0.956722	0	581	-0.0488
"CDK5R1"	"x"	6	0.31896	0.37371	0.956722	1	582	-0.199
"FANCM"	"x"	6	0.32001	0.37432	0.956722	1	583	0.0495
"WNT10A"	"x"	6	0.32107	0.37496	0.956722	1	584	-0.0402
"TNFRSF17"	"x"	6	0.32159	0.3753	0.956722	1	585	0.0763
"PPP1R3A"	"x"	5	0.32232	0.35043	0.956722	1	586	-0.109
"RORC"	"x"	6	0.32264	0.37595	0.956722	1	587	-0.02733
"HSD17B12"	"x"	6	0.32317	0.37624	0.956722	1	588	-0.01804
"nc_chr10_9"	"n"	1	0.32341	0.32289	0.956722	0	589	-0.0545
"GINS3"	"x"	6	0.3237	0.37654	0.956722	1	590	-0.10425
"nc_chr16_3"	"n"	1	0.32414	0.3236	0.956722	0	591	-0.0721
"HDAC3"	"x"	6	0.32475	0.37728	0.956722	1	592	0.02874
"nc_chr14_5"	"n"	1	0.32487	0.32429	0.956722	0	593	-0.0815
"TAF5L"	"x"	5	0.32498	0.35232	0.956722	1	594	0.13
"nc_chr20_1"	"n"	1	0.32511	0.32454	0.956722	0	595	-0.045
"IL6"	"x"	6	0.32736	0.37888	0.956722	1	596	0.083
"nc_chr9_8"	"n"	1	0.32802	0.32748	0.956722	0	597	-0.0957
"PDX1"	"x"	6	0.32893	0.37977	0.956722	1	598	-0.09285
"nc_chr1_6"	"n"	1	0.32923	0.32865	0.956722	0	599	-0.0852
"UNC50"	"x"	6	0.32997	0.38043	0.956722	1	600	0.003
"NCOR1"	"x"	6	0.33101	0.38108	0.956722	1	601	-0.1024
"ANAPC5"	"x"	6	0.33153	0.38135	0.956722	1	602	0.02605
"nc_chr7_11"	"n"	1	0.33214	0.33156	0.956722	0	603	-0.0595
"nc_chr19_1"	"n"	1	0.33226	0.33169	0.956722	0	604	-0.0702
"ORC5"	"x"	6	0.33257	0.38199	0.956722	1	605	-0.11995
"RAD23B"	"x"	6	0.33309	0.3823	0.956722	1	606	0.00655
"nc_chr12_1"	"n"	1	0.33614	0.33575	0.956722	0	607	-0.0952
"ULK2"	"x"	6	0.3362	0.38427	0.956722	1	608	-0.04655
"PALLD"	"x"	6	0.33672	0.38467	0.956722	1	609	0.0305
"AKT2"	"x"	6	0.33723	0.38496	0.956722	1	610	-0.03605
"DNMT1"	"x"	5	0.33729	0.36195	0.956722	1	611	-0.0172
"UBE2V2"	"x"	6	0.33775	0.38534	0.956722	1	612	0.0457
"ELAVL1"	"x"	6	0.33827	0.38579	0.956722	1	613	-0.0806
"HLA-E"	"x"	6	0.33878	0.38614	0.956722	1	614	0.088
"PSMB3"	"p"	6	0.33981	0.3868	0.956722	1	615	-0.0674
"ALK"	"x"	6	0.34341	0.38913	0.956722	1	616	-0.27955
"DOK1"	"x"	6	0.34443	0.38976	0.956722	1	617	-0.0386
"nc_chr11_4"	"n"	1	0.34487	0.34513	0.956722	0	618	-0.0632
"ACVR2A"	"x"	6	0.34494	0.39005	0.956722	1	619	-0.0972
"ABI1"	"x"	6	0.34545	0.39039	0.956722	1	620	-0.0678
"LPP"	"x"	6	0.34596	0.39067	0.956722	1	621	-0.0967
"NRAS"	"x"	6	0.34647	0.39106	0.956722	1	622	0.0761
"MAP3K7"	"x"	5	0.34769	0.36987	0.956722	1	623	-0.236
"RFX1"	"x"	6	0.348	0.39224	0.956722	1	624	-0.0758
"nc_chr4_2"	"n"	1	0.34887	0.34886	0.956722	0	625	-0.2
"GNG3"	"x"	6	0.34902	0.39278	0.956722	1	626	-0.0992
"GMNN"	"x"	6	0.34953	0.39311	0.956722	1	627	-0.1525
"RNASEH2A"	"x"	6	0.35055	0.39386	0.956722	1	628	-0.1775
"nc_chrX_4"	"n"	1	0.35202	0.35214	0.956722	0	629	-0.112
"NCOA4"	"x"	6	0.35207	0.39487	0.956722	1	630	-0.0458
"ST3GAL4"	"x"	6	0.3551	0.39673	0.956722	1	631	-0.0174
"GADD45A"	"x"	6	0.35561	0.39702	0.956722	1	632	-0.13
"nc_chr13_10"	"n"	1	0.357	0.35709	0.956722	0	633	-0.0882
"nc_chr9_11"	"n"	1	0.35736	0.35749	0.956722	0	634	-0.0868
"HES1"	"x"	6	0.35762	0.39844	0.956722	1	635	0.0556
"PDCD6IP"	"x"	6	0.35863	0.39919	0.956722	1	636	0.162
"XRCC2"	"x"	6	0.35913	0.39959	0.956722	1	637	-0.06675
"ERCC4"	"x"	6	0.35963	0.39983	0.956722	1	638	-0.021435
"TACC3"	"x"	6	0.36013	0.40017	0.956722	1	639	-0.097
"CEBPA"	"x"	6	0.36114	0.40077	0.956722	1	640	0.0486
"SGK3"	"x"	6	0.36164	0.4011	0.956722	1	641	-0.15355
"XAB2"	"x"	6	0.36214	0.40145	0.956722	1	642	0.0284
"IL5RA"	"x"	6	0.36264	0.40179	0.956722	1	643	0.196
"SRPK2"	"x"	6	0.36314	0.40222	0.956722	1	644	-0.13325
"AURKB"	"x"	6	0.36463	0.40332	0.956722	1	645	0.0677
"YWHAH"	"x"	6	0.36662	0.40467	0.956722	1	646	-0.178
"RICTOR"	"x"	6	0.36712	0.40493	0.956722	1	647	0.267
"nc_chr21_8"	"n"	1	0.36766	0.36775	0.956722	0	648	-0.081
"nc_chr15_1"	"n"	1	0.36936	0.36949	0.956722	0	649	-0.131
"MUS81"	"x"	6	0.3696	0.40669	0.956722	1	650	0.00774
"HBA1"	"x"	6	0.3701	0.40697	0.956722	1	651	0.0127
"FZD6"	"x"	6	0.37059	0.40727	0.956722	1	652	-0.02465
"DDX21"	"x"	6	0.37109	0.40758	0.956722	1	653	0.09865
"HGF"	"x"	6	0.37257	0.40864	0.956722	1	654	0.3545
"TYK2"	"x"	6	0.37355	0.40927	0.956722	1	655	0.245
"FANCA"	"x"	6	0.37405	0.4096	0.956722	1	656	0.11155
"nc_chr5_8"	"n"	1	0.37445	0.37476	0.956722	0	657	-0.0597
"ABL1"	"x"	6	0.37454	0.40994	0.956722	1	658	0.054265
"MAP3K11"	"x"	6	0.37552	0.41067	0.956722	1	659	0.2005
"nc_chr9_5"	"n"	1	0.37615	0.37641	0.956722	0	660	-0.124
"PPARGC1A"	"x"	6	0.3765	0.41125	0.956722	1	661	0.045795
"CETN2"	"x"	6	0.37748	0.41188	0.956722	1	662	-0.00365
"MAP2K1"	"x"	6	0.37797	0.41221	0.956722	1	663	-0.138
"BAD"	"x"	6	0.37846	0.41254	0.956722	1	664	-0.0323
"MAPK13"	"x"	6	0.37895	0.41281	0.956722	1	665	0.0608
"CTNNA1"	"x"	6	0.37993	0.41335	0.956722	1	666	-0.06195
"CRKL"	"x"	6	0.38042	0.41373	0.956722	1	667	-0.0705
"nc_chr6_11"	"n"	1	0.381	0.38139	0.956722	0	668	-0.0657
"SH2B2"	"x"	6	0.38139	0.41443	0.956722	1	669	0.00195
"DNA2"	"x"	6	0.38237	0.41503	0.956722	1	670	-0.07405
"nc_chr5_3"	"n"	1	0.38258	0.38308	0.956722	0	671	-0.0506
"nc_chr11_3"	"n"	1	0.38282	0.38322	0.956722	0	672	-0.205
"NAMPT"	"x"	6	0.38285	0.41538	0.956722	1	673	-0.178
"nc_chr14_4"	"n"	1	0.38318	0.38357	0.956722	0	674	-0.0466
"MEF2A"	"x"	6	0.38334	0.41573	0.956722	1	675	-0.13315
"RET"	"x"	6	0.38577	0.41734	0.956722	1	676	-0.080565
"TUBA4A"	"x"	6	0.38625	0.41762	0.956722	1	677	0.005045
"nc_chr18_11"	"n"	1	0.3867	0.38698	0.956722	0	678	-0.0543
"nc_chr7_3"	"n"	1	0.38731	0.3877	0.956722	0	679	-0.0816
"PTPN3"	"x"	5	0.38759	0.40159	0.956722	1	680	-0.187
"NTRK1"	"x"	6	0.3877	0.41872	0.956722	1	681	0.02835
"PIP4K2B"	"x"	6	0.38819	0.41903	0.956722	1	682	0.156
"PHLPP1"	"x"	6	0.38867	0.4194	0.956722	1	683	0.01005
"ELK1"	"x"	6	0.38915	0.41978	0.956722	1	684	-0.146
"NDN"	"x"	5	0.38964	0.4033	0.956722	1	685	-0.0295
"RELB"	"x"	6	0.3906	0.42087	0.956722	1	686	0.1386
"MMP2"	"x"	6	0.39108	0.42118	0.956722	1	687	0.03975
"ARPC4"	"x"	6	0.393	0.42267	0.956722	1	688	-0.171
"MTCP1"	"x"	6	0.39396	0.42335	0.956896	1	689	-0.09229
"nc_chr14_10"	"n"	1	0.3941	0.39455	0.956722	0	690	-0.0865
"PPP2CB"	"x"	6	0.39683	0.42538	0.959773	1	691	0.02985
"DACT2"	"x"	6	0.39779	0.42599	0.959773	1	692	0.05915
"ARF4"	"x"	6	0.39874	0.42674	0.959773	1	693	0.035997
"MYOD1"	"x"	6	0.39921	0.42704	0.959773	1	694	0.08645
"nc_chr18_10"	"n"	1	0.39979	0.40004	0.956722	0	695	-0.0619
"nc_chr21_3"	"n"	1	0.40149	0.40168	0.956722	0	696	-0.0614
"PTPA"	"x"	6	0.40254	0.42971	0.963401	1	697	0.090500158
"DES"	"x"	6	0.40301	0.43016	0.963401	1	698	-0.10305
"SLC25A28"	"x"	6	0.40348	0.43047	0.963401	1	699	-0.2165
"nc_chr3_9"	"n"	1	0.40464	0.4045	0.956722	0	700	-0.0746
"CSNK2A1"	"x"	5	0.4058	0.41713	0.956722	1	701	-0.00132
"THBD"	"x"	6	0.40584	0.43242	0.965569	1	702	-0.0609
"nc_chr19_8"	"n"	1	0.40598	0.40594	0.956722	0	703	-0.0515
"REV1"	"x"	6	0.40632	0.43275	0.965569	1	704	-0.0151
"nc_chr20_9"	"n"	1	0.40658	0.4066	0.956722	0	705	-0.0816
"NUAK1"	"x"	6	0.40961	0.43539	0.965739	1	706	-0.1107
"MAP2K3"	"x"	6	0.41007	0.43564	0.965739	1	707	0.09535
"PRIM2"	"x"	6	0.41148	0.43672	0.965739	1	708	-0.09375
"WNT5A"	"x"	6	0.41195	0.43709	0.965739	1	709	-0.0593
"USP7"	"x"	5	0.41217	0.42264	0.956722	1	710	0.204
"GLI1"	"x"	6	0.41288	0.43778	0.965739	1	711	-0.1092
"nc_chr8_6"	"n"	1	0.41301	0.41317	0.956722	0	712	-0.0362
"SPAG5"	"x"	6	0.41335	0.43818	0.965739	1	713	0.224
"nc_chr9_4"	"n"	1	0.4141	0.41417	0.956722	0	714	-0.0293
"C3orf38"	"x"	6	0.41521	0.43957	0.965739	1	715	0.29415
"CDK8"	"x"	6	0.41567	0.4399	0.965739	1	716	0.0834
"HLA-B"	"x"	6	0.41614	0.44024	0.965739	1	717	0.1345
"nc_chr19_2"	"n"	1	0.41653	0.41649	0.956722	0	718	-0.0285
"MAP4K1"	"x"	6	0.41707	0.44101	0.965739	1	719	0.0899
"BMPR1A"	"x"	6	0.41846	0.44215	0.965739	1	720	-0.0598
"nc_chr1_10"	"n"	1	0.41859	0.4187	0.956722	0	721	-0.0304
"CSF1R"	"x"	6	0.42077	0.44393	0.965739	1	722	-0.1246
"MAD2L1"	"x"	6	0.42123	0.44424	0.965739	1	723	-0.04885
"CTNNBIP1"	"x"	6	0.42215	0.4449	0.965739	1	724	-0.03835
"nc_chr17_4"	"n"	1	0.42247	0.42244	0.956722	0	725	-0.0189
"nc_chr12_2"	"n"	1	0.42259	0.42256	0.956722	0	726	-0.029
"HLA-G"	"x"	6	0.42307	0.44564	0.965739	1	727	0.01155
"CENPE"	"x"	6	0.42353	0.44589	0.965739	1	728	-0.02575
"AGAP2"	"x"	6	0.42399	0.44631	0.965739	1	729	-0.0496
"BCL2"	"x"	5	0.42474	0.43326	0.965569	1	730	0.0373
"PTPN12"	"x"	6	0.42629	0.44795	0.965739	1	731	0.3
"DCLRE1B"	"x"	6	0.42766	0.44891	0.965739	1	732	0.00343
"NR4A3"	"x"	6	0.42857	0.44947	0.965739	1	733	0.0338
"IFNLR1"	"x"	6	0.42903	0.44986	0.965739	1	734	-0.064
"HSP90AB1"	"x"	6	0.42948	0.45017	0.965739	1	735	-0.2725
"EIF4EBP1"	"x"	6	0.42994	0.45048	0.965739	1	736	-0.13045
"SERPINF1"	"x"	6	0.43176	0.45181	0.965739	1	737	-0.14
"NKX2-5"	"x"	6	0.43221	0.45218	0.965739	1	738	-0.00642
"CHUK"	"x"	6	0.43448	0.45387	0.966946	1	739	0.1475
"SIGLEC10"	"x"	6	0.43583	0.45502	0.966946	1	740	-0.08495
"PMS1"	"x"	6	0.43674	0.45579	0.966946	1	741	0.12035
"PAK2"	"x"	5	0.4371	0.44372	0.965739	1	742	-0.0671
"DUSP19"	"x"	6	0.43854	0.45721	0.968667	1	743	-0.0251
"PRH1"	"x"	5	0.43863	0.44513	0.965739	1	744	0.106
"nc_chr6_3"	"n"	1	0.43956	0.4393	0.965739	0	745	-0.0568
"nc_chr2_6"	"n"	1	0.4398	0.43953	0.965739	0	746	-0.0376
"PAK6"	"x"	6	0.43989	0.45818	0.968934	1	747	-0.18085
"CDKN2A"	"x"	6	0.44033	0.45855	0.968934	1	748	-0.06505
"CSK"	"x"	6	0.44391	0.46125	0.970668	1	749	-0.1805
"TPRKB"	"x"	6	0.44436	0.46162	0.970668	1	750	-0.04335
"MAP3K8"	"x"	6	0.44569	0.46269	0.970668	1	751	-0.0521
"POLM"	"x"	5	0.44585	0.45163	0.965739	1	752	0.11
"YWHAQ"	"x"	6	0.44836	0.46475	0.970668	1	753	0.0928
"E2F5"	"x"	6	0.44924	0.46537	0.970668	1	754	-0.1481
"FOXO3"	"x"	6	0.45057	0.46642	0.970668	1	755	-0.235
"POLA1"	"p"	6	0.45145	0.46711	0.970668	1	756	-0.1315
"DUSP8"	"x"	6	0.45189	0.46749	0.970668	1	757	0.0928
"nc_chr5_11"	"n"	1	0.45193	0.45193	0.965739	0	758	-0.014
"ITGAV"	"x"	6	0.45233	0.46782	0.970668	1	759	0.221
"ADSS"	"x"	6	0.45277	0.4681	0.970668	1	760	-0.2025
"SMC5"	"x"	6	0.45365	0.46884	0.970668	1	761	-0.17075
"TUBA1B"	"x"	6	0.45409	0.46919	0.970668	1	762	0.0174
"nc_chr9_2"	"n"	1	0.45472	0.45477	0.966946	0	763	-0.0196
"nc_chr12_7"	"n"	1	0.45556	0.45574	0.966946	0	764	-0.0197
"SP1"	"x"	6	0.45629	0.47093	0.970668	1	765	-0.1299
"DVL2"	"x"	6	0.45716	0.4716	0.970668	1	766	0.0097
"CDC25B"	"x"	6	0.45804	0.47232	0.970668	1	767	0.08715
"NMNAT1"	"x"	6	0.45847	0.47264	0.970668	1	768	0.16
"CCND1"	"x"	6	0.45891	0.47296	0.970668	1	769	0.10115
"RB1"	"x"	6	0.45934	0.47336	0.970668	1	770	-0.0207
"SOX2"	"x"	6	0.46108	0.47484	0.970668	1	771	-0.0535
"nc_chr16_5"	"n"	1	0.46114	0.46108	0.970668	0	772	-0.0138
"AURKA"	"x"	6	0.46195	0.4755	0.970668	1	773	-0.05255
"PTPN1"	"x"	6	0.46239	0.47587	0.970668	1	774	-0.0185
"AKT1"	"x"	6	0.46325	0.47644	0.970668	1	775	0.0407
"nc_chr15_3"	"n"	1	0.46539	0.46559	0.970668	0	776	-0.0193
"MED19"	"x"	6	0.46585	0.47858	0.970668	1	777	0.106
"SUGT1"	"x"	5	0.46596	0.46964	0.970668	1	778	0.156
"PCNA"	"x"	6	0.46628	0.47891	0.970668	1	779	-0.2515
"GAK"	"x"	6	0.46671	0.47929	0.970668	1	780	-0.10535
"TCL1A"	"x"	6	0.46714	0.47968	0.970668	1	781	0.0901
"NDRG1"	"x"	6	0.468	0.48034	0.970668	1	782	-0.02875
"IRS1"	"x"	5	0.46816	0.47162	0.970668	1	783	0.215
"AREG"	"x"	6	0.46843	0.48075	0.970668	1	784	0.01
"MRE11"	"x"	6	0.46972	0.48174	0.971434	1	785	-0.1336
"ACTB"	"x"	6	0.471	0.48288	0.972499	1	786	0.1245
"FAM129A"	"x"	6	0.47186	0.48362	0.972747	1	787	-0.000749999999999997
"DUSP1"	"x"	6	0.47271	0.48432	0.972932	1	788	-0.008085
"PGR"	"x"	6	0.47527	0.48663	0.97451	1	789	-0.0482
"RAD54L"	"x"	6	0.47569	0.487	0.97451	1	790	0.0201
"nc_chr4_6"	"n"	1	0.47642	0.47658	0.970668	0	791	-0.0216
"IFNGR2"	"x"	6	0.47697	0.48804	0.97451	1	792	0.04435
"nc_chr21_2"	"n"	1	0.47702	0.47719	0.970668	0	793	-0.0156
"GTF2I"	"x"	6	0.4795	0.49002	0.97451	1	794	-0.0581
"BACE1"	"x"	6	0.47993	0.49032	0.97451	1	795	-0.04585
"NCOA3"	"x"	6	0.48035	0.4906	0.97451	1	796	0.10835
"nc_chr6_8"	"n"	1	0.48042	0.48053	0.970668	0	797	-0.01
"EXOSC1"	"x"	6	0.48119	0.49129	0.97451	1	798	0.01935
"PSMG2"	"x"	6	0.48245	0.49238	0.97451	1	799	0.02895
"CCNB1"	"x"	6	0.48329	0.49301	0.97451	1	800	-0.0917
"PPM1B"	"x"	6	0.48413	0.49369	0.97451	1	801	-0.04189
"SPTBN1"	"x"	6	0.4858	0.49517	0.975919	1	802	0.1145
"nc_chr1_8"	"n"	1	0.48672	0.48708	0.97451	0	803	-0.00418
"KDR"	"x"	6	0.48789	0.49693	0.975919	1	804	0.361
"MYL12B"	"x"	6	0.48872	0.49767	0.975919	1	805	-0.07715
"nc_chr9_10"	"n"	1	0.48903	0.48941	0.97451	0	806	-0.00631
"TP53"	"x"	6	0.48914	0.49793	0.975919	1	807	0.14205
"FZD10"	"x"	5	0.4894	0.49121	0.97451	1	808	-0.0505
"NPM1"	"x"	6	0.49038	0.49897	0.976424	1	809	-0.0154
"ST3GAL3"	"x"	6	0.49121	0.49977	0.976794	1	810	-0.302
"nc_chr16_4"	"n"	1	0.49315	0.49336	0.97451	0	811	-0.0124
"ORC2"	"x"	6	0.49452	0.50257	0.979478	1	812	0.0883
"DYRK1B"	"x"	6	0.49534	0.50312	0.979478	1	813	0.11885
"nc_chr1_7"	"n"	1	0.49557	0.49584	0.975919	0	814	-0.00679
"SMG7"	"x"	6	0.49616	0.50388	0.979478	1	815	-0.03215
"GATA2"	"x"	6	0.49657	0.50422	0.979478	1	816	-0.0034
"NFE2L1"	"x"	5	0.49679	0.49809	0.975919	1	817	0.0259
"XRCC6"	"x"	6	0.49739	0.505	0.979781	1	818	0.129
"SMARCA4"	"x"	6	0.49862	0.50608	0.980567	1	819	0.0244
"GEN1"	"x"	6	0.49944	0.50674	0.980567	1	820	0.205
"nc_chr12_9"	"n"	1	0.50079	0.5011	0.978197	0	821	-0.00268
"ATF2"	"x"	6	0.50107	0.50821	0.980567	1	822	0.19225
"RFC4"	"x"	6	0.50311	0.50984	0.980567	1	823	-0.17475
"CDH1"	"x"	6	0.50351	0.51021	0.980567	1	824	-0.06025
"VPS37A"	"x"	6	0.50594	0.51219	0.980567	1	825	-0.1692
"MXD1"	"x"	6	0.50675	0.5129	0.980567	1	826	0.114
"RPS24"	"p"	6	0.50796	0.51393	0.980567	1	827	0.03751
"CCND2"	"x"	6	0.50836	0.51426	0.980567	1	828	-0.07255
"NACA"	"x"	6	0.51078	0.51635	0.980567	1	829	0.0401
"PELP1"	"x"	6	0.51198	0.51735	0.980567	1	830	0.03735
"NELFCD"	"x"	6	0.51357	0.51876	0.980567	1	831	0.01665
"RPL27"	"p"	6	0.51397	0.519	0.980567	1	832	0.1043
"nc_chr16_10"	"n"	1	0.51437	0.51448	0.980567	0	833	0.0153
"GRB2"	"x"	6	0.51437	0.51935	0.980567	1	834	-0.08255
"ABL2"	"x"	6	0.51477	0.51963	0.980567	1	835	-0.0425
"SAV1"	"x"	6	0.51517	0.51995	0.980567	1	836	-0.02105
"MARK3"	"x"	6	0.51557	0.52024	0.980567	1	837	-0.1395
"MITF"	"x"	6	0.51596	0.52056	0.980567	1	838	-0.005
"PSMD1"	"p"	6	0.51636	0.52095	0.980567	1	839	-0.208
"KIF18B"	"x"	6	0.51676	0.52128	0.980567	1	840	-0.01355
"ANKRD2"	"x"	5	0.51778	0.51808	0.980567	1	841	0.395
"MKNK2"	"x"	6	0.51834	0.52274	0.980567	1	842	-0.00121
"PRKCD"	"x"	5	0.51845	0.51877	0.980567	1	843	-0.132
"nc_chr12_6"	"n"	1	0.51897	0.51899	0.980567	0	844	0.0125
"TNFRSF1B"	"x"	6	0.51913	0.52334	0.980567	1	845	0.08565
"RPS6KA4"	"x"	5	0.5198	0.52003	0.980567	1	846	0.106
"POLB"	"x"	6	0.52071	0.52469	0.980567	1	847	0.0065
"PHF20"	"x"	6	0.52111	0.525	0.980567	1	848	-0.021
"MNX1"	"x"	6	0.5215	0.52537	0.980567	1	849	-0.139
"ELMO2"	"x"	6	0.52268	0.52658	0.980567	1	850	0.0193
"MNAT1"	"x"	6	0.52347	0.52731	0.980567	1	851	0.07605
"CLDN2"	"x"	6	0.52503	0.52867	0.980567	1	852	-0.0217
"FLT3"	"x"	6	0.52581	0.5293	0.980567	1	853	-0.2125
"RMI1"	"x"	6	0.52659	0.53	0.980567	1	854	-0.1555
"NOTCH1"	"x"	6	0.52698	0.53041	0.980567	1	855	-0.10555
"PDPK1"	"x"	6	0.52737	0.5307	0.980567	1	856	0.0489
"CAV1"	"x"	6	0.52776	0.53101	0.980567	1	857	-0.1411
"BMP7"	"x"	6	0.52815	0.53134	0.980567	1	858	0.03395
"MAML1"	"x"	6	0.52854	0.53163	0.980567	1	859	-0.1271
"TEC"	"x"	6	0.52932	0.53233	0.980567	1	860	-0.04535
"SNAI2"	"x"	6	0.53009	0.53297	0.980567	1	861	-0.04785
"nc_chr6_10"	"n"	1	0.53158	0.53161	0.980567	0	862	0.00969
"NFATC1"	"x"	6	0.53164	0.53439	0.980567	1	863	0.0398
"INSR"	"x"	6	0.53319	0.53574	0.980567	1	864	-0.1245
"HNRNPK"	"x"	6	0.53396	0.53653	0.980567	1	865	0.01245
"nc_chr7_6"	"n"	1	0.53425	0.53401	0.980567	0	866	0.00886
"TSC1"	"x"	6	0.53434	0.53693	0.980567	1	867	0.0671
"nc_chr19_4"	"n"	1	0.53461	0.53443	0.980567	0	868	0.0249
"IER3"	"x"	6	0.53473	0.53729	0.980567	1	869	-0.032095
"MAX"	"x"	6	0.53588	0.53838	0.980567	1	870	0.046
"CCND3"	"x"	6	0.53626	0.53873	0.980567	1	871	-0.08795
"nc_chr2_7"	"n"	1	0.53655	0.53635	0.980567	0	872	0.0157
"NIN"	"x"	6	0.53818	0.54058	0.981697	1	873	-0.1305
"nc_chr10_11"	"n"	1	0.53837	0.53815	0.980567	0	874	0.00885
"nc_chr5_7"	"n"	1	0.53995	0.53982	0.981438	0	875	0.0141
"FLNA"	"x"	6	0.54008	0.54226	0.982544	1	876	0.02965
"STK3"	"x"	6	0.54123	0.54322	0.982544	1	877	0.187
"LEF1"	"x"	6	0.54161	0.54358	0.982544	1	878	0.12485
"BDP1"	"x"	6	0.54199	0.54386	0.982544	1	879	-0.02995
"DYNLL1"	"x"	6	0.54274	0.54461	0.982544	1	880	-0.1605
"PLA2G4A"	"x"	6	0.5435	0.54526	0.982544	1	881	0.1043
"ZNF217"	"x"	6	0.54426	0.54597	0.982544	1	882	-0.036875
"PTPRA"	"x"	6	0.54464	0.5463	0.982544	1	883	0.01445
"TDP1"	"x"	6	0.54614	0.54768	0.983087	1	884	0.09005
"MAFA"	"x"	5	0.54649	0.54661	0.982544	0	885	0.0657
"GTF2H2"	"x"	6	0.54652	0.54815	0.983087	1	886	-0.04445
"LRP6"	"x"	6	0.54727	0.54888	0.983284	1	887	-0.0971
"PPP1CA"	"x"	6	0.54877	0.5504	0.984402	1	888	0.212
"ENO1"	"x"	6	0.54915	0.55074	0.984402	1	889	0.0256
"ORC1"	"x"	6	0.5499	0.55152	0.984676	1	890	-0.052
"MST1R"	"x"	6	0.55102	0.55265	0.984926	1	891	-0.0592
"PTK6"	"x"	6	0.55214	0.55369	0.984926	1	892	-0.025895
"VIM"	"x"	6	0.55288	0.55444	0.984926	1	893	0.0728
"DVL3"	"x"	6	0.55325	0.55477	0.984926	1	894	-0.01785
"POLE3"	"x"	6	0.55474	0.55623	0.984926	1	895	-0.1297
"ACSL3"	"x"	6	0.55511	0.5566	0.984926	1	896	0.000149999999999997
"nc_chr16_7"	"n"	1	0.55644	0.55681	0.984926	0	897	0.0288
"CALM1"	"x"	6	0.55769	0.55889	0.984926	1	898	0.00763
"EIF2B1"	"x"	6	0.55843	0.55955	0.984926	1	899	0.2035
"TCL1B"	"x"	6	0.55953	0.56061	0.984926	1	900	0.09945
"RAD50"	"x"	6	0.561	0.56191	0.984926	1	901	-0.02135
"TXNL4B"	"x"	6	0.56173	0.56268	0.984926	1	902	-0.0425
"CCR2"	"x"	6	0.5621	0.56308	0.984926	1	903	-0.016849802
"TCF3"	"x"	6	0.56247	0.56338	0.984926	1	904	0.0106
"RAD51B"	"x"	6	0.56283	0.56357	0.984926	1	905	-0.07801
"PDK2"	"x"	6	0.56356	0.56432	0.984926	1	906	-0.2275
"nc_chr6_6"	"n"	1	0.56408	0.56478	0.984926	0	907	0.0241
"RALA"	"x"	5	0.56424	0.56466	0.984926	0	908	-0.177
"FKBP4"	"x"	6	0.56465	0.56538	0.984926	1	909	-0.167
"PRDM1"	"x"	6	0.56647	0.56714	0.984926	1	910	-0.175
"PPP1R8"	"x"	6	0.56683	0.56742	0.984926	1	911	-0.231
"RPP25L"	"x"	6	0.56755	0.56819	0.984926	1	912	0.14715
"CIC"	"x"	6	0.56792	0.56845	0.984926	1	913	0.07766
"IKZF1"	"x"	6	0.56864	0.56911	0.984926	1	914	0.09985
"DLX5"	"x"	6	0.569	0.56942	0.984926	1	915	-0.255
"ADAM17"	"x"	6	0.56972	0.57005	0.984926	1	916	-0.0448
"UBC"	"x"	6	0.57008	0.5704	0.984926	1	917	0.02395
"TFDP1"	"x"	6	0.57044	0.57078	0.984926	1	918	0.321
"RPL36"	"p"	5	0.57106	0.57129	0.984926	0	919	0.0693
"HNRNPA1"	"x"	6	0.57224	0.57263	0.984926	1	920	0.0474525
"CDK7"	"x"	6	0.57259	0.57296	0.984926	1	921	0.0505
"CARHSP1"	"x"	6	0.57331	0.57359	0.984926	1	922	-0.1105
"GLI2"	"x"	6	0.57367	0.57392	0.984926	1	923	0.1145
"PRKCG"	"x"	6	0.57403	0.57433	0.984926	1	924	-0.11795
"SFRP1"	"x"	6	0.57438	0.57472	0.984926	1	925	0.0611
"HSPA14"	"x"	6	0.57474	0.575	0.984926	1	926	0.15
"ERCC2"	"x"	6	0.5751	0.5753	0.984926	1	927	-0.11665
"RNF11"	"x"	6	0.57616	0.57632	0.984926	1	928	-0.027905
"ABHD11"	"x"	6	0.57688	0.57701	0.984926	1	929	0.03425
"PIK3C3"	"x"	6	0.57723	0.5774	0.984926	1	930	0.1145
"GYS1"	"x"	6	0.57759	0.57775	0.984926	1	931	-0.02125
"RB1CC1"	"x"	6	0.57794	0.57799	0.984926	1	932	-0.1285
"TGFB2"	"x"	6	0.57829	0.57831	0.984926	1	933	-0.04715
"IL4R"	"x"	6	0.579	0.57903	0.984963	1	934	-0.0438
"FAAP100"	"x"	6	0.57971	0.57981	0.984963	1	935	-0.01765
"PNKP"	"x"	6	0.58006	0.58019	0.984963	1	936	0.05465
"nc_chr19_9"	"n"	1	0.58069	0.58161	0.98527	0	937	0.119
"SMOC1"	"x"	6	0.58077	0.58095	0.985201	1	938	0.132
"L1CAM"	"x"	6	0.58218	0.58235	0.985475	1	939	-0.0673
"ST3GAL1"	"x"	6	0.58358	0.58367	0.986649	1	940	-0.15175
"ILK"	"x"	6	0.58568	0.5856	0.987142	1	941	0.11045
"nc_chr18_3"	"n"	1	0.5859	0.58684	0.987142	0	942	0.0273
"CDK4"	"x"	6	0.58603	0.58591	0.987142	1	943	-0.12605
"WWC1"	"x"	6	0.58638	0.58614	0.987142	1	944	-0.01491
"ESPL1"	"x"	6	0.58742	0.58728	0.987142	1	945	-0.133
"RHOA"	"x"	6	0.58777	0.58769	0.987142	1	946	0.0625
"nc_chr21_11"	"n"	1	0.58905	0.58996	0.988383	0	947	0.0239
"PRKCB"	"x"	6	0.5902	0.59004	0.988383	1	948	-0.2355
"SLC9A1"	"x"	6	0.59054	0.59029	0.988383	1	949	0.0478
"FAM175A"	"x"	6	0.59364	0.59325	0.991236	1	950	-0.218
"nc_chr7_2"	"n"	1	0.59414	0.59496	0.991236	0	951	0.079
"SRF"	"x"	6	0.59433	0.59396	0.991236	0	952	-0.2155
"nc_chr19_7"	"n"	1	0.5956	0.59649	0.991236	0	953	0.0316
"FBXO4"	"x"	6	0.59604	0.59572	0.991236	0	954	-0.125
"PSMC1"	"p"	6	0.59638	0.59612	0.991236	0	955	0.08105
"TCF4"	"x"	6	0.59741	0.59721	0.991236	0	956	0.12685
"NCOR2"	"x"	6	0.59843	0.59814	0.991236	0	957	-0.162
"nc_chrX_10"	"n"	1	0.59863	0.59958	0.991236	0	958	0.0344
"VEGFA"	"x"	6	0.59877	0.59844	0.991236	0	959	-0.0237499025
"EIF4B"	"x"	6	0.59979	0.5994	0.991236	0	960	0.049625
"CDK3"	"x"	6	0.60148	0.60122	0.991236	0	961	-0.1511
"MAPK11"	"x"	6	0.60182	0.6016	0.991236	0	962	-0.1111
"TELO2"	"x"	5	0.60186	0.60204	0.991236	0	963	0.179
"nc_chrX_9"	"n"	1	0.60202	0.60317	0.991236	0	964	0.0314
"CHD8"	"x"	6	0.60249	0.60209	0.991236	0	965	0.000699999999999999
"ETV1"	"x"	6	0.60283	0.60244	0.991236	0	966	-0.0358
"MAST3"	"x"	6	0.60418	0.60385	0.991236	0	967	0.04935
"PKN1"	"x"	6	0.60619	0.60576	0.991236	0	968	-0.0315
"HIST1H3A"	"x"	6	0.60686	0.60649	0.991236	0	969	-0.03022
"ZFYVE9"	"x"	6	0.60719	0.60681	0.991236	0	970	-0.005
"E2F3"	"x"	6	0.60752	0.60711	0.991236	0	971	0.3675
"BIRC5"	"x"	6	0.60819	0.60775	0.991236	0	972	-0.006965
"CCDC88A"	"x"	6	0.60919	0.60879	0.991236	0	973	-0.09585
"CRB2"	"x"	5	0.61191	0.6118	0.991236	0	974	-0.0858
"CD19"	"x"	6	0.61217	0.61176	0.991236	0	975	0.153
"PRKAB1"	"x"	6	0.61382	0.61325	0.991236	0	976	-0.0921
"MFN2"	"x"	6	0.61448	0.61389	0.991236	0	977	-0.090295
"DVL1"	"x"	6	0.61481	0.61419	0.991236	0	978	-0.104925
"PRKACA"	"x"	6	0.61514	0.61449	0.991236	0	979	-0.21
"RPS21"	"x"	6	0.61579	0.61514	0.991236	0	980	-0.1139
"AR"	"x"	6	0.61612	0.61546	0.991236	0	981	0.0623
"PRIM1"	"x"	5	0.61644	0.61645	0.991236	0	982	0.327
"DNMT3A"	"x"	6	0.61645	0.61578	0.991236	0	983	-0.249
"RAD23A"	"x"	6	0.61677	0.61609	0.991236	0	984	-0.2055
"POLE4"	"x"	6	0.61743	0.61669	0.991236	0	985	0.0221
"HDAC5"	"x"	6	0.61841	0.61766	0.991236	0	986	0.08835
"BRAT1"	"x"	6	0.61906	0.61827	0.991236	0	987	0.1064
"PRMT5"	"x"	6	0.61971	0.61902	0.991236	0	988	-0.07277
"nc_chr15_6"	"n"	1	0.62118	0.62232	0.991236	0	989	0.0727
"FAN1"	"x"	6	0.62165	0.62089	0.991236	0	990	0.07475
"IFNB1"	"x"	6	0.62198	0.62125	0.991236	0	991	-0.09685
"NIPBL"	"x"	6	0.6223	0.62153	0.991236	0	992	-0.12335
"DKK3"	"x"	6	0.62262	0.62183	0.991236	0	993	-0.0566
"nc_chr21_4"	"n"	1	0.62276	0.62394	0.991236	0	994	0.0606
"EIF2B4"	"x"	6	0.62424	0.62337	0.991236	0	995	0.1501
"SRSF10"	"x"	6	0.62456	0.62378	0.991236	0	996	0.01144
"nc_chr3_2"	"n"	1	0.62542	0.6267	0.991236	0	997	0.0895
"MAST2"	"x"	6	0.62616	0.62525	0.991236	0	998	-0.044515
"IL15RA"	"x"	5	0.6262	0.62618	0.991236	0	999	-0.136
"COPZ1"	"p"	6	0.62648	0.62563	0.991236	0	1000	-0.1755
"EME1"	"x"	6	0.6268	0.62597	0.991236	0	1001	0.0322
"OPRD1"	"x"	6	0.62776	0.62697	0.991236	0	1002	-0.235
"IL20RA"	"x"	6	0.62808	0.62724	0.991236	0	1003	-0.0448
"NFKB1"	"x"	6	0.6284	0.62754	0.991236	0	1004	0.03725
"HIC1"	"x"	6	0.62904	0.62819	0.991236	0	1005	-0.0214
"PTPRF"	"x"	6	0.62967	0.62883	0.991236	0	1006	-0.0401
"PIP4K2C"	"x"	6	0.62999	0.62916	0.991236	0	1007	0.027
"BRIP1"	"x"	6	0.63158	0.63079	0.991236	0	1008	-0.02613
"NEK11"	"x"	6	0.63189	0.63111	0.991236	0	1009	0.02525
"nc_chr15_10"	"n"	1	0.63331	0.63499	0.991236	0	1010	0.0442
"FKBP1A"	"x"	6	0.63505	0.63413	0.991236	0	1011	0.12245
"FOXP3"	"x"	6	0.63536	0.63438	0.991236	0	1012	0.0589
"YPEL5"	"x"	5	0.63602	0.63615	0.991236	0	1013	-0.147
"nc_chr18_6"	"n"	1	0.63658	0.63813	0.991236	0	1014	0.0625
"MED24"	"x"	6	0.63693	0.63612	0.991236	0	1015	-0.08985
"ALKBH3"	"x"	6	0.63724	0.63645	0.991236	0	1016	-0.0917
"GNGT1"	"x"	5	0.63845	0.63854	0.991236	0	1017	-0.122
"DCX"	"x"	6	0.63849	0.63773	0.991236	0	1018	0.358
"TRIB3"	"x"	6	0.6388	0.63797	0.991236	0	1019	0.002
"KSR1"	"x"	6	0.64066	0.6397	0.991236	0	1020	0.222
"F3"	"x"	6	0.64159	0.64072	0.991236	0	1021	-0.00965
"nc_chr17_6"	"n"	1	0.64167	0.64327	0.991236	0	1022	0.0784
"ROR2"	"x"	6	0.6419	0.64103	0.991236	0	1023	-0.0284
"nc_chr20_2"	"n"	1	0.64276	0.64436	0.991236	0	1024	0.0475
"AMER1"	"x"	6	0.64283	0.64204	0.991236	0	1025	0.08924
"TOP2B"	"x"	6	0.64313	0.64235	0.991236	0	1026	0.04585
"FZD3"	"x"	6	0.64375	0.64293	0.991236	0	1027	-0.235
"IL10RA"	"x"	6	0.64437	0.6436	0.991236	0	1028	-0.071075
"ARHGAP24"	"x"	6	0.64467	0.64398	0.991236	0	1029	0.0841
"LAMTOR3"	"x"	6	0.64529	0.64468	0.991236	0	1030	-0.07565
"nc_chr7_5"	"n"	1	0.64531	0.64704	0.991236	0	1031	0.0568
"FAAP20"	"x"	6	0.6459	0.64527	0.991236	0	1032	0.068
"CLK2"	"x"	6	0.64621	0.64557	0.991236	0	1033	-0.144
"HDAC4"	"x"	6	0.64712	0.64653	0.991236	0	1034	-0.0491
"nc_chr17_8"	"n"	1	0.64761	0.64939	0.991236	0	1035	0.0529
"FAS"	"x"	6	0.64773	0.64703	0.991236	0	1036	0.1405
"SMAD5"	"x"	6	0.64804	0.64732	0.991236	0	1037	0.1242
"TGFB1"	"x"	6	0.64865	0.64792	0.991236	0	1038	0.1362
"RPS9"	"p"	6	0.64926	0.64854	0.991236	0	1039	0.02185
"MSH5"	"x"	6	0.64956	0.64886	0.991236	0	1040	0.035495
"NR3C1"	"x"	6	0.64986	0.64923	0.991236	0	1041	0.05205
"nc_chr13_7"	"n"	1	0.65149	0.65319	0.993212	0	1042	0.0364
"INTS10"	"x"	6	0.65168	0.65093	0.9926	0	1043	0.14305
"HCLS1"	"x"	6	0.65228	0.65153	0.9926	0	1044	-0.000115000000000001
"nc_chr17_11"	"n"	1	0.65331	0.65483	0.993212	0	1045	0.0981
"MYT1"	"x"	6	0.65469	0.65402	0.993212	0	1046	-0.099015
"BLNK"	"x"	6	0.65559	0.655	0.993212	0	1047	0.11355
"nc_chr2_10"	"n"	1	0.6578	0.65936	0.993212	0	1048	0.0443
"DCPS"	"x"	6	0.65797	0.65746	0.993212	0	1049	-0.060075
"C16orf59"	"x"	6	0.65857	0.65802	0.993212	0	1050	-0.0315
"FBXO5"	"x"	6	0.65916	0.65868	0.993212	0	1051	0.09675
"MACF1"	"x"	6	0.65976	0.65928	0.993212	0	1052	0.0119
"nc_chr2_1"	"n"	1	0.65998	0.66116	0.993212	0	1053	0.0434
"PLK3"	"x"	6	0.66035	0.65986	0.993212	0	1054	-0.0084
"EEA1"	"x"	6	0.66153	0.66106	0.993212	0	1055	-0.04835
"STK39"	"x"	5	0.66173	0.66173	0.993212	0	1056	-0.0195
"TRAF6"	"x"	6	0.66182	0.66134	0.993212	0	1057	0.1327
"nc_chr11_9"	"n"	1	0.66204	0.66323	0.993212	0	1058	0.0916
"nc_chr10_7"	"n"	1	0.66325	0.66438	0.993212	0	1059	0.0488
"RPTOR"	"x"	6	0.6633	0.66284	0.993212	0	1060	-0.04035
"RND3"	"x"	6	0.66388	0.66346	0.993212	0	1061	0.3015
"SMC1B"	"x"	6	0.66505	0.66462	0.993212	0	1062	-0.0301
"FOXA2"	"x"	6	0.66535	0.66497	0.993212	0	1063	0.0564
"FANCD2"	"x"	6	0.66564	0.66522	0.993212	0	1064	0.189
"VAV1"	"x"	6	0.66739	0.66696	0.993212	0	1065	-0.01785
"IRAK1"	"x"	6	0.66797	0.66741	0.993212	0	1066	0.0574
"ERCC3"	"x"	6	0.66913	0.66848	0.993212	0	1067	0.0633
"HSPA1A"	"x"	6	0.66942	0.66872	0.993212	0	1068	0.0431
"nc_chr18_9"	"n"	1	0.66992	0.67095	0.993212	0	1069	0.0887
"ACLY"	"x"	6	0.67028	0.66949	0.993212	0	1070	0.024885
"FGF2"	"x"	6	0.67086	0.67015	0.993212	0	1071	-0.0296
"TINF2"	"x"	6	0.67143	0.67075	0.993212	0	1072	-0.03665
"GINS1"	"x"	6	0.6723	0.67158	0.993212	0	1073	0.02575
"HMGN1"	"x"	6	0.67373	0.67305	0.993212	0	1074	-0.10845
"EIF2B5"	"x"	6	0.6743	0.67373	0.993212	0	1075	0.04835
"PTPN2"	"x"	6	0.67516	0.67465	0.993212	0	1076	0.0274
"PRKAA2"	"x"	6	0.67573	0.67519	0.993212	0	1077	0.0694
"GRAP2"	"x"	6	0.6763	0.67572	0.993212	0	1078	0.152
"PSMD7"	"p"	6	0.67658	0.67602	0.993212	0	1079	0.05785
"HRAS"	"x"	6	0.67686	0.67628	0.993212	0	1080	-0.0491
"NFATC4"	"x"	6	0.67715	0.67657	0.993212	0	1081	-0.10045
"MAP4K4"	"x"	6	0.67771	0.67713	0.993212	0	1082	-0.05805
"COPA"	"p"	5	0.67772	0.67733	0.993212	0	1083	0.00463
"EIF2AK2"	"x"	6	0.67856	0.67797	0.993212	0	1084	0.18105
"CSNK1A1"	"x"	6	0.6811	0.68029	0.993212	0	1085	-0.002709669
"KRT6B"	"x"	6	0.68222	0.68129	0.993212	0	1086	-0.0823
"nc_chr7_10"	"n"	1	0.68229	0.68302	0.993212	0	1087	0.0744
"SATB1"	"x"	6	0.68306	0.68219	0.993212	0	1088	-0.0531
"FOXM1"	"x"	6	0.68473	0.68381	0.993212	0	1089	-0.13
"MAPK6"	"x"	6	0.68528	0.68435	0.993212	0	1090	-0.10695
"RPA2"	"x"	6	0.68612	0.68512	0.993212	0	1091	0.128
"KHSRP"	"x"	6	0.68639	0.68546	0.993212	0	1092	0.0069
"MAP3K5"	"x"	6	0.68722	0.68625	0.993212	0	1093	0.03405097
"EDAR"	"x"	6	0.68805	0.68712	0.993212	0	1094	-0.0015
"SHC3"	"x"	6	0.68832	0.68732	0.993212	0	1095	-0.04735
"IFNGR1"	"x"	6	0.68915	0.68813	0.993212	0	1096	-0.08581
"CABYR"	"x"	6	0.69025	0.68926	0.993212	0	1097	-0.0458
"nc_chr19_3"	"n"	1	0.69053	0.69127	0.993212	0	1098	0.061
"NFATC3"	"x"	6	0.69079	0.68971	0.993212	0	1099	0.00155
"nc_chr5_6"	"n"	1	0.69114	0.69188	0.993212	0	1100	0.0456
"nc_chr12_11"	"n"	1	0.69211	0.69294	0.993212	0	1101	0.0696
"RECQL5"	"x"	6	0.69325	0.69221	0.993212	0	1102	-0.1955
"ARHGEF1"	"x"	6	0.69352	0.69251	0.993212	0	1103	-0.1995
"ACVR1"	"x"	5	0.69357	0.69336	0.993212	0	1104	-0.111
"nc_chr4_5"	"n"	1	0.69477	0.69523	0.993212	0	1105	0.0981
"TOP3A"	"x"	6	0.69515	0.69411	0.993212	0	1106	-0.05115
"DMD"	"x"	6	0.69649	0.6955	0.993212	0	1107	-0.0051
"MAP2K4"	"x"	6	0.69676	0.69583	0.993212	0	1108	0.0732
"MET"	"x"	6	0.69703	0.69618	0.993212	0	1109	-0.023245
"DKK1"	"x"	6	0.6973	0.69642	0.993212	0	1110	0.00392
"SEPHS2"	"x"	6	0.69757	0.69673	0.993212	0	1111	0.1925
"DUSP9"	"x"	6	0.69784	0.69706	0.993212	0	1112	-0.171
"FOSL1"	"x"	5	0.69895	0.69902	0.993212	0	1113	0.13
"PIN1"	"x"	6	0.69918	0.69854	0.993212	0	1114	-0.0983
"MKNK1"	"x"	6	0.69971	0.69905	0.993212	0	1115	-0.00275
"FCGR2A"	"x"	6	0.70051	0.6999	0.993212	0	1116	-0.07655
"IL23R"	"x"	6	0.70104	0.70047	0.993212	0	1117	-0.09095
"SIAH1"	"x"	6	0.70184	0.7012	0.993212	0	1118	-0.0985
"RPL35A"	"p"	6	0.70317	0.70229	0.993212	0	1119	0.08685
"SLC7A5"	"x"	6	0.70369	0.70289	0.993212	0	1120	-0.0995
"STAT5B"	"x"	6	0.70422	0.70348	0.993212	0	1121	0.1466
"CDKN2AIP"	"x"	6	0.70475	0.70398	0.993212	0	1122	-0.017915
"CDX2"	"x"	6	0.70554	0.70467	0.993212	0	1123	0.1054
"SOCS1"	"x"	6	0.70659	0.70583	0.993212	0	1124	-0.08545
"HMGA2"	"x"	6	0.70685	0.706	0.993212	0	1125	0.031
"ATN1"	"x"	6	0.70737	0.70646	0.993212	0	1126	0.162
"FAF2"	"x"	6	0.70763	0.70667	0.993212	0	1127	0.08155
"NCF1"	"x"	5	0.70789	0.70781	0.993212	0	1128	0.0903
"PTPRR"	"x"	6	0.70841	0.70737	0.993212	0	1129	0.1615
"INS"	"x"	6	0.70867	0.70759	0.993212	0	1130	0.05184
"RCAN1"	"x"	6	0.70893	0.70788	0.993212	0	1131	-0.129
"nc_chr3_3"	"n"	1	0.70896	0.70925	0.993212	0	1132	0.0722
"AHCYL1"	"x"	6	0.71153	0.71038	0.993212	0	1133	0.118
"RELA"	"x"	6	0.7123	0.71109	0.993212	0	1134	-0.0893
"MEF2D"	"x"	5	0.71239	0.71239	0.993212	0	1135	0.0017
"FAAP24"	"x"	6	0.71435	0.71314	0.993212	0	1136	0.0706
"CDT1"	"x"	6	0.71487	0.71375	0.993212	0	1137	-0.08845
"MCM6"	"x"	6	0.71538	0.71426	0.993212	0	1138	-0.04885
"nc_chr6_1"	"n"	1	0.71805	0.71859	0.993212	0	1139	0.143
"SMC3"	"x"	6	0.71817	0.71719	0.993212	0	1140	-0.13305
"PRKCA"	"x"	6	0.71868	0.71763	0.993212	0	1141	-0.106
"ARFIP2"	"x"	6	0.71944	0.71836	0.993212	0	1142	-0.03635
"RXRA"	"x"	6	0.71994	0.71884	0.993212	0	1143	0.375
"MAPK9"	"x"	6	0.7207	0.71968	0.993212	0	1144	0.07995
"RAD21"	"x"	6	0.72095	0.71992	0.993212	0	1145	-0.1497
"MECP2"	"x"	6	0.72145	0.72047	0.993212	0	1146	0.0704
"nc_chr11_7"	"n"	1	0.72193	0.72247	0.993212	0	1147	0.11
"IKBKAP"	"x"	6	0.72195	0.72101	0.993212	0	1148	0.0314
"WNT10B"	"x"	6	0.7222	0.72122	0.993212	0	1149	0.0242
"PSTK"	"x"	6	0.72295	0.722	0.993212	0	1150	0.1916
"nc_chr8_10"	"n"	1	0.72387	0.72451	0.993212	0	1151	0.176
"IGF1R"	"x"	6	0.72444	0.72358	0.993212	0	1152	-0.13485
"UCHL5"	"x"	6	0.72494	0.72407	0.993212	0	1153	-0.1695
"NCKAP1"	"x"	5	0.72502	0.72484	0.993212	0	1154	-0.00543
"DAAM1"	"x"	6	0.72544	0.72463	0.993212	0	1155	0.1209
"MSTO1"	"x"	6	0.72593	0.72506	0.993212	0	1156	0.0548
"GTF2H4"	"x"	6	0.72643	0.72559	0.993212	0	1157	0.09865
"nc_chr9_3"	"n"	1	0.7269	0.72757	0.993212	0	1158	0.0955
"FAM107A"	"x"	6	0.72791	0.72713	0.993212	0	1159	0.02508
"GATA6"	"x"	6	0.72815	0.72744	0.993212	0	1160	0.153
"EIF2B3"	"x"	6	0.7284	0.72762	0.993212	0	1161	0.1735
"KMT2D"	"x"	6	0.72938	0.72851	0.993212	0	1162	-0.02505
"MAPKAPK2"	"x"	6	0.72962	0.72877	0.993212	0	1163	0.2075
"MBD4"	"x"	6	0.72987	0.72906	0.993212	0	1164	0.1296
"VCP"	"x"	6	0.73011	0.72933	0.993212	0	1165	0.0092505
"DPYSL2"	"x"	6	0.73109	0.73031	0.993212	0	1166	-0.0126
"WNT1"	"x"	6	0.73157	0.73074	0.993212	0	1167	0.04985
"ID3"	"x"	6	0.73206	0.73115	0.993212	0	1168	-0.0817
"APLP2"	"x"	6	0.7323	0.73142	0.993212	0	1169	0.00998
"TEAD1"	"x"	6	0.73279	0.73185	0.993212	0	1170	0.2195
"MCM9"	"x"	6	0.73303	0.73213	0.993212	0	1171	-0.0999
"COMT"	"x"	6	0.73351	0.73256	0.993212	0	1172	0.02215
"MTOR"	"x"	6	0.73496	0.73405	0.994263	0	1173	0.11695
"nc_chr16_11"	"n"	1	0.73636	0.73701	0.994263	0	1174	0.393
"NUP205"	"p"	6	0.73664	0.73571	0.994263	0	1175	0.039255
"RPS8"	"p"	6	0.73759	0.73657	0.994263	0	1176	0.2055
"MMP9"	"x"	6	0.73831	0.73735	0.994263	0	1177	0.03575
"CLOCK"	"x"	6	0.73878	0.73791	0.994263	0	1178	0.0923
"PTPRG"	"x"	6	0.73926	0.73849	0.994263	0	1179	0.206
"nc_chr13_5"	"n"	1	0.73951	0.74017	0.994263	0	1180	0.0935
"HTT"	"x"	6	0.73973	0.73894	0.994263	0	1181	0.0041125
"BAZ1B"	"x"	6	0.74021	0.7395	0.994263	0	1182	0.1995
"CASP9"	"x"	6	0.74092	0.74022	0.994263	0	1183	-0.066355
"nc_chr13_1"	"n"	1	0.74182	0.74254	0.994712	0	1184	0.0602
"NUP93"	"p"	6	0.74256	0.74178	0.994712	0	1185	0.133
"TFRC"	"x"	5	0.7434	0.74356	0.994712	0	1186	-0.23
"nc_chr10_2"	"n"	1	0.74412	0.74477	0.995324	0	1187	0.0808
"PAGR1"	"x"	6	0.7442	0.74343	0.994712	0	1188	-0.00695
"SPAG9"	"x"	6	0.74444	0.74369	0.994712	0	1189	0.176
"nc_chr13_2"	"n"	1	0.7457	0.74642	0.995432	0	1190	0.122
"TCF7L1"	"x"	6	0.74676	0.74593	0.995432	0	1191	0.00205
"JDP2"	"x"	6	0.74792	0.74724	0.995432	0	1192	-0.12495
"ZBTB14"	"x"	6	0.74838	0.74777	0.995432	0	1193	-0.0097
"nc_chr11_5"	"n"	1	0.74909	0.74956	0.995432	0	1194	0.171
"TAOK1"	"x"	6	0.7493	0.74865	0.995432	0	1195	-0.08645
"POLD4"	"x"	6	0.75044	0.74987	0.995432	0	1196	0.06815
"HIF1A"	"x"	6	0.75136	0.75074	0.995432	0	1197	0.0553
"IL2RG"	"x"	6	0.75159	0.75093	0.995432	0	1198	0.02045
"CYB5B"	"x"	6	0.7525	0.75185	0.995432	0	1199	-0.027
"TP63"	"x"	6	0.75295	0.75234	0.995432	0	1200	0.02575
"PRKAB2"	"x"	5	0.75404	0.7541	0.995432	0	1201	-0.033
"SNAI1"	"x"	6	0.75408	0.75348	0.995432	0	1202	0.148
"PKM"	"x"	6	0.75544	0.75465	0.995432	0	1203	0.05175
"CRMP1"	"x"	6	0.75633	0.75566	0.995432	0	1204	0.07994
"nc_chr9_1"	"n"	1	0.75649	0.75713	0.995432	0	1205	0.0871
"FZD7"	"x"	5	0.75659	0.75663	0.995432	0	1206	0.153
"APC"	"x"	6	0.75968	0.75889	0.995432	0	1207	-0.03205
"ULK1"	"x"	6	0.76034	0.7596	0.995432	0	1208	-0.0367
"MAPKAPK3"	"x"	6	0.76056	0.75983	0.995432	0	1209	-0.029495
"HIPK2"	"x"	6	0.76079	0.76004	0.995432	0	1210	0.1225
"MAPK8IP1"	"x"	6	0.76101	0.76033	0.995432	0	1211	0.04226
"nc_chr18_1"	"n"	1	0.7617	0.76225	0.995432	0	1212	0.105
"BID"	"x"	6	0.76189	0.76133	0.995432	0	1213	-0.08525
"ANLN"	"x"	6	0.76211	0.76149	0.995432	0	1214	0.14885
"HK1"	"x"	6	0.76233	0.76168	0.995432	0	1215	-0.01105
"USP28"	"x"	6	0.76277	0.76212	0.995432	0	1216	0.04435
"INPPL1"	"x"	6	0.76299	0.76239	0.995432	0	1217	0.1455
"CLSPN"	"x"	6	0.76364	0.76311	0.995549	0	1218	0.08395
"nc_chr18_5"	"n"	1	0.76534	0.76585	0.99677	0	1219	0.232
"RNF8"	"x"	6	0.76604	0.76544	0.99677	0	1220	-0.09465
"CFLAR"	"x"	6	0.76669	0.76607	0.99677	0	1221	-0.01288
"WRB"	"x"	6	0.76755	0.76688	0.99677	0	1222	0.1801
"nc_chr15_9"	"n"	1	0.76813	0.76886	0.99677	0	1223	0.0938
"KAT5"	"x"	6	0.76863	0.76792	0.99677	0	1224	-0.0565
"LRP5"	"x"	6	0.76949	0.76872	0.99677	0	1225	0.10665
"FUT3"	"x"	6	0.77034	0.76951	0.99677	0	1226	0.2475
"DAXX"	"x"	6	0.77098	0.77023	0.99677	0	1227	0.04025
"SKA3"	"x"	6	0.77204	0.77107	0.99677	0	1228	0.14421
"SFN"	"x"	6	0.77268	0.77158	0.99677	0	1229	0.05035
"HCK"	"x"	6	0.7731	0.77209	0.99677	0	1230	0.0837
"CNTFR"	"x"	6	0.77352	0.77252	0.99677	0	1231	-0.168
"METTL1"	"x"	6	0.77479	0.77376	0.99677	0	1232	-0.0166
"AMHR2"	"x"	6	0.77625	0.77526	0.99677	0	1233	0.14755
"nc_chr21_1"	"n"	1	0.77698	0.77778	0.99677	0	1234	0.0641
"EMC4"	"x"	6	0.77792	0.77697	0.99677	0	1235	-0.00936
"nc_chr16_8"	"n"	1	0.77855	0.77923	0.99677	0	1236	0.244
"ASNA1"	"x"	6	0.78061	0.77978	0.99677	0	1237	0.1629
"CDC73"	"x"	6	0.78081	0.77998	0.99677	0	1238	-0.0362
"PTGS2"	"x"	6	0.78163	0.7808	0.99677	0	1239	0.040985
"ACACA"	"x"	6	0.78286	0.78209	0.99677	0	1240	0.11105
"WWP1"	"x"	6	0.78347	0.78273	0.99677	0	1241	0.0854
"FOS"	"x"	6	0.78387	0.78319	0.99677	0	1242	-0.11985
"SMAD3"	"x"	6	0.78428	0.78369	0.99677	0	1243	-0.070795
"MIS12"	"x"	6	0.78468	0.78414	0.99677	0	1244	-0.06555
"NEFH"	"x"	6	0.78509	0.7845	0.99677	0	1245	-0.035595
"PSMA3"	"p"	6	0.7861	0.78556	0.99677	0	1246	0.273
"CCNB3"	"x"	6	0.7865	0.78598	0.99677	0	1247	-0.06085
"nc_chr5_2"	"n"	1	0.78655	0.78725	0.99677	0	1248	0.148
"IL6R"	"x"	6	0.7867	0.78621	0.99677	0	1249	0.11105
"ESR1"	"x"	5	0.78687	0.78761	0.99677	0	1250	-0.0371
"nc_chr10_3"	"n"	1	0.78765	0.78839	0.99677	0	1251	0.111
"ARRB2"	"x"	6	0.7885	0.78816	0.99677	0	1252	0.1955
"MYC"	"x"	6	0.78929	0.78897	0.99677	0	1253	-0.05015
"CDCA7"	"x"	6	0.78989	0.78958	0.99677	0	1254	-0.10705
"BAP1"	"x"	6	0.79029	0.79007	0.99677	0	1255	-0.0295
"EPOR"	"x"	6	0.79048	0.79025	0.99677	0	1256	-0.01055
"YWHAG"	"x"	6	0.79186	0.79145	0.99677	0	1257	-0.04625
"PDGFRB"	"x"	6	0.79285	0.79243	0.99677	0	1258	-0.05345
"ARNTL"	"x"	6	0.79324	0.79286	0.99677	0	1259	0.0484
"CTPS2"	"x"	6	0.79382	0.79336	0.99677	0	1260	0.01633
"PPP1CB"	"x"	6	0.79421	0.79376	0.99677	0	1261	-0.05225
"BTK"	"x"	6	0.79441	0.79395	0.99677	0	1262	0.1455
"nc_chr21_7"	"n"	1	0.79456	0.79518	0.99677	0	1263	0.307
"CDK6"	"x"	6	0.7948	0.79438	0.99677	0	1264	0.0917
"nc_chr20_3"	"n"	1	0.79504	0.79571	0.99677	0	1265	0.106
"MAP3K3"	"x"	6	0.79519	0.79471	0.99677	0	1266	0.01025
"nc_chr2_2"	"n"	1	0.79734	0.79808	0.99677	0	1267	0.153
"ATG13"	"x"	6	0.7977	0.79737	0.99677	0	1268	0.09535
"nc_chr16_6"	"n"	1	0.79783	0.79862	0.99677	0	1269	0.204
"CDC25C"	"x"	6	0.7998	0.79945	0.99677	0	1270	-0.04565
"nc_chr7_9"	"n"	1	0.8005	0.80129	0.99677	0	1271	0.129
"RPS3A"	"p"	6	0.80056	0.80032	0.99677	0	1272	0.12295
"nc_chr3_7"	"n"	1	0.80074	0.80155	0.99677	0	1273	0.135
"nc_chr21_5"	"n"	1	0.80171	0.80247	0.99677	0	1274	0.183
"HGS"	"x"	6	0.80189	0.80156	0.99677	0	1275	-0.01655
"HTRA2"	"x"	6	0.80207	0.80177	0.99677	0	1276	0.03695
"CAMKK1"	"x"	6	0.8047	0.80423	0.99677	0	1277	-0.07995
"RAD54B"	"x"	6	0.80489	0.8044	0.99677	0	1278	0.04567
"ACAP1"	"x"	6	0.80582	0.80525	0.99677	0	1279	0.0974
"RAB39A"	"x"	6	0.806	0.80544	0.99677	0	1280	0.05945
"SLC18A2"	"x"	6	0.8073	0.80697	0.99677	0	1281	-0.019005
"EPS15"	"x"	6	0.80785	0.80749	0.99677	0	1282	0.192
"C19orf25"	"x"	6	0.80968	0.80947	0.99677	0	1283	0.07875
"DUSP10"	"x"	6	0.81059	0.8104	0.99677	0	1284	0.08235
"CDC45"	"x"	6	0.81077	0.81056	0.99677	0	1285	0.159
"DUSP16"	"x"	6	0.81114	0.81096	0.99677	0	1286	0.017725
"NKX3-1"	"x"	6	0.8115	0.8113	0.99677	0	1287	-0.04175
"PRKDC"	"x"	6	0.81168	0.81147	0.99677	0	1288	-0.04195
"HLA-A"	"x"	6	0.81204	0.8118	0.99677	0	1289	0.146
"MEN1"	"x"	6	0.81222	0.812	0.99677	0	1290	0.0975
"PIK3CG"	"x"	6	0.81384	0.81377	0.99677	0	1291	-0.02519
"LRIG1"	"x"	6	0.81456	0.81446	0.99677	0	1292	0.10265
"nc_chr18_7"	"n"	1	0.81505	0.8151	0.99677	0	1293	0.32
"SMARCAL1"	"x"	6	0.81545	0.8154	0.99677	0	1294	0.0586
"MAP3K2"	"x"	6	0.81634	0.81615	0.99677	0	1295	0.09955
"DPYSL3"	"x"	6	0.81687	0.81674	0.99677	0	1296	0.0711
"RAC2"	"x"	6	0.81775	0.81759	0.99677	0	1297	0.06445
"PPP1R12B"	"x"	6	0.81793	0.81774	0.99677	0	1298	-0.135
"nc_chrX_7"	"n"	1	0.81844	0.81854	0.99677	0	1299	0.168
"nc_chr8_7"	"n"	1	0.8188	0.81884	0.99677	0	1300	0.109
"nc_chr8_3"	"n"	1	0.8205	0.8205	0.99677	0	1301	0.166
"HSP90AA1"	"x"	6	0.82159	0.82157	0.99677	0	1302	-0.0301
"DDX5"	"x"	6	0.82176	0.82177	0.99677	0	1303	-0.0624
"RPS6KA3"	"x"	5	0.82212	0.82329	0.99677	0	1304	-0.0386
"SMAD7"	"x"	6	0.82245	0.8225	0.99677	0	1305	0.02225
"EIF2B2"	"x"	6	0.82331	0.82333	0.99677	0	1306	-0.03095
"FLT4"	"x"	6	0.82348	0.82352	0.99677	0	1307	0.0745
"nc_chr11_2"	"n"	1	0.82426	0.82439	0.99677	0	1308	0.101
"SMO"	"x"	6	0.82485	0.82475	0.99677	0	1309	0.0549
"KRT17"	"x"	6	0.82502	0.82494	0.99677	0	1310	-0.02061
"MSH3"	"x"	6	0.8257	0.82558	0.99677	0	1311	-0.05475
"AKT1S1"	"x"	6	0.82722	0.8271	0.99677	0	1312	-0.0327499999999984
"PRKCH"	"x"	6	0.82739	0.82726	0.99677	0	1313	0.10105
"nc_chr13_4"	"n"	1	0.8285	0.82851	0.99677	0	1314	0.0998
"SHISA9"	"x"	6	0.82857	0.8284	0.99677	0	1315	0.0387
"nc_chrX_3"	"n"	1	0.82875	0.82876	0.99677	0	1316	0.104
"SUMO2"	"x"	6	0.82957	0.82943	0.99677	0	1317	-0.01
"CFL2"	"x"	6	0.8304	0.83027	0.99677	0	1318	-0.04674
"FRAT1"	"x"	6	0.83056	0.83043	0.99677	0	1319	0.08955
"SYK"	"x"	6	0.83139	0.83121	0.99677	0	1320	0.0334
"PRKCI"	"x"	5	0.8318	0.83269	0.99677	0	1321	0.00282
"RPS13"	"p"	6	0.83188	0.83174	0.99677	0	1322	0.05145
"nc_chr17_3"	"n"	1	0.83384	0.83375	0.99677	0	1323	0.192
"TBX3"	"x"	6	0.83418	0.83394	0.99677	0	1324	0.349
"MAP2K7"	"x"	6	0.83434	0.83414	0.99677	0	1325	-0.13215
"HDAC2"	"x"	6	0.83483	0.83453	0.99677	0	1326	0.1706
"CDH2"	"x"	6	0.83515	0.83488	0.99677	0	1327	0.2655
"DEPTOR"	"x"	6	0.83596	0.83579	0.99677	0	1328	0.226
"LIF"	"x"	6	0.83644	0.83626	0.99677	0	1329	-0.02444
"nc_chr4_4"	"n"	1	0.83651	0.83647	0.99677	0	1330	0.171
"FZD1"	"x"	6	0.83724	0.83706	0.99677	0	1331	0.05885
"TAOK3"	"x"	6	0.83804	0.83789	0.99677	0	1332	-0.06855
"nc_chr1_2"	"n"	1	0.83869	0.83872	0.99677	0	1333	0.226
"MPRIP"	"x"	6	0.83963	0.83951	0.99677	0	1334	0.0436
"COPS4"	"p"	6	0.83979	0.83959	0.99677	0	1335	0.14425
"STAT5A"	"x"	6	0.84042	0.84021	0.99677	0	1336	-0.157
"nc_chr11_10"	"n"	1	0.84087	0.84109	0.99677	0	1337	0.336
"PSEN1"	"x"	6	0.84386	0.84356	0.99677	0	1338	0.04605
"PDCD4"	"x"	6	0.84509	0.84483	0.99677	0	1339	0.12545
"nc_chr12_4"	"n"	1	0.84524	0.84538	0.99677	0	1340	0.0864
"KLF4"	"x"	6	0.84555	0.8453	0.99677	0	1341	-0.1426
"YAP1"	"x"	6	0.84571	0.8454	0.99677	0	1342	0.0703
"KIT"	"x"	6	0.84617	0.84589	0.99677	0	1343	0.1335
"TNK2"	"x"	6	0.84647	0.8462	0.99677	0	1344	0.12435
"CASP3"	"x"	6	0.84678	0.84655	0.99677	0	1345	0.1495
"IL31RA"	"x"	6	0.84723	0.84708	0.99677	0	1346	-0.0049
"RPL9"	"p"	6	0.84769	0.84749	0.99677	0	1347	-0.0135
"BORA"	"x"	6	0.84814	0.84796	0.99677	0	1348	0.0035
"RPS19"	"p"	6	0.84845	0.84823	0.99677	0	1349	-0.0646
"IL2RB"	"x"	6	0.84995	0.84965	0.99677	0	1350	0.381
"WWTR1"	"x"	6	0.85025	0.84996	0.99677	0	1351	0.026
"ITGB2"	"x"	3	0.85061	0.84984	0.99677	0	1352	0.0462
"CDK1"	"x"	6	0.85189	0.85154	0.99677	0	1353	-0.03185
"DDB2"	"x"	6	0.85203	0.85167	0.99677	0	1354	-0.061
"IRS2"	"x"	6	0.85218	0.85184	0.99677	0	1355	-0.029335
"TAB3"	"x"	6	0.85277	0.8523	0.99677	0	1356	-0.0275
"RAB7A"	"x"	6	0.85351	0.85314	0.99677	0	1357	0.09695
"ZFP36L1"	"x"	6	0.8538	0.85348	0.99677	0	1358	-0.0315
"BRAF"	"x"	6	0.85424	0.85392	0.99677	0	1359	0.0147
"PDS5A"	"x"	6	0.85468	0.85441	0.99677	0	1360	-0.03565
"nc_chr14_1"	"n"	1	0.85603	0.85613	0.99677	0	1361	0.119
"nc_chr14_3"	"n"	1	0.85651	0.85662	0.99677	0	1362	0.12
"HDAC9"	"x"	6	0.85743	0.85713	0.99677	0	1363	-0.00255
"CAPN2"	"x"	6	0.85757	0.85725	0.99677	0	1364	0.09475
"RAC3"	"x"	6	0.85814	0.85786	0.99677	0	1365	0.016035
"TADA1"	"x"	6	0.859	0.85879	0.99677	0	1366	-0.0966
"MYLK"	"x"	6	0.85971	0.85945	0.99677	0	1367	-0.0916
"BUD13"	"x"	6	0.86069	0.86052	0.99677	0	1368	0.1595
"nc_chr15_11"	"n"	1	0.861	0.86128	0.99677	0	1369	0.138
"PTPN5"	"x"	6	0.8614	0.86118	0.99677	0	1370	-0.0475
"NUDT3"	"x"	6	0.86182	0.86163	0.99677	0	1371	0.1975
"ADRM1"	"x"	6	0.86224	0.86201	0.99677	0	1372	-0.06075
"HDAC1"	"x"	6	0.86237	0.86214	0.99677	0	1373	0.1255
"PIK3AP1"	"x"	6	0.86251	0.86227	0.99677	0	1374	0.0305
"TH"	"x"	6	0.86279	0.86253	0.99677	0	1375	-0.032
"NFKBIB"	"x"	6	0.86528	0.86487	0.997715	0	1376	-0.02785
"PER3"	"x"	6	0.86759	0.86715	0.997715	0	1377	0.1031
"nc_chr11_8"	"n"	1	0.86888	0.86902	0.997715	0	1378	0.149
"MDM2"	"x"	6	0.86893	0.86856	0.997715	0	1379	0.0491
"PPP2R5C"	"x"	6	0.87026	0.86994	0.997715	0	1380	-0.00885
"HAMP"	"x"	6	0.87105	0.87069	0.997715	0	1381	0.014345
"nc_chr13_8"	"n"	1	0.87167	0.87171	0.997715	0	1382	0.116
"nc_chr13_9"	"n"	1	0.87179	0.87184	0.997715	0	1383	0.366
"SHPRH"	"x"	6	0.87276	0.87262	0.997715	0	1384	0.08285
"ITGB3"	"x"	6	0.87561	0.87543	0.997715	0	1385	-0.0054
"nc_chr6_2"	"n"	1	0.87724	0.87725	0.997715	0	1386	0.249
"RAD9B"	"x"	6	0.88002	0.88002	0.997715	0	1387	0.1427
"DUSP7"	"x"	6	0.88064	0.88064	0.997715	0	1388	0.2115
"STAT1"	"x"	6	0.88076	0.8808	0.997715	0	1389	0.0721
"nc_chr8_8"	"n"	1	0.88088	0.881	0.997715	0	1390	0.299
"MMP7"	"x"	6	0.88114	0.88113	0.997715	0	1391	0.000999999999999997
"NTHL1"	"x"	6	0.882	0.88192	0.997715	0	1392	-0.04835
"YWHAZ"	"x"	6	0.88212	0.88205	0.997715	0	1393	-0.0105
"TRRAP"	"x"	6	0.8837	0.88353	0.997715	0	1394	-0.00584999999999999
"ERCC8"	"x"	6	0.88382	0.88368	0.997715	0	1395	0.05165
"PARD6A"	"x"	6	0.88622	0.886	0.997715	0	1396	0.195
"RIN1"	"x"	6	0.88681	0.88651	0.997715	0	1397	0.0694
"RPS6"	"x"	6	0.88764	0.88735	0.997715	0	1398	0.015
"MAP4K5"	"x"	6	0.88823	0.888	0.997715	0	1399	0.196
"SH3RF1"	"x"	6	0.88834	0.88809	0.997715	0	1400	0.05295
"ITGA7"	"x"	6	0.88846	0.88818	0.997715	0	1401	0.0303
"PPP6C"	"x"	6	0.89032	0.89018	0.997715	0	1402	0.145
"nc_chr19_10"	"n"	1	0.89058	0.89091	0.997715	0	1403	0.407
"nc_chrX_2"	"n"	1	0.89119	0.89167	0.997715	0	1404	0.164
"TCF7"	"x"	6	0.89227	0.89221	0.997715	0	1405	0.0206
"NCOA1"	"x"	6	0.89238	0.89234	0.997715	0	1406	0.066975
"RPS6KA5"	"x"	6	0.89328	0.89322	0.997715	0	1407	-0.0851
"EPC2"	"x"	6	0.89452	0.8944	0.997715	0	1408	0.191
"PIK3R2"	"x"	5	0.89477	0.89503	0.997715	0	1409	0.128
"STMN1"	"x"	6	0.89496	0.89482	0.997715	0	1410	0.11285
"COPS2"	"p"	6	0.89607	0.8959	0.997715	0	1411	0.1892
"BMI1"	"x"	6	0.89804	0.89811	0.997715	0	1412	0.01238
"STAT6"	"x"	6	0.89847	0.8986	0.997715	0	1413	0.293
"UBE2A"	"x"	6	0.89891	0.89906	0.997715	0	1414	0.1295
"MCM8"	"x"	6	0.89912	0.89926	0.997715	0	1415	0.084
"VPS54"	"x"	6	0.89923	0.89936	0.997715	0	1416	0.1009
"RBSN"	"x"	6	0.90125	0.90137	0.997715	0	1417	-0.0572
"EGR1"	"x"	6	0.90199	0.9022	0.997715	0	1418	0.0372
"nc_chrX_6"	"n"	1	0.90489	0.90544	0.997715	0	1419	0.155
"nc_chr18_2"	"n"	1	0.90525	0.90578	0.997715	0	1420	0.197
"TGFBR1"	"x"	6	0.90581	0.90628	0.997715	0	1421	0.04025
"TUBE1"	"x"	6	0.90632	0.90676	0.997715	0	1422	-0.0473
"TWIST1"	"x"	6	0.90642	0.90683	0.997715	0	1423	-0.06
"nc_chr1_1"	"n"	1	0.9067	0.90711	0.997715	0	1424	0.185
"PCYT1A"	"x"	6	0.90783	0.90813	0.997715	0	1425	-0.0467
"REV3L"	"x"	6	0.90802	0.9083	0.997715	0	1426	0.095
"EEFSEC"	"x"	6	0.90822	0.90844	0.997715	0	1427	0.1305
"MUC1"	"x"	6	0.90862	0.90887	0.997715	0	1428	0.02815
"nc_chr5_4"	"n"	1	0.90913	0.90959	0.997715	0	1429	0.134
"PSMG1"	"x"	6	0.90921	0.90946	0.997715	0	1430	-0.00715
"MUTYH"	"x"	6	0.9098	0.91009	0.997715	0	1431	0.0586
"CCNE1"	"x"	5	0.90992	0.9102	0.997715	0	1432	0.266
"CAMKK2"	"x"	6	0.91	0.91026	0.997715	0	1433	-0.03255
"STAP2"	"x"	6	0.91165	0.91177	0.997715	0	1434	0.039145
"CTCF"	"x"	6	0.91213	0.91235	0.997715	0	1435	0.1675
"MEF2C"	"x"	6	0.91242	0.91261	0.997715	0	1436	0.08305
"CCNH"	"x"	6	0.91251	0.91272	0.997715	0	1437	-0.04535
"SH2D6"	"x"	6	0.91261	0.91281	0.997715	0	1438	-0.01548
"SGK2"	"x"	6	0.9127	0.91293	0.997715	0	1439	0.1142
"AXIN2"	"x"	6	0.91299	0.91328	0.997715	0	1440	0.0343
"BCL2L12"	"x"	6	0.91327	0.91359	0.997715	0	1441	0.2275
"BCAR1"	"x"	6	0.91403	0.91433	0.997715	0	1442	-0.06495
"PER1"	"x"	6	0.91506	0.91535	0.997715	0	1443	0.05885
"NEIL3"	"x"	6	0.91562	0.91587	0.997715	0	1444	-0.0348
"PRKAG2"	"x"	6	0.91589	0.91612	0.997715	0	1445	-0.00975
"HDAC7"	"x"	6	0.91608	0.91627	0.997715	0	1446	-0.04185
"RANBP3"	"x"	6	0.91654	0.91665	0.997715	0	1447	0.06755
"SKP2"	"x"	6	0.91663	0.91673	0.997715	0	1448	0.083
"PIK3R1"	"x"	6	0.91672	0.91681	0.997715	0	1449	0.0385
"TIAM1"	"x"	6	0.91727	0.91736	0.997715	0	1450	0.0849
"YWHAB"	"x"	6	0.91764	0.91769	0.997715	0	1451	0.20755
"TGFBR2"	"x"	6	0.91809	0.91813	0.997715	0	1452	0.0861
"UBE2H"	"x"	6	0.91881	0.91876	0.997715	0	1453	0.06305
"PAK1"	"x"	6	0.91926	0.91913	0.997715	0	1454	-0.01141
"TRIM27"	"x"	6	0.91979	0.91961	0.997715	0	1455	-0.0608
"ERBB3"	"x"	6	0.92032	0.92023	0.997715	0	1456	-0.020045
"EPHA3"	"x"	6	0.92041	0.9203	0.997715	0	1457	0.1895
"PSMD6"	"p"	6	0.92085	0.92079	0.997715	0	1458	0.209135
"HBB"	"x"	6	0.92146	0.92132	0.997715	0	1459	0.043
"UBIAD1"	"x"	6	0.92181	0.9217	0.997715	0	1460	-0.023365
"TTK"	"x"	6	0.92216	0.92209	0.997715	0	1461	-0.0395
"GPX4"	"x"	6	0.92268	0.92255	0.997715	0	1462	0.0234
"GAB1"	"x"	6	0.92285	0.92274	0.997715	0	1463	-0.01451
"E2F1"	"x"	6	0.92396	0.92379	0.997715	0	1464	0.1575
"FASN"	"x"	6	0.92648	0.9264	0.997715	0	1465	-0.0408
"nc_chr12_10"	"n"	1	0.92659	0.92662	0.997715	0	1466	0.24
"RND1"	"x"	6	0.92689	0.9268	0.997715	0	1467	0.2485
"JAK3"	"x"	6	0.92697	0.9269	0.997715	0	1468	0.02885
"PML"	"x"	6	0.92705	0.92697	0.997715	0	1469	0.15
"DUSP6"	"x"	5	0.92857	0.92864	0.997715	0	1470	0.091
"PLCG1"	"x"	6	0.92892	0.92882	0.997715	0	1471	-0.00425
"SHH"	"x"	6	0.9302	0.93012	0.997715	0	1472	0.05325
"RASSF1"	"x"	6	0.93114	0.93109	0.997715	0	1473	0.1535
"INTS12"	"x"	6	0.93145	0.93138	0.997715	0	1474	0.119
"HOXB7"	"x"	5	0.93181	0.93204	0.997715	0	1475	0.157
"NEDD4"	"x"	6	0.93231	0.93229	0.997715	0	1476	0.01025
"HBP1"	"x"	6	0.93269	0.93278	0.997715	0	1477	0.03485
"DIABLO"	"x"	6	0.93376	0.93388	0.997715	0	1478	0.0814
"MSH4"	"x"	6	0.93399	0.93415	0.997715	0	1479	0.0401
"PDGFRA"	"x"	6	0.93451	0.93469	0.997715	0	1480	0.09515
"NOTCH2"	"x"	6	0.93474	0.93495	0.997715	0	1481	-0.06105
"PCSK1N"	"x"	6	0.93526	0.93549	0.997715	0	1482	0.04245
"KLK3"	"x"	6	0.93593	0.93625	0.997715	0	1483	0.00529
"PTAR1"	"x"	6	0.93889	0.93916	0.997715	0	1484	0.211
"nc_chr8_5"	"n"	1	0.93895	0.93872	0.997715	0	1485	0.264
"PRKCQ"	"x"	6	0.93966	0.93996	0.997715	0	1486	-0.000499999999999999
"CAMK2G"	"x"	6	0.93973	0.94004	0.997715	0	1487	0.07805
"NEK2"	"x"	6	0.9398	0.94015	0.997715	0	1488	0.226
"nc_chr16_9"	"n"	1	0.94005	0.93981	0.997715	0	1489	0.294
"PLD2"	"x"	6	0.94248	0.94283	0.997715	0	1490	-0.0214
"NUP133"	"p"	6	0.94328	0.94349	0.997715	0	1491	0.0595
"nc_chr17_2"	"n"	1	0.94405	0.94369	0.997715	0	1492	0.215
"PSMB2"	"p"	6	0.94525	0.94568	0.997715	0	1493	0.00655
"RHEB"	"x"	6	0.94564	0.94608	0.997715	0	1494	0.14
"CSNK1A1L"	"x"	6	0.94583	0.94626	0.997715	0	1495	0.0499
"IL1RN"	"x"	6	0.94609	0.94653	0.997715	0	1496	0.2495
"ADAR"	"x"	6	0.94653	0.94697	0.997715	0	1497	0.0755
"MYH9"	"x"	6	0.94716	0.94752	0.997715	0	1498	0.00565
"JUND"	"x"	6	0.94741	0.94775	0.997715	0	1499	0.139
"MAPT"	"x"	6	0.9476	0.94791	0.997715	0	1500	0.031855
"POLR2A"	"p"	6	0.94853	0.94876	0.997715	0	1501	0.06175
"nc_chr10_6"	"n"	1	0.94853	0.94825	0.997715	0	1502	0.134
"CD46"	"x"	6	0.95099	0.95107	0.997715	0	1503	0.02271
"MAPK8IP2"	"x"	6	0.95308	0.95313	0.997715	0	1504	-0.0110998175
"EEF2K"	"x"	6	0.95342	0.95346	0.997715	0	1505	0.31
"PSMD11"	"p"	6	0.95392	0.95394	0.997715	0	1506	0.05025
"COPS8"	"p"	6	0.95437	0.95438	0.997715	0	1507	0.10325
"ERCC1"	"x"	6	0.95481	0.95484	0.997715	0	1508	0.01525
"SIRT1"	"x"	6	0.95492	0.95493	0.997715	0	1509	-0.00765
"SOX10"	"x"	6	0.95503	0.95506	0.997715	0	1510	0.167
"ANKRD49"	"x"	6	0.95509	0.95513	0.997715	0	1511	0.00985
"CASP8"	"x"	6	0.95649	0.9566	0.997715	0	1512	0.02095
"CTNNB1"	"x"	6	0.95729	0.95749	0.997715	0	1513	0.28
"GNB1"	"x"	6	0.9575	0.9577	0.997715	0	1514	0.0654
"nc_chr3_4"	"n"	1	0.95787	0.95769	0.997715	0	1515	0.746
"ARMC5"	"x"	6	0.96074	0.96059	0.997715	0	1516	0.19
"LTB4R2"	"x"	6	0.96142	0.96121	0.997715	0	1517	0.10595
"CDC20"	"x"	6	0.96238	0.96218	0.997715	0	1518	0.513
"nc_chr18_4"	"n"	1	0.96272	0.96279	0.997715	0	1519	0.393
"CDKN1A"	"x"	6	0.96386	0.96365	0.997715	0	1520	0.0673
"MLST8"	"x"	6	0.96521	0.96499	0.997715	0	1521	0.4115
"ROCK1"	"x"	6	0.96543	0.96518	0.997715	0	1522	0.0803
"WTAP"	"x"	6	0.96605	0.96585	0.997715	0	1523	0.296
"NR4A1"	"x"	6	0.96724	0.96713	0.997715	0	1524	0.13
"CDK2"	"x"	6	0.96733	0.96725	0.997715	0	1525	0.145
"RPS27"	"p"	6	0.96745	0.96735	0.997715	0	1526	0.028
"NUP54"	"p"	6	0.96766	0.96763	0.997715	0	1527	0.12385
"FER"	"x"	6	0.96873	0.96873	0.997715	0	1528	0.2525
"HSPA1B"	"x"	6	0.96885	0.96886	0.997715	0	1529	0.10165
"CDKN2B"	"x"	6	0.96921	0.96918	0.997715	0	1530	0.13765
"SMAD2"	"x"	6	0.96941	0.96935	0.997715	0	1531	0.0242
"PTPN6"	"x"	6	0.96949	0.96939	0.997715	0	1532	0.1725
"MDC1"	"x"	6	0.96993	0.96975	0.997715	0	1533	0.18415
"LCK"	"x"	6	0.97036	0.97015	0.997715	0	1534	0.0878
"HIST1H2BB"	"x"	6	0.97059	0.97036	0.997715	0	1535	0.1245
"nc_chr7_7"	"n"	1	0.97072	0.97074	0.997715	0	1536	0.453
"PPP2R2B"	"x"	6	0.97097	0.97073	0.997715	0	1537	0.189
"MYOG"	"x"	6	0.97195	0.97158	0.997715	0	1538	0.165
"HNF1B"	"x"	6	0.97293	0.97246	0.997715	0	1539	0.05084
"GAB2"	"x"	5	0.97306	0.97342	0.997715	0	1540	0.0728
"PPM1J"	"x"	6	0.97392	0.97346	0.997715	0	1541	0.197
"RAD51D"	"x"	6	0.97525	0.97486	0.997715	0	1542	0.02474
"LAT"	"x"	6	0.97532	0.97492	0.997715	0	1543	0.05715
"SFPQ"	"x"	6	0.97542	0.97502	0.997715	0	1544	0.0921
"ITGB4"	"x"	6	0.97568	0.97532	0.997715	0	1545	0.03055
"DKK2"	"x"	6	0.97668	0.97646	0.997715	0	1546	0.1705
"UBE2N"	"x"	6	0.9775	0.97722	0.997715	0	1547	0.046025
"BMPR2"	"x"	6	0.97756	0.97726	0.997715	0	1548	0.134
"BCL9"	"x"	6	0.97838	0.97801	0.997715	0	1549	0.21
"LIFR"	"x"	6	0.97841	0.97805	0.997715	0	1550	0.136
"XRCC3"	"x"	6	0.97849	0.97814	0.997715	0	1551	0.4375
"POLK"	"x"	6	0.98024	0.98003	0.997715	0	1552	0.1525
"GJA1"	"x"	6	0.98027	0.98008	0.997715	0	1553	0.1735
"DR1"	"x"	6	0.98215	0.98178	0.997715	0	1554	0.15
"nc_chr4_7"	"n"	1	0.98272	0.98272	0.997715	0	1555	0.17
"FZD5"	"x"	6	0.98285	0.98258	0.997715	0	1556	0.08135
"ERG"	"x"	6	0.98307	0.98282	0.997715	0	1557	0.1236
"CASP7"	"x"	6	0.98341	0.9832	0.997715	0	1558	0.04565
"GNG12"	"x"	6	0.98423	0.98407	0.997715	0	1559	0.124
"E2F2"	"x"	6	0.98436	0.9842	0.997715	0	1560	0.1905
"GNG2"	"x"	6	0.98468	0.98454	0.997715	0	1561	0.06355
"nc_chr15_4"	"n"	1	0.98503	0.9851	0.997715	0	1562	0.414
"ZYX"	"x"	6	0.98562	0.98552	0.997715	0	1563	0.08175
"SLC2A4"	"x"	6	0.98574	0.98564	0.997715	0	1564	0.2315
"CAND1"	"x"	6	0.98712	0.98692	0.997715	0	1565	0.203
"POLL"	"x"	6	0.98723	0.98703	0.997715	0	1566	0.1179
"STMN2"	"x"	6	0.98843	0.98827	0.997715	0	1567	0.1187
"TAB2"	"x"	6	0.98857	0.98838	0.997715	0	1568	0.19355
"PPM1D"	"x"	6	0.98978	0.9896	0.997715	0	1569	0.189
"COPB1"	"p"	6	0.99001	0.98987	0.997715	0	1570	0.2325
"ITGB5"	"x"	6	0.9913	0.99116	0.997715	0	1571	0.17935
"GNB3"	"x"	6	0.99151	0.99133	0.997715	0	1572	0.1745
"XIAP"	"x"	6	0.99192	0.99178	0.997715	0	1573	0.0685
"CREB1"	"x"	6	0.99204	0.99193	0.997715	0	1574	0.08605
"nc_chr12_5"	"n"	1	0.99266	0.99276	0.997715	0	1575	0.288
"RNASEH2C"	"x"	5	0.99321	0.99329	0.997715	0	1576	0.102
"nc_chr20_5"	"n"	1	0.99388	0.994	0.997715	0	1577	4.39
"IKBKG"	"x"	6	0.99415	0.99391	0.997715	0	1578	0.3075
"nc_chr2_5"	"n"	1	0.99424	0.99438	0.997715	0	1579	0.304
"nc_chr6_5"	"n"	1	0.99473	0.99491	0.997715	0	1580	0.315
"RPL3"	"p"	6	0.99492	0.99478	0.997715	0	1581	0.1845
"EZR"	"x"	6	0.99593	0.9959	0.997715	0	1582	0.2855
"KDM2A"	"x"	6	0.99607	0.99603	0.997715	0	1583	0.199
"CARD11"	"x"	6	0.9962	0.99616	0.997715	0	1584	0.1635
"PIKFYVE"	"x"	6	0.99623	0.99618	0.997715	0	1585	0.2835
"SEPSECS"	"x"	6	0.9965	0.99651	0.997715	0	1586	0.1555
"nc_chr10_10"	"n"	1	0.99667	0.99686	0.997715	0	1587	0.358
"FZD4"	"x"	6	0.9971	0.99709	0.997715	0	1588	0.2205
"EIF4ENIF1"	"x"	6	0.99804	0.99802	0.998015	0	1589	0.2155
