mk2,chek1,cell_line,value,bliss_syn,bliss_area_maxmk2,bliss_area_maxchek1,loewe_syn_linear,loewe_syn
0,0,Caco2,1,NA,-0.24031290166121,-0.09581565656565605,NA,NA
0,0.25,Caco2,0.7336666666666667,NA,-0.24031290166121,-0.09581565656565605,NA,NA
0,0.5,Caco2,0.8526666666666667,NA,-0.24031290166121,-0.09581565656565605,NA,NA
0,1,Caco2,0.6613333333333333,NA,-0.24031290166121,-0.09581565656565605,NA,NA
0,2.5,Caco2,0.6743333333333333,NA,-0.24031290166121,-0.09581565656565605,NA,NA
0,5,Caco2,0.66,NA,-0.24031290166121,-0.09581565656565605,NA,NA
0.5,0,Caco2,0.842,NA,-0.24031290166121,-0.09581565656565605,NA,NA
0.5,0.25,Caco2,0.657,0.03925266666666671,-0.24031290166121,-0.09581565656565605,1.2371234207968902,NA
0.5,0.5,Caco2,0.6913333333333334,-0.02661199999999997,-0.24031290166121,-0.09581565656565605,0.9892008639308856,NA
0.5,1,Caco2,0.5323333333333333,-0.024509333333333272,-0.24031290166121,-0.09581565656565605,1.0620099786172488,NA
0.5,2.5,Caco2,0.5923333333333334,0.02454466666666677,-0.24031290166121,-0.09581565656565605,1.1864268192968113,NA
0.5,5,Caco2,0.5933333333333333,0.037613333333333276,-0.24031290166121,-0.09581565656565605,1.224590163934426,NA
1,0,Caco2,0.801,NA,-0.24031290166121,-0.09581565656565605,NA,NA
1,0.25,Caco2,0.533,-0.05466700000000002,-0.24031290166121,-0.09581565656565605,0.9964311206281227,NA
1,0.5,Caco2,0.6066666666666667,-0.0763193333333334,-0.24031290166121,-0.09581565656565605,0.8805084745762711,NA
1,1,Caco2,0.5273333333333333,-0.002394666666666656,-0.24031290166121,-0.09581565656565605,1.1375176304654442,NA
1,2.5,Caco2,0.5253333333333333,-0.014807666666666663,-0.24031290166121,-0.09581565656565605,1.1053370786516852,NA
1,5,Caco2,0.577,0.04833999999999994,-0.24031290166121,-0.09581565656565605,1.2742316784869974,NA
2.5,0,Caco2,0.8046666666666666,NA,-0.24031290166121,-0.09581565656565605,NA,NA
2.5,0.25,Caco2,0.574,-0.016357111111111156,-0.24031290166121,-0.09581565656565605,1.0837245696400626,NA
2.5,0.5,Caco2,0.575,-0.11111244444444446,-0.24031290166121,-0.09581565656565605,0.8062745098039215,NA
2.5,1,Caco2,0.5013333333333333,-0.0308195555555556,-0.24031290166121,-0.09581565656565605,1.070855614973262,NA
2.5,2.5,Caco2,0.5346666666666667,-0.007946888888888837,-0.24031290166121,-0.09581565656565605,1.119627507163324,NA
2.5,5,Caco2,0.5036666666666667,-0.02741333333333329,-0.24031290166121,-0.09581565656565605,1.078576225654802,NA
5,0,Caco2,0.9163333333333333,NA,-0.24031290166121,-0.09581565656565605,NA,NA
5,0.25,Caco2,0.7543333333333333,0.08205011111111105,-0.24031290166121,-0.09581565656565605,1.4246947082767976,NA
5,0.5,Caco2,0.7253333333333333,-0.05599355555555563,-0.24031290166121,-0.09581565656565605,0.841019417475728,NA
5,1,Caco2,0.6063333333333333,3.315555555555294e-4,-0.24031290166121,-0.09581565656565605,1.0728196443691784,NA
5,2.5,Caco2,0.5456666666666666,-0.07224744444444453,-0.24031290166121,-0.09581565656565605,0.900953778429934,NA
5,5,Caco2,0.5443333333333333,-0.06044666666666665,-0.24031290166121,-0.09581565656565605,0.9297732260424286,NA
0,0,Caco2et KRASG12V pool- -3rep,1,NA,0.0985097638510446,0.3643235168587262,NA,NA
0,0.25,Caco2et KRASG12V pool- -3rep,0.779,NA,0.0985097638510446,0.3643235168587262,NA,NA
0,0.5,Caco2et KRASG12V pool- -3rep,0.6906666666666667,NA,0.0985097638510446,0.3643235168587262,NA,NA
0,1,Caco2et KRASG12V pool- -3rep,0.4973333333333333,NA,0.0985097638510446,0.3643235168587262,NA,NA
0,2.5,Caco2et KRASG12V pool- -3rep,0.484,NA,0.0985097638510446,0.3643235168587262,NA,NA
0,5,Caco2et KRASG12V pool- -3rep,0.5206666666666667,NA,0.0985097638510446,0.3643235168587262,NA,NA
0.5,0,Caco2et KRASG12V pool- -3rep,0.8150000000000001,NA,0.0985097638510446,0.3643235168587262,NA,NA
0.5,0.25,Caco2et KRASG12V pool- -3rep,0.547,-0.08788499999999999,0.0985097638510446,0.3643235168587262,0.8962472406181015,NaN
0.5,0.5,Caco2et KRASG12V pool- -3rep,0.5376666666666666,-0.02522666666666673,0.0985097638510446,0.3643235168587262,1.0692141312184569,NaN
0.5,1,Caco2et KRASG12V pool- -3rep,0.44233333333333336,0.03700666666666669,0.0985097638510446,0.3643235168587262,1.2331141661685594,NaN
0.5,2.5,Caco2et KRASG12V pool- -3rep,0.37166666666666665,-0.022793333333333388,0.0985097638510446,0.3643235168587262,1.115649867374005,NaN
0.5,5,Caco2et KRASG12V pool- -3rep,0.514,0.0896566666666666,0.0985097638510446,0.3643235168587262,1.366941015089163,NaN
1,0,Caco2et KRASG12V pool- -3rep,0.8536666666666667,NA,0.0985097638510446,0.3643235168587262,NA,NA
1,0.25,Caco2et KRASG12V pool- -3rep,0.5016666666666667,-0.16333966666666666,0.0985097638510446,0.3643235168587262,0.737123745819398,NaN
1,0.5,Caco2et KRASG12V pool- -3rep,0.5166666666666666,-0.07293244444444447,0.0985097638510446,0.3643235168587262,0.942758620689655,NaN
1,1,Caco2et KRASG12V pool- -3rep,0.404,-0.020556888888888847,0.0985097638510446,0.3643235168587262,1.0889261744966443,NaN
1,2.5,Caco2et KRASG12V pool- -3rep,0.419,0.0058253333333332935,0.0985097638510446,0.3643235168587262,1.1399885255306943,NaN
1,5,Caco2et KRASG12V pool- -3rep,0.51,0.06552422222222215,0.0985097638510446,0.3643235168587262,1.2768707482993196,NaN
2.5,0,Caco2et KRASG12V pool- -3rep,0.8173333333333334,NA,0.0985097638510446,0.3643235168587262,NA,NA
2.5,0.25,Caco2et KRASG12V pool- -3rep,0.5026666666666666,-0.13403600000000016,0.0985097638510446,0.3643235168587262,0.8116621983914207,NaN
2.5,0.5,Caco2et KRASG12V pool- -3rep,0.492,-0.07250488888888895,0.0985097638510446,0.3643235168587262,0.968503937007874,NaN
2.5,1,Caco2et KRASG12V pool- -3rep,0.3446666666666667,-0.0618204444444444,0.0985097638510446,0.3643235168587262,1.0457782299084435,NaN
2.5,2.5,Caco2et KRASG12V pool- -3rep,0.3943333333333333,-0.0012560000000000349,0.0985097638510446,0.3643235168587262,1.1535498073747936,NaN
2.5,5,Caco2et KRASG12V pool- -3rep,0.44533333333333336,0.019775111111111077,0.0985097638510446,0.3643235168587262,1.1935096153846154,NaN
5,0,Caco2et KRASG12V pool- -3rep,0.734,NA,0.0985097638510446,0.3643235168587262,NA,NA
5,0.25,Caco2et KRASG12V pool- -3rep,0.49333333333333335,-0.07845266666666667,0.0985097638510446,0.3643235168587262,0.961184210526316,NaN
5,0.5,Caco2et KRASG12V pool- -3rep,0.5203333333333333,0.013383999999999951,0.0985097638510446,0.3643235168587262,1.1994440583738708,NaN
5,1,Caco2et KRASG12V pool- -3rep,0.362,-0.003042666666666638,0.0985097638510446,0.3643235168587262,1.2048066875653083,NaN
5,2.5,Caco2et KRASG12V pool- -3rep,0.38033333333333336,0.025077333333333396,0.0985097638510446,0.3643235168587262,1.261968800430339,NaN
5,5,Caco2et KRASG12V pool- -3rep,0.414,0.03183066666666662,0.0985097638510446,0.3643235168587262,1.271899886234357,NaN
0,0,Caco2etKRASwtpool-,1,NA,0.003948174543636274,0.9613459119496861,NA,NA
0,0.25,Caco2etKRASwtpool-,0.8436666666666667,NA,0.003948174543636274,0.9613459119496861,NA,NA
0,0.5,Caco2etKRASwtpool-,0.882,NA,0.003948174543636274,0.9613459119496861,NA,NA
0,1,Caco2etKRASwtpool-,0.6956666666666667,NA,0.003948174543636274,0.9613459119496861,NA,NA
0,2.5,Caco2etKRASwtpool-,0.6496666666666667,NA,0.003948174543636274,0.9613459119496861,NA,NA
0,5,Caco2etKRASwtpool-,0.6183333333333333,NA,0.003948174543636274,0.9613459119496861,NA,NA
0.5,0,Caco2etKRASwtpool-,0.8396666666666667,NA,0.003948174543636274,0.9613459119496861,NA,NA
0.5,0.25,Caco2etKRASwtpool-,0.7543333333333333,0.04593455555555548,0.003948174543636274,0.9613459119496861,1.2890094979647215,NA
0.5,0.5,Caco2etKRASwtpool-,0.73,-0.010585999999999984,0.003948174543636274,0.9613459119496861,1.0308641975308641,NA
0.5,1,Caco2etKRASwtpool-,0.6016666666666667,0.017538555555555613,0.003948174543636274,0.9613459119496861,1.1665271966527198,NA
0.5,2.5,Caco2etKRASwtpool-,0.6223333333333334,0.07682988888888886,0.003948174543636274,0.9613459119496861,1.35216240070609,NA
0.5,5,Caco2etKRASwtpool-,0.6543333333333333,0.13513944444444448,0.003948174543636274,0.9613459119496861,1.5679845708775315,NA
1,0,Caco2etKRASwtpool-,0.8006666666666666,NA,0.003948174543636274,0.9613459119496861,NA,NA
1,0.25,Caco2etKRASwtpool-,0.7053333333333334,0.02983755555555556,0.003948174543636274,0.9613459119496861,1.2070135746606336,NA
1,0.5,Caco2etKRASwtpool-,0.617,-0.08918799999999993,0.003948174543636274,0.9613459119496861,0.8285465622280245,NA
1,1,Caco2etKRASwtpool-,0.556,-9.971111111110043e-4,0.003948174543636274,0.9613459119496861,1.1343843843843846,NA
1,2.5,Caco2etKRASwtpool-,0.5876666666666667,0.06750022222222218,0.003948174543636274,0.9613459119496861,1.3330638641875505,NA
1,5,Caco2etKRASwtpool-,0.629,0.13392111111111116,0.003948174543636274,0.9613459119496861,1.5660377358490567,NA
2.5,0,Caco2etKRASwtpool-,0.823,NA,0.003948174543636274,0.9613459119496861,NA,NA
2.5,0.25,Caco2etKRASwtpool-,0.5953333333333334,-0.09900433333333325,0.003948174543636274,0.9613459119496861,0.8237232289950578,NA
2.5,0.5,Caco2etKRASwtpool-,0.593,-0.13288599999999995,0.003948174543636274,0.9613459119496861,0.7248157248157249,NA
2.5,1,Caco2etKRASwtpool-,0.5413333333333333,-0.031200333333333274,0.003948174543636274,0.9613459119496861,1.0494186046511629,NA
2.5,2.5,Caco2etKRASwtpool-,0.5780000000000001,0.04332433333333341,0.003948174543636274,0.9613459119496861,1.2496050552922593,NA
2.5,5,Caco2etKRASwtpool-,0.6306666666666667,0.12177833333333343,0.003948174543636274,0.9613459119496861,1.5126353790613722,NA
5,0,Caco2etKRASwtpool-,0.8886666666666666,NA,0.003948174543636274,0.9613459119496861,NA,NA
5,0.25,Caco2etKRASwtpool-,0.658,-0.09173844444444434,0.003948174543636274,0.9613459119496861,0.7826510721247566,NA
5,0.5,Caco2etKRASwtpool-,0.621,-0.16280399999999995,0.003948174543636274,0.9613459119496861,0.6051011433597187,NA
5,1,Caco2etKRASwtpool-,0.5516666666666666,-0.06654911111111106,0.003948174543636274,0.9613459119496861,0.9271375464684016,NA
5,2.5,Caco2etKRASwtpool-,0.5796666666666667,0.0023295555555555847,0.003948174543636274,0.9613459119496861,1.098334655035686,NA
5,5,Caco2etKRASwtpool-,0.6689999999999999,0.11950777777777777,0.003948174543636274,0.9613459119496861,1.489425981873112,NA
0,0,Caco2etKRASwtpool+dox,1,NA,-0.35620892018779493,-0.6460983990628661,NA,NA
0,0.25,Caco2etKRASwtpool+dox,0.802,NA,-0.35620892018779493,-0.6460983990628661,NA,NA
0,0.5,Caco2etKRASwtpool+dox,0.8096666666666666,NA,-0.35620892018779493,-0.6460983990628661,NA,NA
0,1,Caco2etKRASwtpool+dox,0.6026666666666667,NA,-0.35620892018779493,-0.6460983990628661,NA,NA
0,2.5,Caco2etKRASwtpool+dox,0.5673333333333334,NA,-0.35620892018779493,-0.6460983990628661,NA,NA
0,5,Caco2etKRASwtpool+dox,0.8536666666666667,NA,-0.35620892018779493,-0.6460983990628661,NA,NA
0.5,0,Caco2etKRASwtpool+dox,0.8573333333333334,NA,-0.35620892018779493,-0.6460983990628661,NA,NA
0.5,0.25,Caco2etKRASwtpool+dox,0.6736666666666666,-0.013914666666666742,-0.35620892018779493,-0.6460983990628661,1.043922369765066,NaN
0.5,0.5,Caco2etKRASwtpool+dox,0.7503333333333333,0.05617911111111107,-0.35620892018779493,-0.6460983990628661,1.3337783711615483,NaN
0.5,1,Caco2etKRASwtpool+dox,0.5863333333333334,0.0696471111111111,-0.35620892018779493,-0.6460983990628661,1.305398871877518,NaN
0.5,2.5,Caco2etKRASwtpool+dox,0.5613333333333334,0.07493955555555554,-0.35620892018779493,-0.6460983990628661,1.3115501519756838,NaN
0.5,5,Caco2etKRASwtpool+dox,0.68,-0.05187688888888886,-0.35620892018779493,-0.6460983990628661,0.903125,NaN
1,0,Caco2etKRASwtpool+dox,0.8513333333333334,NA,-0.35620892018779493,-0.6460983990628661,NA,NA
1,0.25,Caco2etKRASwtpool+dox,0.68533333333333335,0.0025639999999998997,-0.35620892018779493,-0.6460983990628661,1.101694915254237,NaN
1,0.5,Caco2etKRASwtpool+dox,0.6943333333333334,0.005037111111111159,-0.35620892018779493,-0.6460983990628661,1.109051254089422,NaN
1,1,Caco2etKRASwtpool+dox,0.549,0.03592977777777773,-0.35620892018779493,-0.6460983990628661,1.2106430155210643,NaN
1,2.5,Caco2etKRASwtpool+dox,0.5783333333333334,0.09534355555555551,-0.35620892018779493,-0.6460983990628661,1.3786561264822135,NaN
1,5,Caco2etKRASwtpool+dox,0.645,-0.08175488888888893,-0.35620892018779493,-0.6460983990628661,0.8309859154929575,NaN
2.5,0,Caco2etKRASwtpool+dox,0.8823333333333333,NA,-0.35620892018779493,-0.6460983990628661,NA,NA
2.5,0.25,Caco2etKRASwtpool+dox,0.7066666666666667,-9.646666666667247e-4,-0.35620892018779493,-0.6460983990628661,1.0761363636363637,NaN
2.5,0.5,Caco2etKRASwtpool+dox,0.6193333333333333,-0.09506255555555554,-0.35620892018779493,-0.6460983990628661,0.809106830122592,NaN
2.5,1,Caco2etKRASwtpool+dox,0.5126666666666666,-0.019086222222222227,-0.35620892018779493,-0.6460983990628661,1.0567715458276332,NaN
2.5,2.5,Caco2etKRASwtpool+dox,0.5476666666666667,0.04708955555555561,-0.35620892018779493,-0.6460983990628661,1.216654384672071,NaN
2.5,5,Caco2etKRASwtpool+dox,0.6253333333333333,-0.1278852222222222,-0.35620892018779493,-0.6460983990628661,0.7046263345195729,NaN
5,0,Caco2etKRASwtpool+dox,0.9466666666666668,NA,-0.35620892018779493,-0.6460983990628661,NA,NA
5,0.25,Caco2etKRASwtpool+dox,0.6693333333333333,-0.08989333333333349,-0.35620892018779493,-0.6460983990628661,0.7600806451612898,NaN
5,0.5,Caco2etKRASwtpool+dox,0.7496666666666667,-0.01681777777777782,-0.35620892018779493,-0.6460983990628661,0.973368841544607,NaN
5,1,Caco2etKRASwtpool+dox,0.5276666666666667,-0.04285777777777777,-0.35620892018779493,-0.6460983990628661,0.9541284403669723,NaN
5,2.5,Caco2etKRASwtpool+dox,0.49833333333333335,-0.03874222222222229,-0.35620892018779493,-0.6460983990628661,0.9687707641196011,NaN
5,5,Caco2etKRASwtpool+dox,0.6576666666666666,-0.15047111111111122,-0.35620892018779493,-0.6460983990628661,0.5832521908471271,NaN
0,0,Caco2KRASpool+,1,NA,-0.447617279482726,-0.31490485252140754,NA,NA
0,0.25,Caco2KRASpool+,0.7193333333333334,NA,-0.447617279482726,-0.31490485252140754,NA,NA
0,0.5,Caco2KRASpool+,0.7563333333333334,NA,-0.447617279482726,-0.31490485252140754,NA,NA
0,1,Caco2KRASpool+,0.615,NA,-0.447617279482726,-0.31490485252140754,NA,NA
0,2.5,Caco2KRASpool+,0.6183333333333333,NA,-0.447617279482726,-0.31490485252140754,NA,NA
0,5,Caco2KRASpool+,0.7006666666666667,NA,-0.447617279482726,-0.31490485252140754,NA,NA
0.5,0,Caco2KRASpool+,1.095,NA,-0.447617279482726,-0.31490485252140754,NA,NA
0.5,0.25,Caco2KRASpool+,0.7406666666666667,-0.047003333333333286,-0.447617279482726,-0.31490485252140754,1.082262210796915,NA
0.5,0.5,Caco2KRASpool+,0.776,-0.05218500000000004,-0.447617279482726,-0.31490485252140754,1.0877976190476188,NA
0.5,1,Caco2KRASpool+,0.605,-0.06842499999999996,-0.447617279482726,-0.31490485252140754,0.9746835443037974,NA
0.5,2.5,Caco2KRASpool+,0.635,-0.042074999999999974,-0.447617279482726,-0.31490485252140754,1.0456621004566211,NA
0.5,5,Caco2KRASpool+,0.7863333333333333,0.01910333333333336,-0.447617279482726,-0.31490485252140754,1.4009360374414976,NA
1,0,Caco2KRASpool+,1.0633333333333332,NA,-0.447617279482726,-0.31490485252140754,NA,NA
1,0.25,Caco2KRASpool+,0.697,-0.06789111111111112,-0.447617279482726,-0.31490485252140754,0.926292629262926,NA
1,0.5,Caco2KRASpool+,0.6916666666666667,-0.11256777777777782,-0.447617279482726,-0.31490485252140754,0.79027027027027,NA
1,1,Caco2KRASpool+,0.552,-0.10194999999999987,-0.447617279482726,-0.31490485252140754,0.8593750000000001,NA
1,2.5,Caco2KRASpool+,0.5913333333333333,-0.06616111111111111,-0.447617279482726,-0.31490485252140754,0.9339314845024469,NA
1,5,Caco2KRASpool+,0.7336666666666667,-0.011375555555555472,-0.447617279482726,-0.31490485252140754,1.1239048811013768,NA
2.5,0,Caco2KRASpool+,1.02,NA,-0.447617279482726,-0.31490485252140754,NA,NA
2.5,0.25,Caco2KRASpool+,0.6636666666666666,-0.07005333333333341,-0.447617279482726,-0.31490485252140754,0.834489593657086,NA
2.5,0.5,Caco2KRASpool+,0.6786666666666666,-0.0927933333333335,-0.447617279482726,-0.31490485252140754,0.7582987551867216,NA
2.5,1,Caco2KRASpool+,0.5553333333333333,-0.07196666666666662,-0.447617279482726,-0.31490485252140754,0.8658170914542729,NA
2.5,2.5,Caco2KRASpool+,0.5423333333333333,-0.0883666666666666,-0.447617279482726,-0.31490485252140754,0.8339402767662055,NA
2.5,5,Caco2KRASpool+,0.648,-0.06667999999999996,-0.447617279482726,-0.31490485252140754,0.850378787878788,NA
5,0,Caco2KRASpool+,1.1513333333333333,NA,-0.447617279482726,-0.31490485252140754,NA,NA
5,0.25,Caco2KRASpool+,0.7083333333333334,-0.11985911111111114,-0.447617279482726,-0.31490485252140754,0.9622857142857143,NA
5,0.5,Caco2KRASpool+,0.7373333333333333,-0.13345844444444455,-0.447617279482726,-0.31490485252140754,0.9276649746192889,NA
5,1,Caco2KRASpool+,0.584,-0.12407000000000001,-0.447617279482726,-0.31490485252140754,0.9254807692307692,NA
5,2.5,Caco2KRASpool+,0.599,-0.11290777777777772,-0.447617279482726,-0.31490485252140754,0.9517871986699917,NA
5,5,Caco2KRASpool+,0.7383333333333334,-0.06836755555555551,-0.447617279482726,-0.31490485252140754,1.1439490445859877,NA
0,0,Car1,1,NA,-0.6890354708798014,-1.2752406227883926,NA,NA
0,0.25,Car1,0.6593333333333333,NA,-0.6890354708798014,-1.2752406227883926,NA,NA
0,0.5,Car1,0.5803333333333334,NA,-0.6890354708798014,-1.2752406227883926,NA,NA
0,1,Car1,0.5893333333333334,NA,-0.6890354708798014,-1.2752406227883926,NA,NA
0,2.5,Car1,0.5213333333333333,NA,-0.6890354708798014,-1.2752406227883926,NA,NA
0,5,Car1,0.47100000000000003,NA,-0.6890354708798014,-1.2752406227883926,NA,NA
0.5,0,Car1,0.961,NA,-0.6890354708798014,-1.2752406227883926,NA,NA
0.5,0.25,Car1,0.6063333333333334,-0.02728599999999992,-0.6890354708798014,-1.2752406227883926,0.9644369178662153,NaN
0.5,0.5,Car1,0.5383333333333333,-0.019367000000000023,-0.6890354708798014,-1.2752406227883926,0.9935018050541516,NaN
0.5,1,Car1,0.4633333333333333,-0.10301600000000005,-0.6890354708798014,-1.2752406227883926,0.8378881987577641,NaN
0.5,2.5,Car1,0.41933333333333334,-0.08166799999999996,-0.6890354708798014,-1.2752406227883926,0.8915040183696902,NaN
0.5,5,Car1,0.331,-0.12163099999999999,-0.6890354708798014,-1.2752406227883926,0.8490284005979072,NaN
1,0,Car1,0.8883333333333333,NA,-0.6890354708798014,-1.2752406227883926,NA,NA
1,0.25,Car1,0.5573333333333333,-0.02837444444444437,-0.6890354708798014,-1.2752406227883926,1.0218373493975905,NaN
1,0.5,Car1,0.5176666666666667,0.002137222222222235,-0.6890354708798014,-1.2752406227883926,1.1015894955079477,NaN
1,1,Car1,0.4563333333333333,-0.06719111111111115,-0.6890354708798014,-1.2752406227883926,0.9607602697731452,NaN
1,2.5,Car1,0.401,-0.062117777777777716,-0.6890354708798014,-1.2752406227883926,0.9855314412910408,NaN
1,5,Car1,0.321,-0.09740500000000002,-0.6890354708798014,-1.2752406227883926,0.9435444280805103,NaN
2.5,0,Car1,0.8993333333333333,NA,-0.6890354708798014,-1.2752406227883926,NA,NA
2.5,0.25,Car1,0.5536666666666666,-0.03929377777777776,-0.6890354708798014,-1.2752406227883926,0.9887976101568335,NaN
2.5,0.5,Car1,0.49433333333333335,-0.027579777777777814,-0.6890354708798014,-1.2752406227883926,1.0290046143704679,NaN
2.5,1,Car1,0.42633333333333334,-0.10367377777777775,-0.6890354708798014,-1.2752406227883926,0.8913422428820453,NaN
2.5,2.5,Car1,0.3536666666666667,-0.11518577777777772,-0.6890354708798014,-1.2752406227883926,0.8963383187209902,NaN
2.5,5,Car1,0.29300000000000004,-0.13058599999999998,-0.6890354708798014,-1.2752406227883926,0.8906176331918906,NaN
5,0,Car1,0.8966666666666666,NA,-0.6890354708798014,-1.2752406227883926,NA,NA
5,0.25,Car1,0.5216666666666667,-0.06953555555555546,-0.6890354708798014,-1.2752406227883926,0.9282229965156796,NaN
5,0.5,Car1,0.43633333333333335,-0.08403222222222217,-0.6890354708798014,-1.2752406227883926,0.9278533412182142,NaN
5,1,Car1,0.4003333333333333,-0.12810222222222223,-0.6890354708798014,-1.2752406227883926,0.8571428571428571,NaN
5,2.5,Car1,0.33766666666666667,-0.1297955555555555,-0.6890354708798014,-1.2752406227883926,0.8787116255661802,NaN
5,5,Car1,0.2773333333333333,-0.14499666666666666,-0.6890354708798014,-1.2752406227883926,0.875,NaN
0,0,DLD1et_wt,1,NA,-0.6339190530017582,-0.7782084036766088,NA,NA
0,0.25,DLD1et_wt,0.9253333333333333,NA,-0.6339190530017582,-0.7782084036766088,NA,NA
0,0.5,DLD1et_wt,0.764,NA,-0.6339190530017582,-0.7782084036766088,NA,NA
0,1,DLD1et_wt,0.7086666666666667,NA,-0.6339190530017582,-0.7782084036766088,NA,NA
0,2.5,DLD1et_wt,0.6353333333333333,NA,-0.6339190530017582,-0.7782084036766088,NA,NA
0,5,DLD1et_wt,0.5923333333333334,NA,-0.6339190530017582,-0.7782084036766088,NA,NA
0.5,0,DLD1et_wt,0.9323333333333333,NA,-0.6339190530017582,-0.7782084036766088,NA,NA
0.5,0.25,DLD1et_wt,0.8126666666666666,-0.050052444444444455,-0.6339190530017582,-0.7782084036766088,0.7597864768683272,NaN
0.5,0.5,DLD1et_wt,0.7286666666666667,0.016364000000000045,-0.6339190530017582,-0.7782084036766088,1.1191646191646192,NaN
0.5,1,DLD1et_wt,0.5846666666666667,-0.07604688888888889,-0.6339190530017582,-0.7782084036766088,0.8643659711075441,NaN
0.5,2.5,DLD1et_wt,0.51,-0.08234244444444438,-0.6339190530017582,-0.7782084036766088,0.8823129251700681,NaN
0.5,5,DLD1et_wt,0.4706666666666667,-0.08158544444444449,-0.6339190530017582,-0.7782084036766088,0.897984886649874,NaN
1,0,DLD1et_wt,0.9363333333333334,NA,-0.6339190530017582,-0.7782084036766088,NA,NA
1,0.25,DLD1et_wt,0.8263333333333334,-0.04008711111111107,-0.6339190530017582,-0.7782084036766088,0.7965451055662188,NaN
1,0.5,DLD1et_wt,0.6883333333333334,-0.027025333333333346,-0.6339190530017582,-0.7782084036766088,0.9614973262032085,NaN
1,1,DLD1et_wt,0.5543333333333333,-0.10921488888888886,-0.6339190530017582,-0.7782084036766088,0.7965594614809274,NaN
1,2.5,DLD1et_wt,0.519,-0.07588377777777777,-0.6339190530017582,-0.7782084036766088,0.8905058905058906,NaN
1,5,DLD1et_wt,0.444,-0.1106214444444445,-0.6339190530017582,-0.7782084036766088,0.8477218225419663,NaN
2.5,0,DLD1et_wt,0.867,NA,-0.6339190530017582,-0.7782084036766088,NA,NA
2.5,0.25,DLD1et_wt,0.7696666666666667,-0.032597333333333256,-0.6339190530017582,-0.7782084036766088,0.901591895803184,NaN
2.5,0.5,DLD1et_wt,0.61,-0.05238799999999999,-0.6339190530017582,-0.7782084036766088,0.9461538461538461,NaN
2.5,1,DLD1et_wt,0.531,-0.08341399999999999,-0.6339190530017582,-0.7782084036766088,0.9047619047619049,NaN
2.5,2.5,DLD1et_wt,0.4533333333333333,-0.09750066666666662,-0.6339190530017582,-0.7782084036766088,0.9103658536585366,NaN
2.5,5,DLD1et_wt,0.4256666666666667,-0.08788633333333334,-0.6339190530017582,-0.7782084036766088,0.9413813116656992,NaN
5,0,DLD1et_wt,0.8846666666666667,NA,-0.6339190530017582,-0.7782084036766088,NA,NA
5,0.25,DLD1et_wt,0.7446666666666667,-0.07394488888888895,-0.6339190530017582,-0.7782084036766088,0.744125326370757,NaN
5,0.5,DLD1et_wt,0.615,-0.06088533333333335,-0.6339190530017582,-0.7782084036766088,0.9125541125541123,NaN
5,1,DLD1et_wt,0.492,-0.13493377777777782,-0.6339190530017582,-0.7782084036766088,0.8005249343832019,NaN
5,2.5,DLD1et_wt,0.43666666666666665,-0.1253915555555556,-0.6339190530017582,-0.7782084036766088,0.8520710059171597,NaN
5,5,DLD1et_wt,0.417,-0.10701755555555564,-0.6339190530017582,-0.7782084036766088,0.8970840480274441,NaN
0,0,DLD1etKRASG13D,1,NA,-0.2934507628294041,-0.9106517857142853,NA,NA
0,0.25,DLD1etKRASG13D,0.8713333333333333,NA,-0.2934507628294041,-0.9106517857142853,NA,NA
0,0.5,DLD1etKRASG13D,0.6766666666666666,NA,-0.2934507628294041,-0.9106517857142853,NA,NA
0,1,DLD1etKRASG13D,0.507,NA,-0.2934507628294041,-0.9106517857142853,NA,NA
0,2.5,DLD1etKRASG13D,0.43033333333333335,NA,-0.2934507628294041,-0.9106517857142853,NA,NA
0,5,DLD1etKRASG13D,0.448,NA,-0.2934507628294041,-0.9106517857142853,NA,NA
0.5,0,DLD1etKRASG13D,0.9313333333333333,NA,-0.2934507628294041,-0.9106517857142853,NA,NA
0.5,0.25,DLD1etKRASG13D,0.8876666666666667,0.07616488888888895,-0.2934507628294041,-0.9106517857142853,1.7566765578635026,NaN
0.5,0.5,DLD1etKRASG13D,0.6846666666666666,0.054464444444444426,-0.2934507628294041,-0.9106517857142853,1.2431289640591967,NaN
0.5,1,DLD1etKRASG13D,0.4866666666666667,0.014480666666666697,-0.2934507628294041,-0.9106517857142853,1.094155844155844,NaN
0.5,2.5,DLD1etKRASG13D,0.37,-0.0307837777777778,-0.2934507628294041,-0.9106517857142853,1.013227513227513,NaN
0.5,5,DLD1etKRASG13D,0.36666666666666664,-0.05057066666666671,-0.2934507628294041,-0.9106517857142853,0.9800000000000001,NaN
1,0,DLD1etKRASG13D,0.9836666666666667,NA,-0.2934507628294041,-0.9106517857142853,NA,NA
1,0.25,DLD1etKRASG13D,0.886,0.02889844444444445,-0.2934507628294041,-0.9106517857142853,1.271929824561404,NaN
1,0.5,DLD1etKRASG13D,0.6626666666666666,-0.0029477777777777714,-0.2934507628294041,-0.9106517857142853,1.0069169960474307,NaN
1,1,DLD1etKRASG13D,0.48133333333333334,-0.017385666666666688,-0.2934507628294041,-0.9106517857142853,0.9820051413881749,NaN
1,2.5,DLD1etKRASG13D,0.3763333333333333,-0.046971222222222275,-0.2934507628294041,-0.9106517857142853,0.9396044895777658,NaN
1,5,DLD1etKRASG13D,0.36933333333333335,-0.07134933333333332,-0.2934507628294041,-0.9106517857142853,0.9011627906976745,NaN
2.5,0,DLD1etKRASG13D,0.9440000000000001,NA,-0.2934507628294041,-0.9106517857142853,NA,NA
2.5,0.25,DLD1etKRASG13D,0.8993333333333333,0.07679466666666668,-0.2934507628294041,-0.9106517857142853,1.8344370860927148,NaN
2.5,0.5,DLD1etKRASG13D,0.6516666666666666,0.012893333333333312,-0.2934507628294041,-0.9106517857142853,1.0889952153110045,NaN
2.5,1,DLD1etKRASG13D,0.4653333333333333,-0.013274666666666712,-0.2934507628294041,-0.9106517857142853,1.0268079800498753,NaN
2.5,2.5,DLD1etKRASG13D,0.3263333333333333,-0.07990133333333338,-0.2934507628294041,-0.9106517857142853,0.9287481444829292,NaN
2.5,5,DLD1etKRASG13D,0.331,-0.091912,-0.2934507628294041,-0.9106517857142853,0.9088191330343797,NaN
5,0,DLD1etKRASG13D,0.9613333333333333,NA,-0.2934507628294041,-0.9106517857142853,NA,NA
5,0.25,DLD1etKRASG13D,0.8946666666666667,0.057024888888889014,-0.2934507628294041,-0.9106517857142853,1.5886075949367107,NaN
5,0.5,DLD1etKRASG13D,0.6769999999999999,0.026497777777777842,-0.2934507628294041,-0.9106517857142853,1.1207430340557276,NaN
5,1,DLD1etKRASG13D,0.4473333333333333,-0.04006266666666669,-0.2934507628294041,-0.9106517857142853,0.9620024125452354,NaN
5,2.5,DLD1etKRASG13D,0.3443333333333333,-0.06936044444444445,-0.2934507628294041,-0.9106517857142853,0.9278088459583123,NaN
5,5,DLD1etKRASG13D,0.32866666666666666,-0.10201066666666664,-0.2934507628294041,-0.9106517857142853,0.8798411122144987,NaN
0,0,DLD1mut,1,NA,0.06668434118206701,-0.06932613168724266,NA,NA
0,0.25,DLD1mut,1.0023333333333333,NA,0.06668434118206701,-0.06932613168724266,NA,NA
0,0.5,DLD1mut,1.113,NA,0.06668434118206701,-0.06932613168724266,NA,NA
0,1,DLD1mut,0.717,NA,0.06668434118206701,-0.06932613168724266,NA,NA
0,2.5,DLD1mut,0.7476666666666667,NA,0.06668434118206701,-0.06932613168724266,NA,NA
0,5,DLD1mut,0.5670000000000001,NA,0.06668434118206701,-0.06932613168724266,NA,NA
0.5,0,DLD1mut,1.0823333333333334,NA,0.06668434118206701,-0.06932613168724266,NA,NA
0.5,0.25,DLD1mut,1.0606666666666666,-0.024192111111111192,0.06668434118206701,-0.06932613168724266,NaN,NA
0.5,0.5,DLD1mut,1.1073333333333333,-0.09730366666666668,0.06668434118206701,-0.06932613168724266,NaN,NA
0.5,1,DLD1mut,0.7423333333333333,-0.03369966666666668,0.06668434118206701,-0.06932613168724266,1.0983182406209573,NA
0.5,2.5,DLD1mut,0.7076666666666667,-0.10155788888888895,0.06668434118206701,-0.06932613168724266,0.8631698973774229,NA
0.5,5,DLD1mut,0.5443333333333333,-0.06934966666666675,0.06668434118206701,-0.06932613168724266,0.9502560351133869,NA
1,0,DLD1mut,1.067,NA,0.06668434118206701,-0.06932613168724266,NA,NA
1,0.25,DLD1mut,1.025,-0.04448966666666676,0.06668434118206701,-0.06932613168724266,NaN,NA
1,0.5,DLD1mut,1.145,-0.042570999999999914,0.06668434118206701,-0.06932613168724266,NaN,NA
1,1,DLD1mut,0.7063333333333334,-0.058705666666666545,0.06668434118206701,-0.06932613168724266,0.9636776390465382,NA
1,2.5,DLD1mut,0.676,-0.12176033333333325,0.06668434118206701,-0.06932613168724266,0.7788065843621399,NA
1,5,DLD1mut,0.6013333333333334,-0.0036556666666666127,0.06668434118206701,-0.06932613168724266,1.0861204013377925,NA
2.5,0,DLD1mut,1.0946666666666667,NA,0.06668434118206701,-0.06932613168724266,NA,NA
2.5,0.25,DLD1mut,1.1656666666666666,0.06844577777777783,0.06668434118206701,-0.06932613168724266,NaN,NA
2.5,0.5,DLD1mut,1.0576666666666668,-0.16069733333333325,0.06668434118206701,-0.06932613168724266,NaN,NA
2.5,1,DLD1mut,0.7693333333333333,-0.015542666666666705,0.06668434118206701,-0.06932613168724266,1.226878612716763,NA
2.5,2.5,DLD1mut,0.7346666666666667,-0.08377911111111114,0.06668434118206701,-0.06932613168724266,0.9510050251256281,NA
2.5,5,DLD1mut,0.6373333333333333,0.01665733333333319,0.06668434118206701,-0.06932613168724266,1.1939338235294115,NA
5,0,DLD1mut,0.9343333333333333,NA,0.06668434118206701,-0.06932613168724266,NA,NA
5,0.25,DLD1mut,0.955,0.01848655555555556,0.06668434118206701,-0.06932613168724266,1.4592592592592577,NA
5,0.5,DLD1mut,1.0826666666666667,0.04275366666666658,0.06668434118206701,-0.06932613168724266,NaN,NA
5,1,DLD1mut,0.7256666666666667,0.0557496666666667,0.06668434118206701,-0.06932613168724266,1.2709599027946539,NA
5,2.5,DLD1mut,0.7086666666666667,0.010096777777777732,0.06668434118206701,-0.06932613168724266,1.091533180778032,NA
5,5,DLD1mut,0.5023333333333333,-0.0274336666666668,0.06668434118206701,-0.06932613168724266,1.002009377093101,NA
0,0,DLD1wt,1,NA,-0.25791098484848485,-0.6051216982015726,NA,NA
0,0.25,DLD1wt,0.8340000000000001,NA,-0.25791098484848485,-0.6051216982015726,NA,NA
0,0.5,DLD1wt,0.982,NA,-0.25791098484848485,-0.6051216982015726,NA,NA
0,1,DLD1wt,0.72575,NA,-0.25791098484848485,-0.6051216982015726,NA,NA
0,2.5,DLD1wt,0.69325,NA,-0.25791098484848485,-0.6051216982015726,NA,NA
0,5,DLD1wt,0.66725,NA,-0.25791098484848485,-0.6051216982015726,NA,NA
0.5,0,DLD1wt,0.84125,NA,-0.25791098484848485,-0.6051216982015726,NA,NA
0.5,0.25,DLD1wt,0.83825,0.13664749999999992,-0.25791098484848485,-0.6051216982015726,2.0077279752704786,NA
0.5,0.5,DLD1wt,0.87425,0.04814249999999998,-0.25791098484848485,-0.6051216982015726,1.4055666003976137,NA
0.5,1,DLD1wt,0.616,0.005462812499999914,-0.25791098484848485,-0.6051216982015726,1.1276041666666665,NA
0.5,2.5,DLD1wt,0.618,0.03480343749999992,-0.25791098484848485,-0.6051216982015726,1.2185863874345546,NA
0.5,5,DLD1wt,0.514,-0.047324062499999986,-0.25791098484848485,-0.6051216982015726,1.0113168724279835,NA
1,0,DLD1wt,0.92675,NA,-0.25791098484848485,-0.6051216982015726,NA,NA
1,0.25,DLD1wt,0.7845,0.011590499999999948,-0.25791098484848485,-0.6051216982015726,1.110208816705336,NA
1,0.5,DLD1wt,0.8535,-0.05656849999999991,-0.25791098484848485,-0.6051216982015726,0.6228668941979527,NA
1,1,DLD1wt,0.64975,-0.022838812499999972,-0.25791098484848485,-0.6051216982015726,0.9921484653818703,NA
1,2.5,DLD1wt,0.64,-0.002469437499999949,-0.25791098484848485,-0.6051216982015726,1.0555555555555556,NA
1,5,DLD1wt,0.5685,-0.04987393750000002,-0.25791098484848485,-0.6051216982015726,0.9409038238702202,NA
2.5,0,DLD1wt,0.9475,NA,-0.25791098484848485,-0.6051216982015726,NA,NA
2.5,0.25,DLD1wt,0.87275,0.08253499999999991,-0.25791098484848485,-0.6051216982015726,1.717092337917485,NA
2.5,0.5,DLD1wt,0.894,-0.03644499999999995,-0.25791098484848485,-0.6051216982015726,0.6650943396226416,NA
2.5,1,DLD1wt,0.6945,0.006851874999999952,-0.25791098484848485,-0.6051216982015726,1.0695581014729951,NA
2.5,2.5,DLD1wt,0.575,-0.08185437500000003,-0.25791098484848485,-0.6051216982015726,0.8452941176470586,NA
2.5,5,DLD1wt,0.5215,-0.11071937500000006,-0.25791098484848485,-0.6051216982015726,0.8051201671891326,NA
5,0,DLD1wt,0.91575,NA,-0.25791098484848485,-0.6051216982015726,NA,NA
5,0.25,DLD1wt,0.8305,0.0667645,-0.25791098484848485,-0.6051216982015726,1.4764011799410028,NA
5,0.5,DLD1wt,0.7845,-0.1147665,-0.25791098484848485,-0.6051216982015726,0.47447795823665917,NA
5,1,DLD1wt,0.57775,-0.08685556250000004,-0.25791098484848485,-0.6051216982015726,0.8490230905861457,NA
5,2.5,DLD1wt,0.62775,-0.0070936874999999455,-0.25791098484848485,-0.6051216982015726,1.050369375419745,NA
5,5,DLD1wt,0.524,-0.08703418749999992,-0.25791098484848485,-0.6051216982015726,0.8760504201680673,NA
0,0,HCEC-1ct,1,NA,0.03193002928005528,-0.20659074457083726,NA,NA
0,0.25,HCEC-1ct,0.377,NA,0.03193002928005528,-0.20659074457083726,NA,NA
0,0.5,HCEC-1ct,0.3343333333333333,NA,0.03193002928005528,-0.20659074457083726,NA,NA
0,1,HCEC-1ct,0.3453333333333333,NA,0.03193002928005528,-0.20659074457083726,NA,NA
0,2.5,HCEC-1ct,0.336,NA,0.03193002928005528,-0.20659074457083726,NA,NA
0,5,HCEC-1ct,0.3223333333333333,NA,0.03193002928005528,-0.20659074457083726,NA,NA
0.5,0,HCEC-1ct,0.9223333333333333,NA,0.03193002928005528,-0.20659074457083726,NA,NA
0.5,0.25,HCEC-1ct,0.35600000000000004,0.00828033333333339,0.03193002928005528,-0.20659074457083726,1.0879917184265013,NaN
0.5,0.5,HCEC-1ct,0.33366666666666667,0.0252998888888889,0.03193002928005528,-0.20659074457083726,1.1155577788894446,NaN
0.5,1,HCEC-1ct,0.368,0.04948755555555556,0.03193002928005528,-0.20659074457083726,1.1587552742616034,NaN
0.5,2.5,HCEC-1ct,0.318,0.008095999999999992,0.03193002928005528,-0.20659074457083726,1.087487781036168,NaN
0.5,5,HCEC-1ct,0.33466666666666667,0.03736788888888892,0.03193002928005528,-0.20659074457083726,1.1352705410821644,NaN
1,0,HCEC-1ct,0.9466666666666667,NA,0.03193002928005528,-0.20659074457083726,NA,NA
1,0.25,HCEC-1ct,0.373,0.016106666666666658,0.03193002928005528,-0.20659074457083726,1.078681552365763,NaN
1,0.5,HCEC-1ct,0.35933333333333334,0.04283111111111115,0.03193002928005528,-0.20659074457083726,1.1222684703433923,NaN
1,1,HCEC-1ct,0.352,0.02508444444444441,0.03193002928005528,-0.20659074457083726,1.0925925925925928,NaN
1,2.5,HCEC-1ct,0.3576666666666667,0.03958666666666666,0.03193002928005528,-0.20659074457083726,1.1167618059159314,NaN
1,5,HCEC-1ct,0.29533333333333334,-0.009808888888888867,0.03193002928005528,-0.20659074457083726,1.0373699148533586,NaN
2.5,0,HCEC-1ct,0.9636666666666667,NA,0.03193002928005528,-0.20659074457083726,NA,NA
2.5,0.25,HCEC-1ct,0.348,-0.015302333333333362,0.03193002928005528,-0.20659074457083726,1.0112474437627812,NaN
2.5,0.5,HCEC-1ct,0.3333333333333333,0.011147444444444432,0.03193002928005528,-0.20659074457083726,1.0529999999999997,NaN
2.5,1,HCEC-1ct,0.3393333333333333,0.006547111111111115,0.03193002928005528,-0.20659074457083726,1.0459132189707367,NaN
2.5,2.5,HCEC-1ct,0.35300000000000004,0.029208000000000012,0.03193002928005528,-0.20659074457083726,1.082431736218444,NaN
2.5,5,HCEC-1ct,0.2886666666666667,-0.02195522222222218,0.03193002928005528,-0.20659074457083726,1.0037488284910965,NaN
5,0,HCEC-1ct,0.9676666666666667,NA,0.03193002928005528,-0.20659074457083726,NA,NA
5,0.25,HCEC-1ct,0.357,-0.0078103333333333635,0.03193002928005528,-0.20659074457083726,1.0191809227579056,NaN
5,0.5,HCEC-1ct,0.332,0.008476777777777833,0.03193002928005528,-0.20659074457083726,1.0449101796407185,NaN
5,1,HCEC-1ct,0.36033333333333334,0.026165777777777788,0.03193002928005528,-0.20659074457083726,1.073996873371548,NaN
5,2.5,HCEC-1ct,0.3426666666666667,0.01753066666666664,0.03193002928005528,-0.20659074457083726,1.0593306288032454,NaN
5,5,HCEC-1ct,0.2866666666666666,-0.025244555555555548,0.03193002928005528,-0.20659074457083726,0.9953271028037383,NaN
0,0,HCT116,1,NA,-0.4562973754115536,-0.32225625374475797,NA,NA
0,0.25,HCT116,0.819,NA,-0.4562973754115536,-0.32225625374475797,NA,NA
0,0.5,HCT116,0.78825,NA,-0.4562973754115536,-0.32225625374475797,NA,NA
0,1,HCT116,0.6467499999999999,NA,-0.4562973754115536,-0.32225625374475797,NA,NA
0,2.5,HCT116,0.5495,NA,-0.4562973754115536,-0.32225625374475797,NA,NA
0,5,HCT116,0.41725,NA,-0.4562973754115536,-0.32225625374475797,NA,NA
0.5,0,HCT116,0.9432499999999999,NA,-0.4562973754115536,-0.32225625374475797,NA,NA
0.5,0.25,HCT116,0.77675,0.0042282500000001555,-0.4562973754115536,-0.32225625374475797,1.0649496080627108,NaN
0.5,0.5,HCT116,0.6965,-0.047016812499999894,-0.4562973754115536,-0.32225625374475797,0.8846787479406921,NaN
0.5,1,HCT116,0.5375,-0.07254693749999996,-0.4562973754115536,-0.32225625374475797,0.8864864864864868,NaN
0.5,2.5,HCT116,0.4345,-0.08381587499999998,-0.4562973754115536,-0.32225625374475797,0.8969938107869143,NaN
0.5,5,HCT116,0.331,-0.06257106249999994,-0.4562973754115536,-0.32225625374475797,0.9559043348281017,NaN
1,0,HCT116,0.87375,NA,-0.4562973754115536,-0.32225625374475797,NA,NA
1,0.25,HCT116,0.71275,-0.002851249999999972,-0.4562973754115536,-0.32225625374475797,1.0696257615317668,NaN
1,0.5,HCT116,0.64375,-0.0449834375,-0.4562973754115536,-0.32225625374475797,0.9487719298245615,NaN
1,1,HCT116,0.46925,-0.09584781249999991,-0.4562973754115536,-0.32225625374475797,0.9034385303815355,NaN
1,2.5,HCT116,0.41200000000000003,-0.06812562499999997,-0.4562973754115536,-0.32225625374475797,0.9808673469387756,NaN
1,5,HCT116,0.3535,-0.011072187500000052,-0.4562973754115536,-0.32225625374475797,1.096674400618716,NaN
2.5,0,HCT116,0.83025,NA,-0.4562973754115536,-0.32225625374475797,NA,NA
2.5,0.25,HCT116,0.64025,-0.039724749999999975,-0.4562973754115536,-0.32225625374475797,0.9749826268241835,NaN
2.5,0.5,HCT116,0.57025,-0.08419456250000001,-0.4562973754115536,-0.32225625374475797,0.8877254217568353,NaN
2.5,1,HCT116,0.45299999999999996,-0.08396418750000001,-0.4562973754115536,-0.32225625374475797,0.9561243144424131,NaN
2.5,2.5,HCT116,0.359,-0.09722237500000003,-0.4562973754115536,-0.32225625374475797,0.967628705148206,NaN
2.5,5,HCT116,0.30725,-0.039171812500000014,-0.4562973754115536,-0.32225625374475797,1.0862504511006856,NaN
5,0,HCT116,0.83525,NA,-0.4562973754115536,-0.32225625374475797,NA,NA
5,0.25,HCT116,0.65325,-0.030819750000000035,-0.4562973754115536,-0.32225625374475797,0.9971160778658976,NaN
5,0.5,HCT116,0.5449999999999999,-0.11338581250000013,-0.4562973754115536,-0.32225625374475797,0.8274725274725272,NaN
5,1,HCT116,0.452,-0.08819793749999999,-0.4562973754115536,-0.32225625374475797,0.9452554744525548,NaN
5,2.5,HCT116,0.34450000000000003,-0.114469875,-0.4562973754115536,-0.32225625374475797,0.9385964912280701,NaN
5,5,HCT116,0.3375,-0.011008062500000027,-0.4562973754115536,-0.32225625374475797,1.1283018867924528,NaN
0,0,HT29typ,1,NA,0.5528486256291134,1.2859201509872253,NA,NA
0,0.25,HT29typ,0.626,NA,0.5528486256291134,1.2859201509872253,NA,NA
0,0.5,HT29typ,0.4073333333333333,NA,0.5528486256291134,1.2859201509872253,NA,NA
0,1,HT29typ,0.368,NA,0.5528486256291134,1.2859201509872253,NA,NA
0,2.5,HT29typ,0.2856666666666667,NA,0.5528486256291134,1.2859201509872253,NA,NA
0,5,HT29typ,0.287,NA,0.5528486256291134,1.2859201509872253,NA,NA
0.5,0,HT29typ,0.969,NA,0.5528486256291134,1.2859201509872253,NA,NA
0.5,0.25,HT29typ,0.6,-0.006593999999999989,0.5528486256291134,1.2859201509872253,1.0125,NaN
0.5,0.5,HT29typ,0.43233333333333335,0.037627333333333346,0.5528486256291134,1.2859201509872253,1.0986494421608926,NaN
0.5,1,HT29typ,0.377,0.020408000000000037,0.5528486256291134,1.2859201509872253,1.0642054574638844,NaN
0.5,2.5,HT29typ,0.32433333333333336,0.04752233333333333,0.5528486256291134,1.2859201509872253,1.1031080414405525,NaN
0.5,5,HT29typ,0.33866666666666667,0.06056366666666668,0.5528486256291134,1.2859201509872253,1.1250000000000002,NaN
1,0,HT29typ,0.9530000000000001,NA,0.5528486256291134,1.2859201509872253,NA,NA
1,0.25,HT29typ,0.5976666666666667,0.0010886666666666267,0.5528486256291134,1.2859201509872253,1.0463960231980114,NaN
1,0.5,HT29typ,0.446,0.057811333333333326,0.5528486256291134,1.2859201509872253,1.1546329723225028,NaN
1,1,HT29typ,0.419,0.06829599999999997,0.5528486256291134,1.2859201509872253,1.1686746987951806,NaN
1,2.5,HT29typ,0.3363333333333333,0.06409299999999996,0.5528486256291134,1.2859201509872253,1.147162230035158,NaN
1,5,HT29typ,0.32766666666666666,0.05415566666666666,0.5528486256291134,1.2859201509872253,1.1303916707982151,NaN
2.5,0,HT29typ,0.8636666666666667,NA,0.5528486256291134,1.2859201509872253,NA,NA
2.5,0.25,HT29typ,0.5853333333333334,0.044677999999999995,0.5528486256291134,1.2859201509872253,1.2307073954983925,NaN
2.5,0.5,HT29typ,0.48933333333333334,0.1375331111111111,0.5528486256291134,1.2859201509872253,1.4275456919060052,NaN
2.5,1,HT29typ,0.4046666666666667,0.08683733333333332,0.5528486256291134,1.2859201509872253,1.290593505039194,NaN
2.5,2.5,HT29typ,0.3566666666666667,0.1099458888888889,0.5528486256291134,1.2859201509872253,1.3222797927461138,NaN
2.5,5,HT29typ,0.34400000000000003,0.0961276666666667,0.5528486256291134,1.2859201509872253,1.2947154471544717,NaN
5,0,HT29typ,0.861,NA,0.5528486256291134,1.2859201509872253,NA,NA
5,0.25,HT29typ,0.5846666666666667,0.0456806666666667,0.5528486256291134,1.2859201509872253,1.2351524879614768,NaN
5,0.5,HT29typ,0.49733333333333335,0.14661933333333338,0.5528486256291134,1.2859201509872253,1.4555702917771884,NaN
5,1,HT29typ,0.38866666666666666,0.0718186666666667,0.5528486256291134,1.2859201509872253,1.2611777535441657,NaN
5,2.5,HT29typ,0.3686666666666667,0.12270766666666669,0.5528486256291134,1.2859201509872253,1.351636747624076,NaN
5,5,HT29typ,0.321,0.07389300000000004,0.5528486256291134,1.2859201509872253,1.2547864506627393,NaN
0,0,LS180,1,NA,-0.20229538912874956,-0.43064197881195554,NA,NA
0,0.25,LS180,0.645,NA,-0.20229538912874956,-0.43064197881195554,NA,NA
0,0.5,LS180,0.5346666666666666,NA,-0.20229538912874956,-0.43064197881195554,NA,NA
0,1,LS180,0.467,NA,-0.20229538912874956,-0.43064197881195554,NA,NA
0,2.5,LS180,0.49633333333333335,NA,-0.20229538912874956,-0.43064197881195554,NA,NA
0,5,LS180,0.5873333333333333,NA,-0.20229538912874956,-0.43064197881195554,NA,NA
0.5,0,LS180,0.9866666666666667,NA,-0.20229538912874956,-0.43064197881195554,NA,NA
0.5,0.25,LS180,0.6276666666666667,-0.00873333333333337,-0.20229538912874956,-0.43064197881195554,0.9892569382273948,NaN
0.5,0.5,LS180,0.5026666666666666,-0.024871111111111177,-0.20229538912874956,-0.43064197881195554,0.9624664879356567,NaN
0.5,1,LS180,0.43366666666666664,-0.027106666666666723,-0.20229538912874956,-0.43064197881195554,0.9646851088875806,NaN
0.5,2.5,LS180,0.444,-0.045715555555555565,-0.20229538912874956,-0.43064197881195554,0.9298561151079137,NaN
0.5,5,LS180,0.548,-0.0315022222222221,-0.20229538912874956,-0.43064197881195554,0.9424778761061949,NaN
1,0,LS180,1.0233333333333332,NA,-0.20229538912874956,-0.43064197881195554,NA,NA
1,0.25,LS180,0.611,-0.04904999999999993,-0.20229538912874956,-0.43064197881195554,0.9125964010282775,NaN
1,0.5,LS180,0.5083333333333333,-0.03880888888888878,-0.20229538912874956,-0.43064197881195554,0.9464406779661018,NaN
1,1,LS180,0.443,-0.03489666666666663,-0.20229538912874956,-0.43064197881195554,0.9569120287253141,NaN
1,2.5,LS180,0.45533333333333337,-0.05258111111111108,-0.20229538912874956,-0.43064197881195554,0.9247246022031825,NaN
1,5,LS180,0.517,-0.08403777777777766,-0.20229538912874956,-0.43064197881195554,0.8543823326432024,NaN
2.5,0,LS180,0.9763333333333333,NA,-0.20229538912874956,-0.43064197881195554,NA,NA
2.5,0.25,LS180,0.6406666666666667,0.010931666666666784,-0.20229538912874956,-0.43064197881195554,1.0538033395176254,NaN
2.5,0.5,LS180,0.5016666666666667,-0.020346222222222154,-0.20229538912874956,-0.43064197881195554,0.9812709030100337,NaN
2.5,1,LS180,0.4083333333333333,-0.047614333333333314,-0.20229538912874956,-0.43064197881195554,0.9408450704225352,NaN
2.5,2.5,LS180,0.42933333333333334,-0.05525344444444441,-0.20229538912874956,-0.43064197881195554,0.9240654205607478,NaN
2.5,5,LS180,0.5296666666666667,-0.04376644444444433,-0.20229538912874956,-0.43064197881195554,0.9277108433734944,NaN
5,0,LS180,1.0036666666666667,NA,-0.20229538912874956,-0.43064197881195554,NA,NA
5,0.25,LS180,0.6166666666666667,-0.030698333333333383,-0.20229538912874956,-0.43064197881195554,0.9260869565217391,NaN
5,0.5,LS180,0.49466666666666664,-0.04196044444444441,-0.20229538912874956,-0.43064197881195554,0.920844327176781,NaN
5,1,LS180,0.4216666666666667,-0.04704566666666671,-0.20229538912874956,-0.43064197881195554,0.9216138328530258,NaN
5,2.5,LS180,0.4646666666666667,-0.033486555555555575,-0.20229538912874956,-0.43064197881195554,0.9408468244084683,NaN
5,5,LS180,0.537,-0.05248688888888886,-0.20229538912874956,-0.43064197881195554,0.8912886969042478,NaN
0,0,SW403,1,NA,-0.9863523433763746,-1.2574195375176958,NA,NA
0,0.25,SW403,0.562,NA,-0.9863523433763746,-1.2574195375176958,NA,NA
0,0.5,SW403,0.5913333333333334,NA,-0.9863523433763746,-1.2574195375176958,NA,NA
0,1,SW403,0.5336666666666666,NA,-0.9863523433763746,-1.2574195375176958,NA,NA
0,2.5,SW403,0.588,NA,-0.9863523433763746,-1.2574195375176958,NA,NA
0,5,SW403,0.7063333333333334,NA,-0.9863523433763746,-1.2574195375176958,NA,NA
0.5,0,SW403,0.958,NA,-0.9863523433763746,-1.2574195375176958,NA,NA
0.5,0.25,SW403,0.4533333333333333,-0.08506266666666668,-0.9863523433763746,-1.2574195375176958,0.8780487804878049,NA
0.5,0.5,SW403,0.39766666666666667,-0.16883066666666674,-0.9863523433763746,-1.2574195375176958,0.7482014388489209,NA
0.5,1,SW403,0.42433333333333334,-0.08691933333333324,-0.9863523433763746,-1.2574195375176958,0.8830341632889406,NA
0.5,2.5,SW403,0.44233333333333336,-0.12097066666666656,-0.9863523433763746,-1.2574195375176958,0.814106395696354,NA
0.5,5,SW403,0.599,-0.07766733333333331,-0.9863523433763746,-1.2574195375176958,0.8370739817123856,NA
1,0,SW403,0.9566666666666667,NA,-0.9863523433763746,-1.2574195375176958,NA,NA
1,0.25,SW403,0.44166666666666665,-0.09598000000000007,-0.9863523433763746,-1.2574195375176958,0.8620895522388059,NA
1,0.5,SW403,0.4003333333333333,-0.1653755555555556,-0.9863523433763746,-1.2574195375176958,0.753752084491384,NA
1,1,SW403,0.38366666666666666,-0.12687444444444446,-0.9863523433763746,-1.2574195375176958,0.8269334775554354,NA
1,2.5,SW403,0.48633333333333334,-0.07618666666666668,-0.9863523433763746,-1.2574195375176958,0.8864373783257624,NA
1,5,SW403,0.5853333333333334,-0.09039222222222221,-0.9863523433763746,-1.2574195375176958,0.812700964630225,NA
2.5,0,SW403,0.9953333333333334,NA,-0.9863523433763746,-1.2574195375176958,NA,NA
2.5,0.25,SW403,0.378,-0.1813773333333334,-0.9863523433763746,-1.2574195375176958,0.7116827438370845,NA
2.5,0.5,SW403,0.36466666666666664,-0.22390711111111122,-0.9863523433763746,-1.2574195375176958,0.6505771248688351,NA
2.5,1,SW403,0.32466666666666666,-0.2065095555555555,-0.9863523433763746,-1.2574195375176958,0.6974333662388943,NA
2.5,2.5,SW403,0.39666666666666667,-0.18858933333333333,-0.9863523433763746,-1.2574195375176958,0.6906077348066298,NA
2.5,5,SW403,0.46299999999999997,-0.24003711111111126,-0.9863523433763746,-1.2574195375176958,0.5555555555555554,NA
5,0,SW403,0.9293333333333333,NA,-0.9863523433763746,-1.2574195375176958,NA,NA
5,0.25,SW403,0.4086666666666667,-0.1136186666666667,-0.9863523433763746,-1.2574195375176958,0.8602029312288613,NA
5,0.5,SW403,0.3463333333333333,-0.20321244444444447,-0.9863523433763746,-1.2574195375176958,0.7332993370729219,NA
5,1,SW403,0.337,-0.15895422222222216,-0.9863523433763746,-1.2574195375176958,0.8099547511312217,NA
5,2.5,SW403,0.35933333333333334,-0.1871146666666666,-0.9863523433763746,-1.2574195375176958,0.7533818938605619,NA
5,5,SW403,0.43333333333333335,-0.22308577777777783,-0.9863523433763746,-1.2574195375176958,0.6429411764705881,NA
0,0,SW48-,1,NA,-0.17448820248820263,-0.7733756583897664,NA,NA
0,0.25,SW48-,0.6993333333333334,NA,-0.17448820248820263,-0.7733756583897664,NA,NA
0,0.5,SW48-,0.5766666666666667,NA,-0.17448820248820263,-0.7733756583897664,NA,NA
0,1,SW48-,0.17633333333333334,NA,-0.17448820248820263,-0.7733756583897664,NA,NA
0,2.5,SW48-,0.15166666666666667,NA,-0.17448820248820263,-0.7733756583897664,NA,NA
0,5,SW48-,0.14766666666666667,NA,-0.17448820248820263,-0.7733756583897664,NA,NA
0.5,0,SW48-,0.8866666666666666,NA,-0.17448820248820263,-0.7733756583897664,NA,NA
0.5,0.25,SW48-,0.5666666666666667,-0.05340888888888884,-0.17448820248820263,-0.7733756583897664,0.9553846153846155,NaN
0.5,0.5,SW48-,0.46266666666666667,-0.04864444444444438,-0.17448820248820263,-0.7733756583897664,0.9987593052109183,NaN
0.5,1,SW48-,0.135,-0.02134888888888889,-0.17448820248820263,-0.7733756583897664,1.0832369942196531,NaN
0.5,2.5,SW48-,0.11699999999999999,-0.017477777777777787,-0.17448820248820263,-0.7733756583897664,1.089090222725557,NaN
0.5,5,SW48-,0.11,-0.02093111111111111,-0.17448820248820263,-0.7733756583897664,1.0850187265917604,NaN
1,0,SW48-,0.7903333333333333,NA,-0.17448820248820263,-0.7733756583897664,NA,NA
1,0.25,SW48-,0.502,-0.0507064444444445,-0.17448820248820263,-0.7733756583897664,1.0247657295850066,NaN
1,0.5,SW48-,0.46066666666666667,0.004907777777777789,-0.17448820248820263,-0.7733756583897664,1.1736711990111248,NaN
1,1,SW48-,0.127,-0.01236211111111113,-0.17448820248820263,-0.7733756583897664,1.1836578846888126,NaN
1,2.5,SW48-,0.11966666666666667,-2.0055555555555105e-4,-0.17448820248820263,-0.7733756583897664,1.2018174933737222,NaN
1,5,SW48-,0.09866666666666667,-0.01803922222222222,-0.17448820248820263,-0.7733756583897664,1.1782544378698225,NaN
2.5,0,SW48-,0.7873333333333333,NA,-0.17448820248820263,-0.7733756583897664,NA,NA
2.5,0.25,SW48-,0.5246666666666667,-0.02594177777777773,-0.17448820248820263,-0.7733756583897664,1.0799438990182328,NaN
2.5,0.5,SW48-,0.408,-0.0460288888888889,-0.17448820248820263,-0.7733756583897664,1.0743243243243241,NaN
2.5,1,SW48-,0.12866666666666668,-0.01016644444444445,-0.17448820248820263,-0.7733756583897664,1.1893649579188983,NaN
2.5,2.5,SW48-,0.111,-0.008412222222222224,-0.17448820248820263,-0.7733756583897664,1.1934758155230596,NaN
2.5,5,SW48-,0.09366666666666668,-0.022596222222222212,-0.17448820248820263,-0.7733756583897664,1.1750643618977565,NaN
5,0,SW48-,0.777,NA,-0.17448820248820263,-0.7733756583897664,NA,NA
5,0.25,SW48-,0.502,-0.04138200000000003,-0.17448820248820263,-0.7733756583897664,1.0515394912985274,NaN
5,0.5,SW48-,0.35733333333333334,-0.09073666666666669,-0.17448820248820263,-0.7733756583897664,1.0057053941908713,NaN
5,1,SW48-,0.10933333333333334,-0.027677666666666684,-0.17448820248820263,-0.7733756583897664,1.1751497005988023,NaN
5,2.5,SW48-,0.10633333333333334,-0.01151166666666667,-0.17448820248820263,-0.7733756583897664,1.1988064155165983,NaN
5,5,SW48-,0.08233333333333333,-0.03240366666666668,-0.17448820248820263,-0.7733756583897664,1.171812568107519,NaN
0,0,SW480,1,NA,-0.3095214174454828,-0.10941008771929805,NA,NA
0,0.25,SW480,0.8556666666666667,NA,-0.3095214174454828,-0.10941008771929805,NA,NA
0,0.5,SW480,0.8376666666666667,NA,-0.3095214174454828,-0.10941008771929805,NA,NA
0,1,SW480,0.7163333333333333,NA,-0.3095214174454828,-0.10941008771929805,NA,NA
0,2.5,SW480,0.691,NA,-0.3095214174454828,-0.10941008771929805,NA,NA
0,5,SW480,0.5066666666666666,NA,-0.3095214174454828,-0.10941008771929805,NA,NA
0.5,0,SW480,0.9636666666666667,NA,-0.3095214174454828,-0.10941008771929805,NA,NA
0.5,0.25,SW480,0.8136666666666666,-0.010910777777777825,-0.3095214174454828,-0.10941008771929805,0.9695885509838996,NaN
0.5,0.5,SW480,0.703,-0.10423144444444454,-0.3095214174454828,-0.10941008771929805,0.6689113355780022,NaN
0.5,1,SW480,0.6116666666666667,-0.07863988888888884,-0.3095214174454828,-0.10941008771929805,0.8240343347639487,NaN
0.5,2.5,SW480,0.6233333333333333,-0.04256033333333331,-0.3095214174454828,-0.10941008771929805,0.9168141592920354,NaN
0.5,5,SW480,0.45066666666666666,-0.037591111111111075,-0.3095214174454828,-0.10941008771929805,0.9641990291262137,NaN
1,0,SW480,1.0226666666666666,NA,-0.3095214174454828,-0.10941008771929805,NA,NA
1,0.25,SW480,0.8246666666666667,-0.05039511111111106,-0.3095214174454828,-0.10941008771929805,0.8231939163498098,NaN
1,0.5,SW480,0.7513333333333333,-0.10532044444444444,-0.3095214174454828,-0.10941008771929805,0.6528150134048256,NaN
1,1,SW480,0.6163333333333333,-0.11623688888888883,-0.3095214174454828,-0.10941008771929805,0.7393570807993051,NaN
1,2.5,SW480,0.63,-0.07666266666666655,-0.3095214174454828,-0.10941008771929805,0.8351351351351353,NaN
1,5,SW480,0.46900000000000003,-0.04915111111111098,-0.3095214174454828,-0.10941008771929805,0.9290646578782175,NaN
2.5,0,SW480,0.9136666666666666,NA,-0.3095214174454828,-0.10941008771929805,NA,NA
2.5,0.25,SW480,0.756,-0.025794111111111073,-0.3095214174454828,-0.10941008771929805,0.9453551912568308,NaN
2.5,0.5,SW480,0.6433333333333333,-0.1220147777777778,-0.3095214174454828,-0.10941008771929805,0.697196261682243,NaN
2.5,1,SW480,0.597,-0.05748988888888884,-0.3095214174454828,-0.10941008771929805,0.9181141439205958,NaN
2.5,2.5,SW480,0.5653333333333334,-0.06601033333333328,-0.3095214174454828,-0.10941008771929805,0.909509202453988,NaN
2.5,5,SW480,0.45133333333333336,-0.011591111111110997,-0.3095214174454828,-0.10941008771929805,1.0565006075334145,NaN
5,0,SW480,0.8916666666666666,NA,-0.3095214174454828,-0.10941008771929805,NA,NA
5,0.25,SW480,0.735,-0.02796944444444438,-0.3095214174454828,-0.10941008771929805,0.9534591194968554,NaN
5,0.5,SW480,0.642,-0.10491944444444434,-0.3095214174454828,-0.10941008771929805,0.7560521415270021,NaN
5,1,SW480,0.5376666666666666,-0.10106388888888884,-0.3095214174454828,-0.10941008771929805,0.8478731074260997,NaN
5,2.5,SW480,0.534,-0.08214166666666656,-0.3095214174454828,-0.10941008771929805,0.895565092989986,NaN
5,5,SW480,0.48033333333333333,0.028555555555555667,-0.3095214174454828,-0.10941008771929805,1.1577934573444517,NaN
0,0,SW620,1,NA,-0.3028314371454961,-0.5265287663107943,NA,NA
0,0.25,SW620,0.8316666666666667,NA,-0.3028314371454961,-0.5265287663107943,NA,NA
0,0.5,SW620,0.7423333333333333,NA,-0.3028314371454961,-0.5265287663107943,NA,NA
0,1,SW620,0.42333333333333334,NA,-0.3028314371454961,-0.5265287663107943,NA,NA
0,2.5,SW620,0.4156666666666667,NA,-0.3028314371454961,-0.5265287663107943,NA,NA
0,5,SW620,0.37466666666666665,NA,-0.3028314371454961,-0.5265287663107943,NA,NA
0.5,0,SW620,0.8733333333333333,NA,-0.3028314371454961,-0.5265287663107943,NA,NA
0.5,0.25,SW620,0.7186666666666667,-0.007655555555555527,-0.3028314371454961,-0.5265287663107943,1.0485781990521328,NaN
0.5,0.5,SW620,0.6863333333333334,0.038028888888889,-0.3028314371454961,-0.5265287663107943,1.2252922422954309,NaN
0.5,1,SW620,0.33566666666666667,-0.03404444444444443,-0.3028314371454961,-0.5265287663107943,1.058705469141997,NaN
0.5,2.5,SW620,0.32466666666666666,-0.03834888888888888,-0.3028314371454961,-0.5265287663107943,1.0528134254689043,NaN
0.5,5,SW620,0.3323333333333333,0.0051244444444444315,-0.3028314371454961,-0.5265287663107943,1.126310534198702,NaN
1,0,SW620,0.9309999999999999,NA,-0.3028314371454961,-0.5265287663107943,NA,NA
1,0.25,SW620,0.752,-0.022281666666666644,-0.3028314371454961,-0.5265287663107943,0.9569892473118282,NaN
1,0.5,SW620,0.6283333333333334,-0.06277899999999981,-0.3028314371454961,-0.5265287663107943,0.878923766816144,NaN
1,1,SW620,0.3403333333333333,-0.053790000000000004,-0.3028314371454961,-0.5265287663107943,0.9787771601819102,NaN
1,2.5,SW620,0.29866666666666664,-0.08831900000000004,-0.3028314371454961,-0.5265287663107943,0.9315589353612168,NaN
1,5,SW620,0.29433333333333334,-0.05448133333333327,-0.3028314371454961,-0.5265287663107943,0.9839395370807746,NaN
2.5,0,SW620,0.8336666666666667,NA,-0.3028314371454961,-0.5265287663107943,NA,NA
2.5,0.25,SW620,0.651,-0.042332777777777775,-0.3028314371454961,-0.5265287663107943,0.958930276981853,NaN
2.5,0.5,SW620,0.5926666666666667,-0.026191888888888792,-0.3028314371454961,-0.5265287663107943,1.0409165302782326,NaN
2.5,1,SW620,0.30466666666666664,-0.04825222222222225,-0.3028314371454961,-0.5265287663107943,1.0685522531160114,NaN
2.5,2.5,SW620,0.31166666666666665,-0.034860777777777796,-0.3028314371454961,-0.5265287663107943,1.0905569007263922,NaN
2.5,5,SW620,0.26233333333333336,-0.05001377777777771,-0.3028314371454961,-0.5265287663107943,1.0732037957523723,NaN
5,0,SW620,0.8423333333333334,NA,-0.3028314371454961,-0.5265287663107943,NA,NA
5,0.25,SW620,0.6486666666666667,-0.051873888888888886,-0.3028314371454961,-0.5265287663107943,0.9278937381404175,NaN
5,0.5,SW620,0.581,-0.0442921111111112,-0.3028314371454961,-0.5265287663107943,0.9912490055688146,NaN
5,1,SW620,0.296,-0.060587777777777796,-0.3028314371454961,-0.5265287663107943,1.0430871212121213,NaN
5,2.5,SW620,0.29033333333333333,-0.059796555555555575,-0.3028314371454961,-0.5265287663107943,1.0455612963832785,NaN
5,5,SW620,0.2793333333333333,-0.0362608888888889,-0.3028314371454961,-0.5265287663107943,1.0864939870490287,NaN
0,0,SW837,1,NA,0.16016679667186695,0.5880774308200047,NA,NA
0,0.25,SW837,0.5976666666666667,NA,0.16016679667186695,0.5880774308200047,NA,NA
0,0.5,SW837,0.5526666666666666,NA,0.16016679667186695,0.5880774308200047,NA,NA
0,1,SW837,0.47100000000000003,NA,0.16016679667186695,0.5880774308200047,NA,NA
0,2.5,SW837,0.4633333333333333,NA,0.16016679667186695,0.5880774308200047,NA,NA
0,5,SW837,0.43766666666666665,NA,0.16016679667186695,0.5880774308200047,NA,NA
0.5,0,SW837,0.8606666666666667,NA,0.16016679667186695,0.5880774308200047,NA,NA
0.5,0.25,SW837,0.5680000000000001,0.05360822222222228,0.16016679667186695,0.5880774308200047,1.253858024691358,NaN
0.5,0.5,SW837,0.4766666666666667,0.0010048888888888885,0.16016679667186695,0.5880774308200047,1.1210191082802548,NaN
0.5,1,SW837,0.43033333333333335,0.024959333333333333,0.16016679667186695,0.5880774308200047,1.1732007021650086,NaN
0.5,2.5,SW837,0.436,0.03722444444444445,0.16016679667186695,0.5880774308200047,1.1985815602836878,NaN
0.5,5,SW837,0.42866666666666664,0.05198155555555556,0.16016679667186695,0.5880774308200047,1.2281213535589264,NaN
1,0,SW837,0.8276666666666667,NA,0.16016679667186695,0.5880774308200047,NA,NA
1,0.25,SW837,0.5413333333333333,0.04666455555555554,0.16016679667186695,0.5880774308200047,1.252906976744186,NaN
1,0.5,SW837,0.5273333333333333,0.06990955555555556,0.16016679667186695,0.5880774308200047,1.3110014104372356,NaN
1,1,SW837,0.4076666666666667,0.01783566666666664,0.16016679667186695,0.5880774308200047,1.1840180078784466,NaN
1,2.5,SW837,0.43766666666666665,0.054181111111111124,0.16016679667186695,0.5880774308200047,1.2608180201541197,NaN
1,5,SW837,0.448,0.08575788888888891,0.16016679667186695,0.5880774308200047,1.3309178743961352,NaN
2.5,0,SW837,0.8786666666666667,NA,0.16016679667186695,0.5880774308200047,NA,NA
2.5,0.25,SW837,0.5323333333333333,0.007183555555555499,0.16016679667186695,0.5880774308200047,1.119743406985032,NaN
2.5,0.5,SW837,0.5266666666666666,0.041056888888888865,0.16016679667186695,0.5880774308200047,1.2014084507042253,NaN
2.5,1,SW837,0.456,0.04214799999999996,0.16016679667186695,0.5880774308200047,1.1954656862745094,NaN
2.5,2.5,SW837,0.4093333333333333,0.002217777777777763,0.16016679667186695,0.5880774308200047,1.1139954853273135,NaN
2.5,5,SW837,0.41533333333333333,0.0307702222222222,0.16016679667186695,0.5880774308200047,1.169327251995439,NaN
5,0,SW837,0.8546666666666667,NA,0.16016679667186695,0.5880774308200047,NA,NA
5,0.25,SW837,0.5323333333333333,0.021527555555555522,0.16016679667186695,0.5880774308200047,1.171062009978617,NaN
5,0.5,SW837,0.498,0.025654222222222245,0.16016679667186695,0.5880774308200047,1.1806108897742364,NaN
5,1,SW837,0.449,0.04645199999999999,0.16016679667186695,0.5880774308200047,1.2238354506957048,NaN
5,2.5,SW837,0.39166666666666666,-0.004328888888888882,0.16016679667186695,0.5880774308200047,1.1210958904109587,NaN
5,5,SW837,0.4413333333333333,0.06727422222222218,0.16016679667186695,0.5880774308200047,1.2667064439140812,NaN
0,0,SW948 (3rep),1,NA,0.09661348745788167,-0.47100812441968465,NA,NA
0,0.25,SW948 (3rep),0.9286666666666666,NA,0.09661348745788167,-0.47100812441968465,NA,NA
0,0.5,SW948 (3rep),0.9403333333333334,NA,0.09661348745788167,-0.47100812441968465,NA,NA
0,1,SW948 (3rep),0.8886666666666667,NA,0.09661348745788167,-0.47100812441968465,NA,NA
0,2.5,SW948 (3rep),0.7553333333333333,NA,0.09661348745788167,-0.47100812441968465,NA,NA
0,5,SW948 (3rep),0.718,NA,0.09661348745788167,-0.47100812441968465,NA,NA
0.5,0,SW948 (3rep),1.0123333333333333,NA,0.09661348745788167,-0.47100812441968465,NA,NA
0.5,0.25,SW948 (3rep),0.995,0.05487977777777786,0.09661348745788167,-0.47100812441968465,14.266666666666659,3.5917140659909768
0.5,0.5,SW948 (3rep),0.9133333333333333,-0.03859744444444446,0.09661348745788167,-0.47100812441968465,0.6884615384615382,0.8825972377086071
0.5,1,SW948 (3rep),0.79,-0.10962688888888883,0.09661348745788167,-0.47100812441968465,0.53015873015873,NaN
0.5,2.5,SW948 (3rep),0.7543333333333333,-0.010315777777777813,0.09661348745788167,-0.47100812441968465,0.9959294436906377,NaN
0.5,5,SW948 (3rep),0.6846666666666666,-0.04218866666666665,0.09661348745788167,-0.47100812441968465,0.8942917547568711,NaN
1,0,SW948 (3rep),1.0066666666666666,NA,0.09661348745788167,-0.47100812441968465,NA,NA
1,0.25,SW948 (3rep),0.9273333333333333,-0.007524444444444334,0.09661348745788167,-0.47100812441968465,0.9816513761467894,0.7033218254709832
1,0.5,SW948 (3rep),0.8666666666666667,-0.07993555555555554,0.09661348745788167,-0.47100812441968465,0.44749999999999995,NaN
1,1,SW948 (3rep),0.7476666666666667,-0.1469244444444444,0.09661348745788167,-0.47100812441968465,0.4412153236459708,NaN
1,2.5,SW948 (3rep),0.76,-3.6888888888875204e-4,0.09661348745788167,-0.47100812441968465,1.0194444444444446,NaN
1,5,SW948 (3rep),0.654,-0.06878666666666655,0.09661348745788167,-0.47100812441968465,0.8150289017341041,NaN
2.5,0,SW948 (3rep),0.9586666666666667,NA,0.09661348745788167,-0.47100812441968465,NA,NA
2.5,0.25,SW948 (3rep),0.9296666666666666,0.039384888888888914,0.09661348745788167,-0.47100812441968465,1.6018957345971563,1.1064936059068373
2.5,0.5,SW948 (3rep),0.8493333333333334,-0.052132888888888895,0.09661348745788167,-0.47100812441968465,0.670353982300885,NaN
2.5,1,SW948 (3rep),0.7226666666666667,-0.12926844444444452,0.09661348745788167,-0.47100812441968465,0.550480769230769,NaN
2.5,2.5,SW948 (3rep),0.7516666666666667,0.0275537777777779,0.09661348745788167,-0.47100812441968465,1.1516778523489937,NaN
2.5,5,SW948 (3rep),0.591,-0.09732266666666667,0.09661348745788167,-0.47100812441968465,0.7905460472697637,NaN
5,0,SW948 (3rep),0.8903333333333333,NA,0.09661348745788167,-0.47100812441968465,NA,NA
5,0.25,SW948 (3rep),0.981,0.1541771111111111,0.09661348745788167,-0.47100812441968465,9.526315789473678,4.898001053721143
5,0.5,SW948 (3rep),0.9403333333333334,0.10312322222222225,0.09661348745788167,-0.47100812441968465,2.8379888268156437,2.62866868839859
5,1,SW948 (3rep),0.792,7.90444444444427e-4,0.09661348745788167,-0.47100812441968465,1.0625,NaN
5,2.5,SW948 (3rep),0.7033333333333334,0.030834888888888967,0.09661348745788167,-0.47100812441968465,1.1943820224719104,NaN
5,5,SW948 (3rep),0.5963333333333333,-0.04292600000000002,0.09661348745788167,-0.47100812441968465,0.9702725020644096,NaN
0,0,WiDR,1,NA,0.23821064814814807,0.19627395486496457,NA,NA
0,0.25,WiDR,0.6536666666666667,NA,0.23821064814814807,0.19627395486496457,NA,NA
0,0.5,WiDR,0.6166666666666667,NA,0.23821064814814807,0.19627395486496457,NA,NA
0,1,WiDR,0.446,NA,0.23821064814814807,0.19627395486496457,NA,NA
0,2.5,WiDR,0.41333333333333333,NA,0.23821064814814807,0.19627395486496457,NA,NA
0,5,WiDR,0.30033333333333334,NA,0.23821064814814807,0.19627395486496457,NA,NA
0.5,0,WiDR,0.8683333333333333,NA,0.23821064814814807,0.19627395486496457,NA,NA
0.5,0.25,WiDR,0.604,0.03639944444444443,0.23821064814814807,0.19627395486496457,1.207070707070707,NaN
0.5,0.5,WiDR,0.5163333333333333,-0.019138888888888927,0.23821064814814807,0.19627395486496457,1.0647829083390765,NaN
0.5,1,WiDR,0.47966666666666663,0.09238999999999997,0.23821064814814807,0.19627395486496457,1.3177450352338247,NaN
0.5,2.5,WiDR,0.37133333333333335,0.012422222222222279,0.23821064814814807,0.19627395486496457,1.142629904559915,NaN
0.5,5,WiDR,0.261,2.1055555555554717e-4,0.23821064814814807,0.19627395486496457,1.1249436175011276,NaN
1,0,WiDR,0.831,NA,0.23821064814814807,0.19627395486496457,NA,NA
1,0.25,WiDR,0.5640000000000001,0.020803000000000016,0.23821064814814807,0.19627395486496457,1.1819571865443426,NaN
1,0.5,WiDR,0.49133333333333334,-0.021116666666666617,0.23821064814814807,0.19627395486496457,1.0858453473132375,NaN
1,1,WiDR,0.44166666666666665,0.07104066666666664,0.23821064814814807,0.19627395486496457,1.2949253731343284,NaN
1,2.5,WiDR,0.3576666666666667,0.01418666666666668,0.23821064814814807,0.19627395486496457,1.1764400622729632,NaN
1,5,WiDR,0.27666666666666667,0.02708966666666668,0.23821064814814807,0.19627395486496457,1.200921658986175,NaN
2.5,0,WiDR,0.771,NA,0.23821064814814807,0.19627395486496457,NA,NA
2.5,0.25,WiDR,0.5426666666666666,0.03868966666666662,0.23821064814814807,0.19627395486496457,1.25801749271137,NaN
2.5,0.5,WiDR,0.5026666666666667,0.027216666666666667,0.23821064814814807,0.19627395486496457,1.2312332439678284,NaN
2.5,1,WiDR,0.397,0.053134000000000015,0.23821064814814807,0.19627395486496457,1.2985074626865674,NaN
2.5,2.5,WiDR,0.35200000000000004,0.033320000000000016,0.23821064814814807,0.19627395486496457,1.2587448559670782,NaN
2.5,5,WiDR,0.23966666666666667,0.008109666666666654,0.23821064814814807,0.19627395486496457,1.2213941253836038,NaN
5,0,WiDR,0.72,NA,0.23821064814814807,0.19627395486496457,NA,NA
5,0.25,WiDR,0.5223333333333333,0.05169333333333331,0.23821064814814807,0.19627395486496457,1.3112351709699928,NaN
5,0.5,WiDR,0.469,0.024999999999999967,0.23821064814814807,0.19627395486496457,1.2492153170119271,NaN
5,1,WiDR,0.408,0.08687999999999996,0.23821064814814807,0.19627395486496457,1.4087837837837838,NaN
5,2.5,WiDR,0.321,0.023400000000000032,0.23821064814814807,0.19627395486496457,1.2763868433971526,NaN
5,5,WiDR,0.22866666666666666,0.01242666666666667,0.23821064814814807,0.19627395486496457,1.27009507346586,NaN
