cell_line,mk2i,replicate,time,chk1i_0uM,Chk1i_0.25uM,Chk1i_0.5uM,chk1i_1uM,Chk1i_2.5uM,chk1i_5uM
Caco2,0uM,1,24,1.000,0.905,0.897,0.782,0.714,0.764
Caco2,0.5uM,1,24,0.945,0.804,0.794,0.643,0.678,0.705
Caco2,1uM,1,24,0.928,0.723,0.792,0.679,0.594,0.693
Caco2,2.5uM,1,24,0.804,0.695,0.693,0.659,0.687,0.698
Caco2,5uM,1,24,1.031,0.812,0.851,0.677,0.733,0.625
Caco2,0uM,1,48,1.000,0.812,0.871,0.681,0.663,0.700
Caco2,0.5uM,1,48,0.886,0.604,0.810,0.557,0.616,0.572
Caco2,1uM,1,48,0.878,0.618,0.616,0.524,0.498,0.645
Caco2,2.5uM,1,48,0.762,0.618,0.572,0.515,0.552,0.587
Caco2,5uM,1,48,1.076,0.856,0.849,0.595,0.608,0.580
Caco2,0uM,1,72,1.000,0.820,0.856,0.567,0.517,0.606
Caco2,0.5uM,1,72,0.879,0.558,0.701,0.431,0.479,0.425
Caco2,1uM,1,72,0.858,0.558,0.515,0.419,0.387,0.502
Caco2,2.5uM,1,72,0.764,0.539,0.517,0.428,0.458,0.521
Caco2,5uM,1,72,1.069,0.824,0.832,0.577,0.575,0.554
Caco2,0uM,1,96,1.000,0.826,0.861,0.437,0.394,0.308
Caco2,0.5uM,1,96,0.829,0.478,0.518,0.336,0.261,0.257
Caco2,1uM,1,96,0.832,0.457,0.409,0.281,0.218,0.292
Caco2,2.5uM,1,96,0.693,0.440,0.395,0.328,0.323,0.350
Caco2,5uM,1,96,1.005,0.755,0.748,0.456,0.424,0.405
Caco2,0uM,2,24,1.000,0.787,0.798,0.700,0.858,0.759
Caco2,0.5uM,2,24,0.880,0.774,0.665,0.629,0.758,0.758
Caco2,1uM,2,24,0.836,0.574,0.712,0.701,0.653,0.739
Caco2,2.5uM,2,24,0.926,0.677,0.725,0.600,0.609,0.613
Caco2,5uM,2,24,0.841,0.690,0.728,0.699,0.594,0.686
Caco2,0uM,2,48,1.000,0.757,0.797,0.751,0.853,0.783
Caco2,0.5uM,2,48,0.918,0.733,0.617,0.570,0.700,0.722
Caco2,1uM,2,48,0.883,0.463,0.603,0.597,0.615,0.655
Caco2,2.5uM,2,48,0.951,0.579,0.641,0.496,0.559,0.549
Caco2,5uM,2,48,0.942,0.737,0.692,0.629,0.531,0.659
Caco2,0uM,2,72,1.000,0.685,0.712,0.576,0.740,0.599
Caco2,0.5uM,2,72,0.832,0.606,0.429,0.405,0.482,0.647
Caco2,1uM,2,72,0.775,0.363,0.448,0.423,0.483,0.543
Caco2,2.5uM,2,72,0.862,0.493,0.501,0.375,0.453,0.446
Caco2,5uM,2,72,0.889,0.668,0.556,0.511,0.423,0.550
Caco2,0uM,2,96,1.000,0.632,0.616,0.532,0.576,0.395
Caco2,0.5uM,2,96,0.841,0.511,0.346,0.287,0.341,0.361
Caco2,1uM,2,96,0.789,0.335,0.334,0.277,0.287,0.342
Caco2,2.5uM,2,96,0.829,0.404,0.359,0.265,0.299,0.299
Caco2,5uM,2,96,0.885,0.590,0.502,0.362,0.312,0.399
Caco2,0uM,3,24,1.000,0.721,0.877,0.626,0.612,0.565
Caco2,0.5uM,3,24,0.766,0.745,0.692,0.592,0.504,0.539
Caco2,1uM,3,24,0.664,0.573,0.711,0.560,0.545,0.511
Caco2,2.5uM,3,24,0.720,0.626,0.650,0.568,0.577,0.470
Caco2,5uM,3,24,0.739,0.674,0.668,0.655,0.577,0.508
Caco2,0uM,3,48,1.000,0.632,0.890,0.552,0.507,0.497
Caco2,0.5uM,3,48,0.722,0.634,0.647,0.470,0.461,0.486
Caco2,1uM,3,48,0.642,0.518,0.601,0.461,0.463,0.431
Caco2,2.5uM,3,48,0.701,0.525,0.512,0.493,0.493,0.375
Caco2,5uM,3,48,0.731,0.670,0.635,0.595,0.498,0.394
Caco2,0uM,3,72,1.000,0.633,0.894,0.465,0.382,0.367
Caco2,0.5uM,3,72,0.725,0.585,0.522,0.386,0.385,0.334
Caco2,1uM,3,72,0.610,0.421,0.460,0.327,0.384,0.327
Caco2,2.5uM,3,72,0.677,0.435,0.438,0.399,0.443,0.301
Caco2,5uM,3,72,0.732,0.624,0.581,0.491,0.446,0.320
Caco2,0uM,3,96,1.000,0.622,0.833,0.343,0.247,0.242
Caco2,0.5uM,3,96,0.718,0.506,0.430,0.283,0.235,0.181
Caco2,1uM,3,96,0.619,0.340,0.335,0.206,0.232,0.211
Caco2,2.5uM,3,96,0.655,0.357,0.359,0.272,0.293,0.212
Caco2,5uM,3,96,0.709,0.572,0.514,0.421,0.318,0.250
Car1,0uM,1,24,1.000,0.861,0.829,0.925,0.877,0.836
Car1,0.5uM,1,24,0.954,0.733,0.736,0.690,0.644,0.558
Car1,1uM,1,24,0.922,0.753,0.724,0.704,0.692,0.537
Car1,2.5uM,1,24,0.907,0.734,0.746,0.678,0.654,0.509
Car1,5uM,1,24,0.925,0.723,0.707,0.642,0.610,0.520
Car1,0uM,1,48,1.000,0.685,0.597,0.655,0.591,0.547
Car1,0.5uM,1,48,0.917,0.545,0.493,0.431,0.385,0.323
Car1,1uM,1,48,0.866,0.532,0.471,0.432,0.430,0.295
Car1,2.5uM,1,48,0.883,0.512,0.450,0.385,0.367,0.268
Car1,5uM,1,48,0.869,0.486,0.409,0.355,0.320,0.268
Car1,0uM,1,72,1.000,0.560,0.458,0.494,0.448,0.360
Car1,0.5uM,1,72,0.956,0.454,0.365,0.306,0.260,0.206
Car1,1uM,1,72,0.892,0.426,0.329,0.299,0.291,0.186
Car1,2.5uM,1,72,0.871,0.390,0.306,0.232,0.238,0.152
Car1,5uM,1,72,0.849,0.374,0.281,0.222,0.194,0.164
Car1,0uM,2,24,1.000,0.783,0.762,0.788,0.738,0.644
Car1,0.5uM,2,24,1.011,0.868,0.871,0.824,0.684,0.496
Car1,1uM,2,24,0.861,0.762,0.842,0.749,0.657,0.549
Car1,2.5uM,2,24,0.926,0.760,0.842,0.733,0.597,0.505
Car1,5uM,2,24,0.969,0.755,0.758,0.749,0.593,0.486
Car1,0uM,2,48,1.000,0.621,0.557,0.561,0.498,0.417
Car1,0.5uM,2,48,0.991,0.629,0.575,0.515,0.431,0.300
Car1,1uM,2,48,0.838,0.557,0.532,0.450,0.379,0.331
Car1,2.5uM,2,48,0.889,0.551,0.517,0.440,0.317,0.273
Car1,5uM,2,48,0.945,0.524,0.451,0.418,0.346,0.255
Car1,0uM,2,72,1.000,0.543,0.411,0.402,0.360,0.295
Car1,0.5uM,2,72,1.015,0.517,0.422,0.370,0.294,0.183
Car1,1uM,2,72,0.881,0.475,0.375,0.302,0.242,0.189
Car1,2.5uM,2,72,0.891,0.462,0.323,0.280,0.203,0.165
Car1,5uM,2,72,0.953,0.393,0.283,0.238,0.194,0.141
Car1,0uM,3,24,1.000,0.775,0.817,0.748,0.647,0.660
Car1,0.5uM,3,24,0.925,0.741,0.756,0.673,0.644,0.610
Car1,1uM,3,24,0.924,0.733,0.751,0.737,0.657,0.589
Car1,2.5uM,3,24,0.898,0.748,0.746,0.684,0.587,0.567
Car1,5uM,3,24,0.869,0.732,0.756,0.675,0.661,0.550
Car1,0uM,3,48,1.000,0.672,0.587,0.552,0.475,0.449
Car1,0.5uM,3,48,0.975,0.645,0.547,0.444,0.442,0.370
Car1,1uM,3,48,0.961,0.583,0.550,0.487,0.394,0.337
Car1,2.5uM,3,48,0.926,0.598,0.516,0.454,0.377,0.338
Car1,5uM,3,48,0.876,0.555,0.449,0.428,0.347,0.309
Car1,0uM,3,72,1.000,0.562,0.457,0.395,0.329,0.310
Car1,0.5uM,3,72,1.019,0.537,0.410,0.312,0.311,0.228
Car1,1uM,3,72,0.926,0.507,0.410,0.319,0.278,0.217
Car1,2.5uM,3,72,0.950,0.505,0.355,0.286,0.241,0.218
Car1,5uM,3,72,0.862,0.460,0.314,0.264,0.199,0.187
DLD1mut,0uM,1,24,1.000,1.155,1.017,0.860,1.078,0.949
DLD1mut,0.5uM,1,24,1.006,1.280,1.132,1.061,0.901,1.010
DLD1mut,1uM,1,24,1.080,1.076,1.246,0.847,0.955,1.089
DLD1mut,2.5uM,1,24,0.910,1.101,1.029,0.993,1.063,0.984
DLD1mut,5uM,1,24,0.986,1.046,1.119,0.924,0.855,0.800
DLD1mut,0uM,1,48,1.000,1.086,0.980,0.636,0.720,0.515
DLD1mut,0.5uM,1,48,1.023,1.253,1.002,0.726,0.649,0.558
DLD1mut,1uM,1,48,1.073,1.032,1.096,0.608,0.633,0.546
DLD1mut,2.5uM,1,48,0.838,1.067,0.954,0.675,0.631,0.564
DLD1mut,5uM,1,48,0.958,0.942,1.030,0.681,0.598,0.398
DLD1mut,0uM,1,72,1.000,1.006,0.816,0.428,0.463,0.309
DLD1mut,0.5uM,1,72,0.968,1.126,0.830,0.472,0.422,0.286
DLD1mut,1uM,1,72,1.032,0.906,0.906,0.406,0.432,0.292
DLD1mut,2.5uM,1,72,0.730,0.931,0.790,0.427,0.404,0.264
DLD1mut,5uM,1,72,0.867,0.847,0.837,0.429,0.374,0.226
DLD1mut,0uM,1,96,1.000,0.974,0.729,0.323,0.342,0.184
DLD1mut,0.5uM,1,96,0.955,1.027,0.713,0.357,0.287,0.172
DLD1mut,1uM,1,96,1.028,0.834,0.822,0.276,0.289,0.176
DLD1mut,2.5uM,1,96,0.666,0.816,0.718,0.316,0.282,0.158
DLD1mut,5uM,1,96,0.846,0.757,0.750,0.318,0.265,0.119
DLD1mut,0uM,2,24,1.000,1.092,1.562,1.068,1.170,1.170
DLD1mut,0.5uM,2,24,1.149,1.079,1.492,1.222,1.170,1.087
DLD1mut,1uM,2,24,1.189,1.264,1.609,1.130,1.120,1.348
DLD1mut,2.5uM,2,24,1.274,1.318,1.369,1.172,1.282,1.078
DLD1mut,5uM,2,24,1.209,1.292,1.692,1.319,1.553,1.222
DLD1mut,0uM,2,48,1.000,0.968,1.313,0.739,0.741,0.645
DLD1mut,0.5uM,2,48,1.115,0.930,1.263,0.875,0.769,0.550
DLD1mut,1uM,2,48,1.094,1.044,1.412,0.780,0.723,0.714
DLD1mut,2.5uM,2,48,1.130,1.100,1.118,0.781,0.800,0.581
DLD1mut,5uM,2,48,1.089,1.125,1.434,0.937,0.960,0.648
DLD1mut,0uM,2,72,1.000,0.822,1.104,0.525,0.518,0.348
DLD1mut,0.5uM,2,72,1.090,0.714,1.006,0.581,0.485,0.308
DLD1mut,1uM,2,72,1.145,0.842,1.077,0.553,0.452,0.393
DLD1mut,2.5uM,2,72,1.046,0.908,0.886,0.535,0.518,0.286
DLD1mut,5uM,2,72,0.991,0.915,1.097,0.619,0.547,0.337
DLD1mut,0uM,2,96,1.000,0.719,0.982,0.413,0.387,0.238
DLD1mut,0.5uM,2,96,1.109,0.639,0.905,0.465,0.360,0.188
DLD1mut,1uM,2,96,1.166,0.748,0.937,0.424,0.352,0.260
DLD1mut,2.5uM,2,96,1.061,0.854,0.831,0.428,0.385,0.189
DLD1mut,5uM,2,96,0.978,0.890,1.017,0.493,0.412,0.209
DLD1mut,0uM,3,24,1.000,1.065,1.304,1.138,1.459,1.082
DLD1mut,0.5uM,3,24,1.180,1.163,1.323,0.941,1.330,1.088
DLD1mut,1uM,3,24,1.087,1.153,1.188,1.053,1.269,1.023
DLD1mut,2.5uM,3,24,1.375,1.603,1.382,1.276,1.532,1.421
DLD1mut,5uM,3,24,0.881,0.951,1.024,0.884,1.106,0.906
DLD1mut,0uM,3,48,1.000,0.953,1.046,0.776,0.782,0.541
DLD1mut,0.5uM,3,48,1.109,0.999,1.057,0.626,0.705,0.525
DLD1mut,1uM,3,48,1.034,0.999,0.927,0.731,0.672,0.544
DLD1mut,2.5uM,3,48,1.316,1.330,1.101,0.852,0.773,0.767
DLD1mut,5uM,3,48,0.756,0.798,0.784,0.559,0.568,0.461
DLD1mut,0uM,3,72,1.000,0.858,0.847,0.539,0.506,0.313
DLD1mut,0.5uM,3,72,1.078,0.882,0.860,0.454,0.438,0.295
DLD1mut,1uM,3,72,0.988,0.901,0.778,0.507,0.442,0.296
DLD1mut,2.5uM,3,72,1.234,1.119,0.884,0.601,0.476,0.405
DLD1mut,5uM,3,72,0.694,0.663,0.614,0.382,0.368,0.256
DLD1mut,0uM,3,96,1.000,0.787,0.696,0.400,0.376,0.203
DLD1mut,0.5uM,3,96,1.031,0.795,0.705,0.317,0.301,0.177
DLD1mut,1uM,3,96,0.990,0.810,0.647,0.382,0.319,0.179
DLD1mut,2.5uM,3,96,1.227,1.006,0.724,0.440,0.347,0.240
DLD1mut,5uM,3,96,0.645,0.612,0.522,0.284,0.253,0.142
DLD1etKRASG13D,0uM,1,24,1.000,0.972,0.894,0.820,0.781,0.820
DLD1etKRASG13D,0.5uM,1,24,0.992,0.981,0.821,0.748,0.751,0.675
DLD1etKRASG13D,1uM,1,24,1.006,0.978,0.859,0.804,0.784,0.722
DLD1etKRASG13D,2.5uM,1,24,0.962,0.995,0.886,0.817,0.735,0.724
DLD1etKRASG13D,5uM,1,24,0.971,0.997,0.876,0.872,0.766,0.709
DLD1etKRASG13D,0uM,1,48,1.000,0.873,0.631,0.470,0.394,0.416
DLD1etKRASG13D,0.5uM,1,48,0.958,0.875,0.576,0.440,0.339,0.324
DLD1etKRASG13D,1uM,1,48,0.959,0.836,0.595,0.440,0.351,0.316
DLD1etKRASG13D,2.5uM,1,48,0.928,0.875,0.607,0.409,0.303,0.312
DLD1etKRASG13D,5uM,1,48,0.967,0.848,0.576,0.407,0.314,0.320
DLD1etKRASG13D,0uM,1,72,1.000,0.861,0.561,0.370,0.282,0.306
DLD1etKRASG13D,0.5uM,1,72,1.019,0.923,0.525,0.353,0.258,0.230
DLD1etKRASG13D,1uM,1,72,1.039,0.845,0.539,0.355,0.258,0.206
DLD1etKRASG13D,2.5uM,1,72,0.963,0.861,0.530,0.338,0.226,0.214
DLD1etKRASG13D,5uM,1,72,1.034,0.846,0.515,0.307,0.210,0.210
DLD1etKRASG13D,0uM,2,24,1.000,0.916,0.816,0.796,0.847,0.855
DLD1etKRASG13D,0.5uM,2,24,0.907,0.986,0.928,0.772,0.795,0.772
DLD1etKRASG13D,1uM,2,24,1.070,0.988,0.997,0.900,0.838,0.783
DLD1etKRASG13D,2.5uM,2,24,0.994,0.988,0.930,0.885,0.758,0.762
DLD1etKRASG13D,5uM,2,24,0.975,1.014,1.007,0.847,0.767,0.753
DLD1etKRASG13D,0uM,2,48,1.000,0.825,0.627,0.500,0.451,0.459
DLD1etKRASG13D,0.5uM,2,48,0.885,0.921,0.707,0.508,0.391,0.412
DLD1etKRASG13D,1uM,2,48,1.071,0.922,0.721,0.537,0.410,0.381
DLD1etKRASG13D,2.5uM,2,48,0.931,0.910,0.644,0.520,0.345,0.324
DLD1etKRASG13D,5uM,2,48,0.942,0.921,0.757,0.478,0.323,0.318
DLD1etKRASG13D,0uM,2,72,1.000,0.799,0.506,0.335,0.289,0.324
DLD1etKRASG13D,0.5uM,2,72,0.900,0.887,0.629,0.354,0.270,0.248
DLD1etKRASG13D,1uM,2,72,1.144,0.920,0.607,0.397,0.262,0.238
DLD1etKRASG13D,2.5uM,2,72,1.035,0.927,0.566,0.363,0.239,0.207
DLD1etKRASG13D,5uM,2,72,0.998,0.916,0.638,0.335,0.193,0.206
DLD1etKRASG13D,0uM,3,24,1.000,0.923,1.003,0.888,0.821,0.852
DLD1etKRASG13D,0.5uM,3,24,0.983,0.953,0.968,0.828,0.731,0.750
DLD1etKRASG13D,1uM,3,24,0.959,0.989,0.874,0.761,0.797,0.856
DLD1etKRASG13D,2.5uM,3,24,0.993,0.995,0.939,0.786,0.701,0.796
DLD1etKRASG13D,5uM,3,24,0.997,0.985,0.891,0.752,0.862,0.813
DLD1etKRASG13D,0uM,3,48,1.000,0.916,0.772,0.551,0.446,0.469
DLD1etKRASG13D,0.5uM,3,48,0.951,0.867,0.771,0.512,0.380,0.364
DLD1etKRASG13D,1uM,3,48,0.921,0.900,0.672,0.467,0.368,0.411
DLD1etKRASG13D,2.5uM,3,48,0.973,0.913,0.704,0.467,0.331,0.357
DLD1etKRASG13D,5uM,3,48,0.975,0.915,0.698,0.457,0.396,0.348
DLD1etKRASG13D,0uM,3,72,1.000,0.874,0.690,0.409,0.278,0.310
DLD1etKRASG13D,0.5uM,3,72,0.970,0.843,0.701,0.400,0.253,0.238
DLD1etKRASG13D,1uM,3,72,0.979,0.896,0.627,0.351,0.242,0.239
DLD1etKRASG13D,2.5uM,3,72,1.008,0.958,0.636,0.335,0.193,0.213
DLD1etKRASG13D,5uM,3,72,1.083,0.976,0.638,0.346,0.229,0.207
DLD1wt,0uM,1,24,1.000,0.994,1.043,0.937,0.928,1.099
DLD1wt,0.5uM,1,24,0.972,0.937,0.954,0.969,0.843,0.929
DLD1wt,1uM,1,24,1.021,0.929,0.917,0.973,1.005,0.922
DLD1wt,2.5uM,1,24,0.991,0.955,0.860,0.885,0.883,0.859
DLD1wt,5uM,1,24,1.013,1.036,0.838,0.850,0.925,0.896
DLD1wt,0uM,1,48,1.000,0.847,0.844,0.680,0.667,0.644
DLD1wt,0.5uM,1,48,0.886,0.848,0.837,0.681,0.552,0.494
DLD1wt,1uM,1,48,0.957,0.786,0.768,0.653,0.644,0.513
DLD1wt,2.5uM,1,48,0.891,0.861,0.666,0.601,0.553,0.476
DLD1wt,5uM,1,48,0.969,0.894,0.687,0.605,0.554,0.499
DLD1wt,0uM,1,72,1.000,0.823,0.768,0.542,0.537,0.459
DLD1wt,0.5uM,1,72,0.868,0.756,0.740,0.530,0.420,0.349
DLD1wt,1uM,1,72,0.928,0.725,0.673,0.532,0.504,0.341
DLD1wt,2.5uM,1,72,0.894,0.798,0.581,0.458,0.435,0.320
DLD1wt,5uM,1,72,0.963,0.861,0.621,0.449,0.414,0.329
DLD1wt,0uM,1,96,1.000,0.724,0.663,0.451,0.444,0.384
DLD1wt,0.5uM,1,96,0.823,0.682,0.669,0.434,0.366,0.272
DLD1wt,1uM,1,96,0.931,0.692,0.605,0.426,0.450,0.269
DLD1wt,2.5uM,1,96,0.909,0.784,0.521,0.404,0.372,0.254
DLD1wt,5uM,1,96,0.999,0.906,0.587,0.396,0.353,0.245
DLD1wt,0uM,2,24,1.000,1.049,1.545,1.189,1.178,1.184
DLD1wt,0.5uM,2,24,0.978,1.009,1.386,0.960,1.103,0.903
DLD1wt,1uM,2,24,1.124,0.973,1.354,1.020,1.171,1.061
DLD1wt,2.5uM,2,24,0.910,0.985,1.328,1.093,0.987,1.017
DLD1wt,5uM,2,24,1.231,1.120,1.426,1.226,1.235,1.301
DLD1wt,0uM,2,48,1.000,0.910,1.260,0.845,0.754,0.718
DLD1wt,0.5uM,2,48,0.895,0.902,1.113,0.669,0.696,0.463
DLD1wt,1uM,2,48,1.032,0.866,1.094,0.692,0.725,0.552
DLD1wt,2.5uM,2,48,0.765,0.839,1.096,0.749,0.608,0.491
DLD1wt,5uM,2,48,1.053,1.032,1.122,0.765,0.770,0.659
DLD1wt,0uM,2,72,1.000,0.779,1.040,0.610,0.563,0.474
DLD1wt,0.5uM,2,72,0.848,0.808,0.946,0.477,0.486,0.310
DLD1wt,1uM,2,72,1.024,0.768,0.901,0.501,0.537,0.349
DLD1wt,2.5uM,2,72,0.706,0.775,0.892,0.542,0.412,0.298
DLD1wt,5uM,2,72,1.024,0.939,0.864,0.555,0.520,0.374
DLD1wt,0uM,2,96,1.000,0.693,0.888,0.482,0.455,0.370
DLD1wt,0.5uM,2,96,0.842,0.763,0.838,0.376,0.383,0.223
DLD1wt,1uM,2,96,1.027,0.711,0.776,0.402,0.411,0.240
DLD1wt,2.5uM,2,96,0.639,0.738,0.759,0.404,0.319,0.192
DLD1wt,5uM,2,96,1.002,0.941,0.783,0.447,0.388,0.246
DLD1wt,0uM,3,24,1.000,1.099,1.191,1.075,1.310,1.183
DLD1wt,0.5uM,3,24,0.942,1.108,1.105,0.966,1.262,1.039
DLD1wt,1uM,3,24,0.923,1.011,1.144,0.977,1.221,1.132
DLD1wt,2.5uM,3,24,1.287,1.233,1.426,1.366,1.161,1.292
DLD1wt,5uM,3,24,0.846,0.871,1.033,0.773,1.055,0.897
DLD1wt,0uM,3,48,1.000,0.911,0.935,0.744,0.833,0.720
DLD1wt,0.5uM,3,48,0.871,0.937,0.896,0.602,0.749,0.555
DLD1wt,1uM,3,48,0.919,0.831,0.921,0.659,0.749,0.641
DLD1wt,2.5uM,3,48,1.194,1.014,1.106,0.841,0.702,0.691
DLD1wt,5uM,3,48,0.803,0.738,0.827,0.498,0.571,0.434
DLD1wt,0uM,3,72,1.000,0.801,0.770,0.560,0.622,0.463
DLD1wt,0.5uM,3,72,0.886,0.833,0.750,0.468,0.572,0.362
DLD1wt,1uM,3,72,0.904,0.734,0.783,0.472,0.571,0.415
DLD1wt,2.5uM,3,72,1.179,0.874,0.904,0.608,0.489,0.415
DLD1wt,5uM,3,72,0.784,0.648,0.660,0.357,0.406,0.251
DLD1wt,0uM,3,96,1.000,0.682,0.624,0.423,0.481,0.316
DLD1wt,0.5uM,3,96,0.865,0.737,0.622,0.358,0.428,0.233
DLD1wt,1uM,3,96,0.899,0.658,0.647,0.367,0.437,0.273
DLD1wt,2.5uM,3,96,1.144,0.784,0.767,0.470,0.373,0.266
DLD1wt,5uM,3,96,0.780,0.601,0.566,0.282,0.315,0.175
DLD1wt,0uM,4,24,1.000,0.760,0.853,0.717,0.944,0.895
DLD1wt,0.5uM,4,24,0.812,0.860,0.751,0.672,0.654,0.927
DLD1wt,1uM,4,24,0.772,0.776,0.732,0.763,0.794,0.755
DLD1wt,2.5uM,4,24,0.863,0.847,0.743,0.753,0.609,0.593
DLD1wt,5uM,4,24,1.059,0.760,0.621,0.688,0.833,0.785
DLD1wt,0uM,4,48,1.000,0.668,0.889,0.634,0.519,0.587
DLD1wt,0.5uM,4,48,0.713,0.666,0.651,0.512,0.475,0.544
DLD1wt,1uM,4,48,0.799,0.655,0.631,0.595,0.442,0.568
DLD1wt,2.5uM,4,48,0.940,0.777,0.708,0.587,0.437,0.428
DLD1wt,5uM,4,48,0.838,0.658,0.502,0.443,0.616,0.504
DLD1wt,0uM,4,72,1.000,0.795,0.782,0.490,0.383,0.330
DLD1wt,0.5uM,4,72,0.667,0.635,0.613,0.374,0.290,0.327
DLD1wt,1uM,4,72,0.610,0.632,0.632,0.449,0.311,0.277
DLD1wt,2.5uM,4,72,0.812,0.632,0.522,0.330,0.311,0.215
DLD1wt,5uM,4,72,0.785,0.570,0.522,0.379,0.315,0.328
DLD1wt,0uM,4,96,1.000,0.745,0.816,0.521,0.312,0.236
DLD1wt,0.5uM,4,96,0.716,0.686,0.644,0.373,0.230,0.258
DLD1wt,1uM,4,96,0.759,0.603,0.633,0.361,0.245,0.196
DLD1wt,2.5uM,4,96,0.941,0.690,0.476,0.317,0.217,0.157
DLD1wt,5uM,4,96,0.862,0.632,0.521,0.284,0.254,0.218
DLD1et_wt,0uM,1,24,1.000,0.865,0.915,0.970,0.930,0.843
DLD1et_wt,0.5uM,1,24,0.912,0.887,0.822,0.848,0.804,0.760
DLD1et_wt,1uM,1,24,0.987,0.865,0.778,0.803,0.800,0.779
DLD1et_wt,2.5uM,1,24,0.913,0.848,0.707,0.786,0.793,0.749
DLD1et_wt,5uM,1,24,0.912,0.819,0.764,0.709,0.726,0.742
DLD1et_wt,0uM,1,48,1.000,0.773,0.665,0.671,0.582,0.490
DLD1et_wt,0.5uM,1,48,0.884,0.747,0.638,0.530,0.463,0.450
DLD1et_wt,1uM,1,48,0.932,0.771,0.592,0.505,0.475,0.399
DLD1et_wt,2.5uM,1,48,0.880,0.730,0.515,0.515,0.474,0.402
DLD1et_wt,5uM,1,48,0.825,0.734,0.574,0.469,0.427,0.390
DLD1et_wt,0uM,1,72,1.000,0.682,0.524,0.515,0.419,0.307
DLD1et_wt,0.5uM,1,72,0.904,0.657,0.514,0.398,0.336,0.289
DLD1et_wt,1uM,1,72,0.951,0.696,0.491,0.391,0.329,0.231
DLD1et_wt,2.5uM,1,72,0.866,0.649,0.418,0.374,0.336,0.242
DLD1et_wt,5uM,1,72,0.834,0.652,0.449,0.341,0.282,0.235
DLD1et_wt,0uM,2,24,1.000,1.125,1.060,1.020,0.943,0.910
DLD1et_wt,0.5uM,2,24,0.974,0.982,0.939,0.919,0.823,0.805
DLD1et_wt,1uM,2,24,0.944,0.928,0.940,0.836,0.884,0.795
DLD1et_wt,2.5uM,2,24,0.852,0.923,0.821,0.733,0.762,0.757
DLD1et_wt,5uM,2,24,0.844,0.802,0.789,0.706,0.736,0.726
DLD1et_wt,0uM,2,48,1.000,1.107,0.852,0.741,0.676,0.559
DLD1et_wt,0.5uM,2,48,0.980,0.863,0.724,0.632,0.516,0.478
DLD1et_wt,1uM,2,48,0.942,0.812,0.753,0.570,0.544,0.445
DLD1et_wt,2.5uM,2,48,0.806,0.802,0.656,0.516,0.467,0.435
DLD1et_wt,5uM,2,48,0.795,0.727,0.631,0.500,0.434,0.419
DLD1et_wt,0uM,2,72,1.000,0.968,0.664,0.503,0.450,0.342
DLD1et_wt,0.5uM,2,72,0.935,0.767,0.564,0.425,0.353,0.286
DLD1et_wt,1uM,2,72,0.911,0.712,0.574,0.393,0.358,0.254
DLD1et_wt,2.5uM,2,72,0.756,0.680,0.503,0.367,0.322,0.248
DLD1et_wt,5uM,2,72,0.750,0.658,0.478,0.354,0.297,0.255
DLD1et_wt,0uM,3,24,1.000,0.978,0.897,0.917,0.986,1.057
DLD1et_wt,0.5uM,3,24,0.988,0.884,0.954,0.809,0.825,0.790
DLD1et_wt,1uM,3,24,0.958,1.002,0.880,0.797,0.845,0.745
DLD1et_wt,2.5uM,3,24,0.979,0.881,0.814,0.768,0.710,0.722
DLD1et_wt,5uM,3,24,1.039,0.820,0.770,0.710,0.771,0.731
DLD1et_wt,0uM,3,48,1.000,0.896,0.775,0.714,0.648,0.728
DLD1et_wt,0.5uM,3,48,0.933,0.828,0.824,0.592,0.551,0.484
DLD1et_wt,1uM,3,48,0.935,0.896,0.720,0.588,0.538,0.488
DLD1et_wt,2.5uM,3,48,0.915,0.777,0.659,0.562,0.419,0.440
DLD1et_wt,5uM,3,48,1.034,0.773,0.640,0.507,0.449,0.442
DLD1et_wt,0uM,3,72,1.000,0.885,0.693,0.606,0.542,0.533
DLD1et_wt,0.5uM,3,72,1.031,0.879,0.798,0.478,0.442,0.365
DLD1et_wt,1uM,3,72,0.987,0.974,0.662,0.472,0.394,0.354
DLD1et_wt,2.5uM,3,72,0.985,0.807,0.602,0.456,0.356,0.308
DLD1et_wt,5uM,3,72,1.132,0.841,0.583,0.437,0.344,0.314
HCEC-1ct,0uM,1,24,1.000,0.755,0.726,0.683,0.695,0.644
HCEC-1ct,0.5uM,1,24,1.012,0.730,0.695,0.765,0.678,0.677
HCEC-1ct,1uM,1,24,0.943,0.739,0.738,0.700,0.709,0.571
HCEC-1ct,2.5uM,1,24,0.946,0.751,0.752,0.711,0.723,0.609
HCEC-1ct,5uM,1,24,1.009,0.764,0.744,0.756,0.765,0.581
HCEC-1ct,0uM,1,48,1.000,0.454,0.381,0.404,0.403,0.351
HCEC-1ct,0.5uM,1,48,0.979,0.400,0.369,0.429,0.383,0.349
HCEC-1ct,1uM,1,48,0.947,0.379,0.377,0.390,0.396,0.314
HCEC-1ct,2.5uM,1,48,0.893,0.356,0.358,0.379,0.389,0.294
HCEC-1ct,5uM,1,48,0.900,0.344,0.331,0.402,0.401,0.287
HCEC-1ct,0uM,1,72,1.000,0.343,0.290,0.306,0.297,0.264
HCEC-1ct,0.5uM,1,72,1.075,0.298,0.251,0.305,0.257,0.247
HCEC-1ct,1uM,1,72,1.041,0.287,0.246,0.265,0.259,0.209
HCEC-1ct,2.5uM,1,72,0.957,0.259,0.250,0.233,0.249,0.206
HCEC-1ct,5uM,1,72,0.943,0.228,0.223,0.261,0.253,0.202
HCEC-1ct,0uM,2,24,1.000,0.590,0.592,0.540,0.544,0.563
HCEC-1ct,0.5uM,2,24,0.950,0.623,0.610,0.620,0.516,0.585
HCEC-1ct,1uM,2,24,0.893,0.624,0.625,0.611,0.593,0.531
HCEC-1ct,2.5uM,2,24,0.967,0.615,0.597,0.630,0.654,0.559
HCEC-1ct,5uM,2,24,0.951,0.674,0.676,0.631,0.605,0.579
HCEC-1ct,0uM,2,48,1.000,0.329,0.325,0.320,0.312,0.325
HCEC-1ct,0.5uM,2,48,0.918,0.329,0.329,0.341,0.287,0.325
HCEC-1ct,1uM,2,48,0.907,0.396,0.357,0.320,0.343,0.268
HCEC-1ct,2.5uM,2,48,1.027,0.357,0.326,0.295,0.336,0.275
HCEC-1ct,5uM,2,48,0.960,0.410,0.355,0.309,0.276,0.286
HCEC-1ct,0uM,2,72,1.000,0.214,0.195,0.184,0.179,0.187
HCEC-1ct,0.5uM,2,72,0.908,0.206,0.178,0.197,0.151,0.166
HCEC-1ct,1uM,2,72,0.968,0.209,0.194,0.160,0.175,0.133
HCEC-1ct,2.5uM,2,72,0.962,0.217,0.162,0.154,0.173,0.143
HCEC-1ct,5uM,2,72,0.927,0.214,0.185,0.162,0.152,0.161
HCEC-1ct,0uM,3,24,1.000,0.624,0.622,0.613,0.573,0.570
HCEC-1ct,0.5uM,3,24,1.004,0.654,0.607,0.604,0.663,0.720
HCEC-1ct,1uM,3,24,1.046,0.693,0.681,0.657,0.616,0.589
HCEC-1ct,2.5uM,3,24,1.046,0.684,0.670,0.677,0.651,0.626
HCEC-1ct,5uM,3,24,1.126,0.715,0.654,0.691,0.714,0.603
HCEC-1ct,0uM,3,48,1.000,0.348,0.297,0.312,0.293,0.291
HCEC-1ct,0.5uM,3,48,0.870,0.339,0.303,0.334,0.284,0.330
HCEC-1ct,1uM,3,48,0.986,0.344,0.344,0.346,0.334,0.304
HCEC-1ct,2.5uM,3,48,0.971,0.331,0.316,0.344,0.334,0.297
HCEC-1ct,5uM,3,48,1.043,0.317,0.310,0.370,0.351,0.287
HCEC-1ct,0uM,3,72,1.000,0.259,0.206,0.206,0.181,0.203
HCEC-1ct,0.5uM,3,72,0.987,0.255,0.191,0.208,0.180,0.192
HCEC-1ct,1uM,3,72,1.108,0.250,0.216,0.212,0.192,0.171
HCEC-1ct,2.5uM,3,72,1.047,0.238,0.195,0.211,0.203,0.186
HCEC-1ct,5uM,3,72,0.979,0.220,0.196,0.224,0.217,0.154
HCT116,0uM,1,24,1.000,0.975,0.979,0.857,0.726,0.572
HCT116,0.5uM,1,24,0.981,1.035,0.998,0.840,0.615,0.612
HCT116,1uM,1,24,0.988,0.840,0.849,0.719,0.635,0.574
HCT116,2.5uM,1,24,0.917,0.826,0.758,0.711,0.608,0.594
HCT116,5uM,1,24,0.867,0.777,0.861,0.632,0.578,0.547
HCT116,0uM,1,48,1.000,0.882,0.832,0.636,0.540,0.367
HCT116,0.5uM,1,48,1.005,0.959,0.880,0.629,0.436,0.336
HCT116,1uM,1,48,0.976,0.751,0.707,0.493,0.421,0.362
HCT116,2.5uM,1,48,0.860,0.697,0.616,0.498,0.394,0.292
HCT116,5uM,1,48,0.811,0.736,0.696,0.440,0.353,0.297
HCT116,0uM,1,72,1.000,0.778,0.718,0.501,0.388,0.261
HCT116,0.5uM,1,72,0.961,0.842,0.744,0.438,0.314,0.223
HCT116,1uM,1,72,0.991,0.708,0.564,0.343,0.290,0.224
HCT116,2.5uM,1,72,0.857,0.626,0.489,0.334,0.260,0.174
HCT116,5uM,1,72,0.790,0.625,0.560,0.313,0.233,0.181
HCT116,0uM,1,96,1.000,0.783,0.631,0.388,0.295,0.201
HCT116,0.5uM,1,96,0.943,0.700,0.544,0.283,0.211,0.176
HCT116,1uM,1,96,0.974,0.576,0.414,0.229,0.196,0.168
HCT116,2.5uM,1,96,0.888,0.478,0.342,0.215,0.177,0.133
HCT116,5uM,1,96,0.774,0.515,0.400,0.202,0.157,0.133
HCT116,0uM,2,24,1.000,0.899,0.932,0.789,0.774,0.652
HCT116,0.5uM,2,24,0.896,0.768,0.781,0.754,0.655,0.526
HCT116,1uM,2,24,0.891,0.725,0.745,0.664,0.654,0.589
HCT116,2.5uM,2,24,0.830,0.683,0.695,0.674,0.546,0.539
HCT116,5uM,2,24,0.903,0.693,0.660,0.657,0.550,0.577
HCT116,0uM,2,48,1.000,0.792,0.755,0.651,0.576,0.441
HCT116,0.5uM,2,48,0.868,0.639,0.610,0.534,0.452,0.325
HCT116,1uM,2,48,0.805,0.637,0.625,0.485,0.436,0.365
HCT116,2.5uM,2,48,0.735,0.559,0.526,0.469,0.344,0.288
HCT116,5uM,2,48,0.821,0.577,0.498,0.458,0.352,0.317
HCT116,0uM,2,72,1.000,0.742,0.657,0.464,0.409,0.313
HCT116,0.5uM,2,72,0.816,0.538,0.478,0.371,0.304,0.210
HCT116,1uM,2,72,0.773,0.525,0.473,0.333,0.302,0.228
HCT116,2.5uM,2,72,0.711,0.475,0.398,0.320,0.227,0.181
HCT116,5uM,2,72,0.788,0.491,0.406,0.315,0.227,0.193
HCT116,0uM,2,96,1.000,0.707,0.577,0.347,0.316,0.263
HCT116,0.5uM,2,96,0.800,0.497,0.429,0.298,0.240,0.165
HCT116,1uM,2,96,0.731,0.486,0.424,0.263,0.240,0.188
HCT116,2.5uM,2,96,0.695,0.454,0.361,0.259,0.179,0.136
HCT116,5uM,2,96,0.768,0.458,0.355,0.239,0.179,0.156
HCT116,0uM,3,24,1.000,0.882,0.882,0.904,0.755,0.612
HCT116,0.5uM,3,24,0.980,0.957,0.865,0.722,0.676,0.525
HCT116,1uM,3,24,0.949,0.838,0.784,0.741,0.598,0.538
HCT116,2.5uM,3,24,0.901,0.787,0.825,0.717,0.558,0.531
HCT116,5uM,3,24,0.874,0.799,0.690,0.776,0.614,0.556
HCT116,0uM,3,48,1.000,0.766,0.750,0.697,0.558,0.439
HCT116,0.5uM,3,48,0.931,0.794,0.689,0.554,0.451,0.299
HCT116,1uM,3,48,0.841,0.712,0.604,0.545,0.399,0.299
HCT116,2.5uM,3,48,0.804,0.690,0.621,0.496,0.330,0.279
HCT116,5uM,3,48,0.765,0.694,0.513,0.545,0.341,0.286
HCT116,0uM,3,72,1.000,0.716,0.673,0.531,0.422,0.323
HCT116,0.5uM,3,72,0.940,0.743,0.619,0.405,0.351,0.228
HCT116,1uM,3,72,0.874,0.707,0.545,0.415,0.289,0.220
HCT116,2.5uM,3,72,0.860,0.683,0.519,0.358,0.246,0.198
HCT116,5uM,3,72,0.759,0.650,0.412,0.415,0.247,0.199
HCT116,0uM,3,96,1.000,0.695,0.662,0.455,0.381,0.274
HCT116,0.5uM,3,96,0.967,0.796,0.636,0.365,0.304,0.200
HCT116,1uM,3,96,0.914,0.746,0.555,0.367,0.255,0.194
HCT116,2.5uM,3,96,0.875,0.744,0.512,0.336,0.218,0.175
HCT116,5uM,3,96,0.796,0.680,0.376,0.350,0.221,0.160
HCT116,0uM,4,24,1.000,0.958,1.006,0.883,0.747,0.632
HCT116,0.5uM,4,24,1.023,0.863,0.930,0.682,0.645,0.654
HCT116,1uM,4,24,0.901,0.990,0.854,0.634,0.733,0.648
HCT116,2.5uM,4,24,0.988,0.886,0.805,0.636,0.679,0.680
HCT116,5uM,4,24,1.024,0.905,0.782,0.620,0.674,0.746
HCT116,0uM,4,48,1.000,0.836,0.816,0.603,0.524,0.422
HCT116,0.5uM,4,48,0.969,0.715,0.607,0.433,0.399,0.364
HCT116,1uM,4,48,0.873,0.751,0.639,0.354,0.392,0.388
HCT116,2.5uM,4,48,0.922,0.615,0.518,0.349,0.368,0.370
HCT116,5uM,4,48,0.944,0.606,0.473,0.365,0.332,0.450
HCT116,0uM,4,72,1.000,0.687,0.711,0.512,0.380,0.305
HCT116,0.5uM,4,72,0.943,0.615,0.528,0.341,0.287,0.259
HCT116,1uM,4,72,0.836,0.668,0.536,0.274,0.294,0.224
HCT116,2.5uM,4,72,0.883,0.532,0.417,0.266,0.265,0.240
HCT116,5uM,4,72,0.857,0.525,0.375,0.254,0.249,0.248
HCT116,0uM,4,96,1.000,0.631,0.628,0.397,0.310,0.219
HCT116,0.5uM,4,96,0.829,0.599,0.441,0.264,0.226,0.183
HCT116,1uM,4,96,0.736,0.600,0.457,0.216,0.230,0.181
HCT116,2.5uM,4,96,0.725,0.483,0.324,0.192,0.211,0.177
HCT116,5uM,4,96,0.706,0.442,0.297,0.206,0.187,0.207
HT29typ,0uM,1,24,1.000,0.922,0.746,0.672,0.542,0.471
HT29typ,0.5uM,1,24,0.913,0.825,0.709,0.549,0.513,0.540
HT29typ,1uM,1,24,0.842,0.827,0.702,0.597,0.493,0.483
HT29typ,2.5uM,1,24,0.813,0.740,0.712,0.586,0.545,0.480
HT29typ,5uM,1,24,0.799,0.688,0.768,0.556,0.551,0.437
HT29typ,0uM,1,48,1.000,0.557,0.397,0.306,0.267,0.210
HT29typ,0.5uM,1,48,0.980,0.506,0.325,0.308,0.248,0.284
HT29typ,1uM,1,48,0.809,0.530,0.355,0.292,0.253,0.228
HT29typ,2.5uM,1,48,0.731,0.449,0.380,0.286,0.277,0.261
HT29typ,5uM,1,48,0.739,0.445,0.403,0.259,0.270,0.202
HT29typ,0uM,1,72,1.000,0.422,0.266,0.175,0.158,0.106
HT29typ,0.5uM,1,72,0.966,0.371,0.188,0.166,0.176,0.164
HT29typ,1uM,1,72,0.771,0.391,0.229,0.159,0.133,0.132
HT29typ,2.5uM,1,72,0.698,0.363,0.264,0.167,0.163,0.160
HT29typ,5uM,1,72,0.672,0.356,0.285,0.168,0.155,0.132
HT29typ,0uM,1,96,1.000,0.288,0.155,0.100,0.103,0.077
HT29typ,0.5uM,1,96,1.026,0.289,0.134,0.096,0.114,0.121
HT29typ,1uM,1,96,0.737,0.356,0.182,0.091,0.081,0.095
HT29typ,2.5uM,1,96,0.665,0.300,0.196,0.103,0.098,0.115
HT29typ,5uM,1,96,0.648,0.353,0.253,0.120,0.104,0.097
HT29typ,0uM,2,24,1.000,0.872,0.846,0.703,0.622,0.563
HT29typ,0.5uM,2,24,0.881,0.863,0.781,0.703,0.603,0.680
HT29typ,1uM,2,24,0.898,0.829,0.844,0.746,0.661,0.661
HT29typ,2.5uM,2,24,0.927,0.835,0.906,0.712,0.641,0.665
HT29typ,5uM,2,24,0.907,0.847,0.884,0.744,0.666,0.689
HT29typ,0uM,2,48,1.000,0.674,0.421,0.402,0.314,0.306
HT29typ,0.5uM,2,48,0.874,0.627,0.485,0.404,0.328,0.349
HT29typ,1uM,2,48,0.889,0.581,0.474,0.438,0.394,0.415
HT29typ,2.5uM,2,48,0.856,0.558,0.569,0.426,0.384,0.403
HT29typ,5uM,2,48,0.880,0.577,0.572,0.446,0.400,0.392
HT29typ,0uM,2,72,1.000,0.500,0.261,0.247,0.174,0.159
HT29typ,0.5uM,2,72,0.861,0.414,0.290,0.228,0.179,0.230
HT29typ,1uM,2,72,0.839,0.400,0.299,0.242,0.215,0.240
HT29typ,2.5uM,2,72,0.817,0.412,0.362,0.258,0.230,0.245
HT29typ,5uM,2,72,0.858,0.391,0.346,0.253,0.233,0.237
HT29typ,0uM,2,96,1.000,0.519,0.223,0.231,0.178,0.154
HT29typ,0.5uM,2,96,0.904,0.447,0.271,0.195,0.144,0.216
HT29typ,1uM,2,96,0.876,0.419,0.274,0.211,0.178,0.233
HT29typ,2.5uM,2,96,0.890,0.459,0.389,0.229,0.201,0.232
HT29typ,5uM,2,96,0.961,0.396,0.346,0.240,0.200,0.244
HT29typ,0uM,3,24,1.000,1.085,0.875,0.940,0.716,0.631
HT29typ,0.5uM,3,24,1.139,1.060,0.998,0.807,0.848,0.753
HT29typ,1uM,3,24,1.142,1.030,0.993,1.023,0.828,0.620
HT29typ,2.5uM,3,24,1.069,1.048,0.835,0.883,0.787,0.740
HT29typ,5uM,3,24,0.961,0.978,0.951,0.930,0.910,0.711
HT29typ,0uM,3,48,1.000,0.647,0.404,0.396,0.276,0.345
HT29typ,0.5uM,3,48,1.053,0.667,0.487,0.419,0.397,0.383
HT29typ,1uM,3,48,1.161,0.682,0.509,0.527,0.362,0.340
HT29typ,2.5uM,3,48,1.004,0.749,0.519,0.502,0.409,0.368
HT29typ,5uM,3,48,0.964,0.732,0.517,0.461,0.436,0.369
HT29typ,0uM,3,72,1.000,0.442,0.234,0.240,0.176,0.181
HT29typ,0.5uM,3,72,1.107,0.510,0.340,0.246,0.228,0.239
HT29typ,1uM,3,72,1.187,0.557,0.313,0.299,0.252,0.230
HT29typ,2.5uM,3,72,1.074,0.649,0.379,0.304,0.250,0.240
HT29typ,5uM,3,72,1.075,0.656,0.409,0.325,0.278,0.239
HT29typ,0uM,3,96,1.000,0.343,0.193,0.174,0.155,0.130
HT29typ,0.5uM,3,96,1.134,0.483,0.287,0.189,0.170,0.188
HT29typ,1uM,3,96,1.166,0.518,0.231,0.229,0.146,0.164
HT29typ,2.5uM,3,96,1.222,0.664,0.301,0.220,0.185,0.202
HT29typ,5uM,3,96,1.283,0.747,0.392,0.239,0.224,0.202
LS180,0uM,1,24,1.000,0.886,0.818,0.703,0.669,0.810
LS180,0.5uM,1,24,1.050,0.823,0.818,0.697,0.673,0.776
LS180,1uM,1,24,1.079,0.801,0.765,0.739,0.691,0.775
LS180,2.5uM,1,24,1.009,0.748,0.742,0.698,0.642,0.779
LS180,5uM,1,24,1.036,0.784,0.737,0.699,0.719,0.827
LS180,0uM,1,48,1.000,0.698,0.644,0.498,0.488,0.611
LS180,0.5uM,1,48,1.030,0.685,0.592,0.485,0.473,0.576
LS180,1uM,1,48,1.019,0.662,0.581,0.482,0.460,0.521
LS180,2.5uM,1,48,1.017,0.674,0.598,0.471,0.419,0.531
LS180,5uM,1,48,1.061,0.630,0.580,0.450,0.474,0.556
LS180,0uM,1,72,1.000,0.659,0.619,0.500,0.509,0.613
LS180,0.5uM,1,72,0.940,0.644,0.590,0.471,0.490,0.524
LS180,1uM,1,72,1.077,0.631,0.565,0.478,0.454,0.498
LS180,2.5uM,1,72,1.140,0.645,0.571,0.448,0.395,0.529
LS180,5uM,1,72,1.126,0.632,0.556,0.442,0.447,0.487
LS180,0uM,1,96,1.000,0.699,0.703,0.618,0.598,0.695
LS180,0.5uM,1,96,0.780,0.717,0.691,0.576,0.554,0.616
LS180,1uM,1,96,0.962,0.697,0.617,0.588,0.512,0.575
LS180,2.5uM,1,96,1.119,0.705,0.654,0.511,0.440,0.619
LS180,5uM,1,96,1.182,0.684,0.608,0.489,0.490,0.587
LS180,0uM,2,24,1.000,0.799,0.763,0.783,0.649,0.767
LS180,0.5uM,2,24,0.973,0.802,0.775,0.698,0.673,0.758
LS180,1uM,2,24,0.972,0.770,0.704,0.761,0.704,0.678
LS180,2.5uM,2,24,0.902,0.743,0.660,0.680,0.639,0.745
LS180,5uM,2,24,0.925,0.667,0.623,0.662,0.660,0.713
LS180,0uM,2,48,1.000,0.651,0.564,0.558,0.473,0.576
LS180,0.5uM,2,48,0.981,0.642,0.579,0.490,0.433,0.517
LS180,1uM,2,48,1.030,0.620,0.527,0.506,0.463,0.461
LS180,2.5uM,2,48,0.932,0.601,0.474,0.441,0.416,0.526
LS180,5uM,2,48,0.943,0.520,0.442,0.429,0.418,0.498
LS180,0uM,2,72,1.000,0.616,0.566,0.566,0.435,0.544
LS180,0.5uM,2,72,0.989,0.606,0.559,0.486,0.425,0.484
LS180,1uM,2,72,1.162,0.596,0.537,0.514,0.443,0.428
LS180,2.5uM,2,72,1.066,0.636,0.461,0.424,0.378,0.470
LS180,5uM,2,72,0.998,0.536,0.431,0.435,0.408,0.450
LS180,0uM,2,96,1.000,0.635,0.599,0.582,0.419,0.544
LS180,0.5uM,2,96,0.944,0.592,0.584,0.515,0.414,0.489
LS180,1uM,2,96,1.194,0.619,0.511,0.523,0.455,0.437
LS180,2.5uM,2,96,1.085,0.648,0.486,0.453,0.379,0.467
LS180,5uM,2,96,0.948,0.555,0.464,0.429,0.394,0.436
LS180,0uM,3,24,1.000,0.717,0.548,0.506,0.764,0.779
LS180,0.5uM,3,24,0.865,0.724,0.500,0.535,0.676,0.711
LS180,1uM,3,24,0.936,0.700,0.586,0.556,0.666,0.765
LS180,2.5uM,3,24,0.909,0.818,0.586,0.508,0.733,0.734
LS180,5uM,3,24,0.962,0.843,0.587,0.563,0.742,0.743
LS180,0uM,3,48,1.000,0.586,0.396,0.345,0.528,0.575
LS180,0.5uM,3,48,0.949,0.556,0.337,0.326,0.426,0.551
LS180,1uM,3,48,1.021,0.551,0.417,0.341,0.443,0.569
LS180,2.5uM,3,48,0.980,0.647,0.433,0.313,0.453,0.532
LS180,5uM,3,48,1.007,0.700,0.462,0.386,0.502,0.557
LS180,0uM,3,72,1.000,0.546,0.374,0.314,0.466,0.520
LS180,0.5uM,3,72,0.957,0.533,0.324,0.317,0.403,0.492
LS180,1uM,3,72,1.104,0.514,0.395,0.327,0.397,0.486
LS180,2.5uM,3,72,1.006,0.613,0.398,0.292,0.404,0.480
LS180,5uM,3,72,1.051,0.676,0.440,0.364,0.429,0.516
LS180,0uM,3,96,1.000,0.494,0.359,0.292,0.459,0.474
LS180,0.5uM,3,96,0.851,0.492,0.308,0.309,0.371,0.449
LS180,1uM,3,96,1.036,0.484,0.364,0.307,0.373,0.458
LS180,2.5uM,3,96,0.931,0.576,0.373,0.269,0.396,0.426
LS180,5uM,3,96,0.996,0.622,0.407,0.341,0.410,0.455
SW48-,0uM,1,24,1.000,0.872,0.850,0.505,0.443,0.594
SW48-,0.5uM,1,24,0.944,0.801,0.758,0.381,0.352,0.495
SW48-,1uM,1,24,0.844,0.765,0.794,0.393,0.405,0.495
SW48-,2.5uM,1,24,0.898,0.797,0.706,0.400,0.372,0.488
SW48-,5uM,1,24,0.959,0.887,0.746,0.419,0.390,0.463
SW48-,0uM,1,48,1.000,0.672,0.611,0.181,0.162,0.152
SW48-,0.5uM,1,48,0.894,0.635,0.523,0.135,0.108,0.121
SW48-,1uM,1,48,0.846,0.540,0.504,0.135,0.123,0.105
SW48-,2.5uM,1,48,0.819,0.544,0.406,0.129,0.105,0.099
SW48-,5uM,1,48,0.826,0.618,0.399,0.136,0.096,0.104
SW48-,0uM,1,72,1.000,0.544,0.432,0.121,0.076,0.064
SW48-,0.5uM,1,72,0.919,0.534,0.391,0.070,0.048,0.043
SW48-,1uM,1,72,0.855,0.465,0.368,0.077,0.047,0.037
SW48-,2.5uM,1,72,0.794,0.443,0.293,0.061,0.052,0.032
SW48-,5uM,1,72,0.773,0.555,0.279,0.063,0.037,0.031
SW48-,0uM,1,96,1.000,0.510,0.396,0.078,0.053,0.033
SW48-,0.5uM,1,96,0.922,0.499,0.348,0.043,0.041,0.021
SW48-,1uM,1,96,0.910,0.450,0.324,0.038,0.029,0.021
SW48-,2.5uM,1,96,0.825,0.438,0.242,0.049,0.025,0.011
SW48-,5uM,1,96,0.922,0.541,0.247,0.051,0.027,0.018
SW48-,0uM,2,24,1.000,0.844,0.754,0.473,0.408,0.579
SW48-,0.5uM,2,24,0.902,0.756,0.683,0.418,0.343,0.425
SW48-,1uM,2,24,0.863,0.699,0.752,0.415,0.393,0.462
SW48-,2.5uM,2,24,0.780,0.668,0.595,0.355,0.382,0.376
SW48-,5uM,2,24,0.816,0.646,0.651,0.352,0.420,0.376
SW48-,0uM,2,48,1.000,0.747,0.615,0.193,0.129,0.124
SW48-,0.5uM,2,48,0.952,0.580,0.499,0.154,0.124,0.117
SW48-,1uM,2,48,0.824,0.515,0.545,0.149,0.139,0.114
SW48-,2.5uM,2,48,0.801,0.541,0.408,0.134,0.120,0.083
SW48-,5uM,2,48,0.861,0.510,0.395,0.106,0.127,0.073
SW48-,0uM,2,72,1.000,0.556,0.448,0.118,0.062,0.053
SW48-,0.5uM,2,72,0.894,0.489,0.385,0.078,0.058,0.030
SW48-,1uM,2,72,0.802,0.468,0.399,0.083,0.063,0.046
SW48-,2.5uM,2,72,0.753,0.422,0.277,0.063,0.045,0.027
SW48-,5uM,2,72,0.818,0.406,0.300,0.048,0.051,0.027
SW48-,0uM,2,96,1.000,0.551,0.393,0.080,0.046,0.030
SW48-,0.5uM,2,96,0.985,0.455,0.381,0.055,0.029,0.012
SW48-,1uM,2,96,0.841,0.443,0.377,0.044,0.031,0.021
SW48-,2.5uM,2,96,0.821,0.391,0.233,0.045,0.025,0.010
SW48-,5uM,2,96,0.885,0.390,0.237,0.034,0.020,0.004
SW48-,0uM,3,24,1.000,0.745,0.707,0.436,0.516,0.600
SW48-,0.5uM,3,24,0.801,0.593,0.576,0.388,0.388,0.422
SW48-,1uM,3,24,0.739,0.581,0.575,0.350,0.378,0.412
SW48-,2.5uM,3,24,0.760,0.566,0.624,0.371,0.361,0.419
SW48-,5uM,3,24,0.683,0.529,0.484,0.328,0.373,0.378
SW48-,0uM,3,48,1.000,0.679,0.504,0.155,0.164,0.167
SW48-,0.5uM,3,48,0.814,0.485,0.366,0.116,0.119,0.092
SW48-,1uM,3,48,0.701,0.451,0.333,0.097,0.097,0.077
SW48-,2.5uM,3,48,0.742,0.489,0.410,0.123,0.108,0.099
SW48-,5uM,3,48,0.644,0.378,0.278,0.086,0.096,0.070
SW48-,0uM,3,72,1.000,0.564,0.378,0.088,0.086,0.062
SW48-,0.5uM,3,72,0.815,0.398,0.272,0.061,0.050,0.035
SW48-,1uM,3,72,0.687,0.390,0.257,0.050,0.045,0.031
SW48-,2.5uM,3,72,0.730,0.436,0.325,0.067,0.047,0.035
SW48-,5uM,3,72,0.632,0.321,0.182,0.040,0.039,0.021
SW48-,0uM,3,96,1.000,0.586,0.375,0.067,0.060,0.036
SW48-,0.5uM,3,96,0.829,0.418,0.253,0.049,0.037,0.020
SW48-,1uM,3,96,0.687,0.391,0.228,0.040,0.031,0.014
SW48-,2.5uM,3,96,0.745,0.439,0.297,0.048,0.035,0.022
SW48-,5uM,3,96,0.640,0.316,0.153,0.030,0.021,0.010
SW403,0uM,1,24,1.000,0.859,1.068,0.922,0.906,0.843
SW403,0.5uM,1,24,1.011,0.877,0.694,0.867,0.776,0.861
SW403,1uM,1,24,0.898,0.765,0.808,0.888,0.841,0.771
SW403,2.5uM,1,24,1.012,0.853,0.868,0.705,0.832,0.753
SW403,5uM,1,24,0.864,0.798,0.847,0.741,0.679,0.781
SW403,0uM,1,48,1.000,0.541,0.648,0.470,0.525,0.590
SW403,0.5uM,1,48,0.974,0.482,0.315,0.423,0.387,0.577
SW403,1uM,1,48,0.873,0.452,0.350,0.328,0.421,0.454
SW403,2.5uM,1,48,1.012,0.397,0.359,0.301,0.366,0.485
SW403,5uM,1,48,0.911,0.387,0.340,0.324,0.310,0.365
SW403,0uM,1,72,1.000,0.352,0.367,0.285,0.355,0.436
SW403,0.5uM,1,72,1.028,0.276,0.180,0.200,0.222,0.350
SW403,1uM,1,72,0.904,0.230,0.177,0.198,0.234,0.321
SW403,2.5uM,1,72,1.043,0.199,0.207,0.139,0.211,0.270
SW403,5uM,1,72,1.010,0.206,0.178,0.179,0.141,0.257
SW403,0uM,1,96,1.000,0.171,0.169,0.180,0.217,0.246
SW403,0.5uM,1,96,1.015,0.142,0.074,0.118,0.143,0.234
SW403,1uM,1,96,0.891,0.104,0.081,0.097,0.117,0.178
SW403,2.5uM,1,96,1.038,0.096,0.081,0.054,0.089,0.128
SW403,5uM,1,96,0.897,0.079,0.063,0.088,0.082,0.119
SW403,0uM,2,24,1.000,0.990,1.162,0.731,0.850,1.066
SW403,0.5uM,2,24,0.782,0.810,0.748,0.614,0.425,0.705
SW403,1uM,2,24,0.580,0.541,0.672,0.539,0.574,0.864
SW403,2.5uM,2,24,0.603,0.678,0.482,0.380,0.430,0.605
SW403,5uM,2,24,0.603,0.339,0.338,0.265,0.291,0.175
SW403,0uM,2,48,1.000,0.490,0.532,0.509,0.625,0.616
SW403,0.5uM,2,48,1.080,0.480,0.467,0.442,0.472,0.570
SW403,1uM,2,48,1.075,0.448,0.414,0.405,0.495,0.619
SW403,2.5uM,2,48,1.066,0.332,0.377,0.379,0.385,0.418
SW403,5uM,2,48,1.023,0.389,0.362,0.366,0.374,0.427
SW403,0uM,2,72,1.000,0.302,0.291,0.281,0.375,0.390
SW403,0.5uM,2,72,1.031,0.256,0.217,0.201,0.237,0.323
SW403,1uM,2,72,1.133,0.213,0.218,0.203,0.246,0.349
SW403,2.5uM,2,72,1.059,0.147,0.142,0.133,0.142,0.197
SW403,5uM,2,72,1.038,0.188,0.136,0.151,0.159,0.185
SW403,0uM,2,96,1.000,0.203,0.206,0.185,0.262,0.273
SW403,0.5uM,2,96,1.014,0.159,0.110,0.110,0.139,0.203
SW403,1uM,2,96,1.087,0.120,0.109,0.105,0.135,0.219
SW403,2.5uM,2,96,1.044,0.090,0.060,0.092,0.078,0.134
SW403,5uM,2,96,0.999,0.100,0.092,0.081,0.072,0.121
SW403,0uM,3,24,1.000,0.984,1.100,1.068,1.083,1.057
SW403,0.5uM,3,24,0.812,0.757,0.880,0.866,0.926,0.913
SW403,1uM,3,24,0.926,0.848,0.982,0.886,1.089,0.976
SW403,2.5uM,3,24,0.842,0.805,0.762,0.780,0.949,0.755
SW403,5uM,3,24,0.842,0.846,0.716,0.759,0.951,0.847
SW403,0uM,3,48,1.000,0.655,0.594,0.622,0.614,0.913
SW403,0.5uM,3,48,0.820,0.398,0.411,0.408,0.468,0.650
SW403,1uM,3,48,0.922,0.425,0.437,0.418,0.543,0.683
SW403,2.5uM,3,48,0.908,0.405,0.358,0.294,0.439,0.486
SW403,5uM,3,48,0.854,0.450,0.337,0.321,0.394,0.508
SW403,0uM,3,72,1.000,0.388,0.357,0.368,0.389,0.676
SW403,0.5uM,3,72,0.864,0.215,0.181,0.206,0.285,0.417
SW403,1uM,3,72,0.955,0.247,0.200,0.196,0.257,0.466
SW403,2.5uM,3,72,1.001,0.191,0.153,0.143,0.198,0.269
SW403,5uM,3,72,0.873,0.230,0.126,0.132,0.198,0.255
SW403,0uM,3,96,1.000,0.272,0.227,0.216,0.232,0.479
SW403,0.5uM,3,96,0.804,0.142,0.096,0.133,0.156,0.256
SW403,1uM,3,96,0.924,0.123,0.104,0.097,0.167,0.261
SW403,2.5uM,3,96,0.980,0.099,0.068,0.082,0.115,0.148
SW403,5uM,3,96,0.829,0.145,0.070,0.053,0.094,0.130
SW480,0uM,1,24,1.000,0.997,0.996,0.963,0.924,0.751
SW480,0.5uM,1,24,0.932,1.043,1.030,0.870,0.959,0.808
SW480,1uM,1,24,0.957,0.972,0.895,0.942,0.958,0.819
SW480,2.5uM,1,24,0.886,0.916,0.883,1.000,0.815,0.801
SW480,5uM,1,24,0.932,0.935,0.809,0.813,0.864,0.752
SW480,0uM,1,48,1.000,0.861,0.771,0.690,0.622,0.485
SW480,0.5uM,1,48,0.811,0.852,0.723,0.589,0.645,0.469
SW480,1uM,1,48,0.903,0.804,0.633,0.618,0.622,0.466
SW480,2.5uM,1,48,0.829,0.773,0.671,0.660,0.501,0.424
SW480,5uM,1,48,0.848,0.758,0.609,0.557,0.561,0.449
SW480,0uM,1,72,1.000,0.757,0.625,0.531,0.457,0.349
SW480,0.5uM,1,72,0.876,0.805,0.606,0.446,0.454,0.307
SW480,1uM,1,72,0.967,0.707,0.565,0.474,0.453,0.318
SW480,2.5uM,1,72,0.887,0.721,0.576,0.488,0.385,0.300
SW480,5uM,1,72,0.856,0.688,0.534,0.408,0.391,0.330
SW480,0uM,1,96,1.000,0.666,0.525,0.419,0.341,0.237
SW480,0.5uM,1,96,0.872,0.722,0.476,0.304,0.330,0.221
SW480,1uM,1,96,0.944,0.552,0.395,0.316,0.302,0.243
SW480,2.5uM,1,96,0.876,0.591,0.412,0.312,0.245,0.211
SW480,5uM,1,96,0.869,0.579,0.374,0.263,0.261,0.225
SW480,0uM,2,24,1.000,0.931,0.978,0.942,1.026,0.888
SW480,0.5uM,2,24,1.191,1.128,1.053,0.947,0.936,0.799
SW480,1uM,2,24,1.125,0.987,1.008,0.917,0.949,0.879
SW480,2.5uM,2,24,1.122,0.933,0.948,0.914,0.975,0.895
SW480,5uM,2,24,1.045,0.962,0.993,0.854,0.791,1.000
SW480,0uM,2,48,1.000,0.816,0.771,0.689,0.698,0.568
SW480,0.5uM,2,48,1.118,0.868,0.767,0.667,0.616,0.462
SW480,1uM,2,48,1.105,0.815,0.741,0.638,0.601,0.494
SW480,2.5uM,2,48,1.047,0.800,0.682,0.610,0.607,0.529
SW480,5uM,2,48,1.007,0.792,0.707,0.587,0.527,0.541
SW480,0uM,2,72,1.000,0.721,0.655,0.525,0.506,0.374
SW480,0.5uM,2,72,1.221,0.782,0.651,0.494,0.409,0.310
SW480,1uM,2,72,1.156,0.675,0.622,0.465,0.423,0.346
SW480,2.5uM,2,72,1.113,0.692,0.539,0.434,0.412,0.362
SW480,5uM,2,72,1.099,0.668,0.569,0.432,0.352,0.361
SW480,0uM,2,96,1.000,0.654,0.585,0.405,0.370,0.271
SW480,0.5uM,2,96,1.222,0.701,0.574,0.393,0.308,0.246
SW480,1uM,2,96,1.160,0.618,0.513,0.348,0.314,0.239
SW480,2.5uM,2,96,1.122,0.693,0.491,0.362,0.313,0.265
SW480,5uM,2,96,1.139,0.637,0.505,0.323,0.264,0.266
SW480,0uM,3,24,1.000,1.065,1.274,1.071,1.140,0.763
SW480,0.5uM,3,24,0.973,0.872,0.852,0.846,1.014,0.772
SW480,1uM,3,24,1.026,1.110,1.206,0.922,1.106,0.734
SW480,2.5uM,3,24,0.953,0.911,0.794,0.809,0.971,0.773
SW480,5uM,3,24,0.890,0.846,0.840,0.729,0.924,0.739
SW480,0uM,3,48,1.000,0.890,0.971,0.770,0.753,0.467
SW480,0.5uM,3,48,0.962,0.721,0.619,0.579,0.609,0.421
SW480,1uM,3,48,1.060,0.855,0.880,0.593,0.667,0.447
SW480,2.5uM,3,48,0.865,0.695,0.577,0.521,0.588,0.401
SW480,5uM,3,48,0.820,0.655,0.610,0.469,0.514,0.451
SW480,0uM,3,72,1.000,0.823,0.743,0.559,0.537,0.351
SW480,0.5uM,3,72,0.951,0.614,0.463,0.421,0.439,0.308
SW480,1uM,3,72,1.117,0.742,0.699,0.434,0.464,0.296
SW480,2.5uM,3,72,0.903,0.636,0.458,0.371,0.396,0.266
SW480,5uM,3,72,0.831,0.571,0.471,0.345,0.370,0.278
SW480,0uM,3,96,1.000,0.746,0.638,0.415,0.437,0.253
SW480,0.5uM,3,96,0.984,0.531,0.383,0.296,0.308,0.212
SW480,1uM,3,96,1.190,0.674,0.581,0.325,0.327,0.197
SW480,2.5uM,3,96,0.899,0.545,0.343,0.248,0.263,0.180
SW480,5uM,3,96,0.842,0.527,0.375,0.215,0.249,0.185
SW620,0uM,1,24,1.000,1.073,0.995,0.807,0.644,0.670
SW620,0.5uM,1,24,1.024,0.925,0.982,0.640,0.654,0.634
SW620,1uM,1,24,1.107,1.031,0.992,0.625,0.665,0.689
SW620,2.5uM,1,24,0.995,0.857,0.831,0.571,0.582,0.584
SW620,5uM,1,24,1.054,0.797,0.842,0.553,0.572,0.678
SW620,0uM,1,48,1.000,0.778,0.918,0.447,0.371,0.327
SW620,0.5uM,1,48,0.880,0.827,0.877,0.372,0.376,0.364
SW620,1uM,1,48,1.083,0.980,0.863,0.376,0.347,0.311
SW620,2.5uM,1,48,0.863,0.743,0.710,0.352,0.321,0.258
SW620,5uM,1,48,0.961,0.713,0.701,0.323,0.299,0.299
SW620,0uM,1,72,1.000,0.639,0.812,0.237,0.186,0.157
SW620,0.5uM,1,72,0.843,0.823,0.785,0.200,0.197,0.171
SW620,1uM,1,72,0.998,0.893,0.810,0.212,0.184,0.133
SW620,2.5uM,1,72,0.798,0.671,0.635,0.185,0.171,0.103
SW620,5uM,1,72,0.890,0.629,0.617,0.173,0.133,0.114
SW620,0uM,1,96,1.000,0.520,0.753,0.148,0.094,0.083
SW620,0.5uM,1,96,0.781,0.710,0.687,0.112,0.110,0.086
SW620,1uM,1,96,0.878,0.809,0.713,0.113,0.110,0.084
SW620,2.5uM,1,96,0.660,0.591,0.499,0.107,0.084,0.050
SW620,5uM,1,96,0.755,0.561,0.529,0.093,0.061,0.049
SW620,0uM,2,24,1.000,0.713,0.758,0.641,0.605,0.593
SW620,0.5uM,2,24,0.909,0.837,0.770,0.618,0.523,0.580
SW620,1uM,2,24,0.859,0.806,0.753,0.651,0.538,0.575
SW620,2.5uM,2,24,0.877,0.951,0.804,0.536,0.510,0.490
SW620,5uM,2,24,0.873,0.763,0.730,0.570,0.512,0.548
SW620,0uM,2,48,1.000,0.629,0.578,0.334,0.334,0.352
SW620,0.5uM,2,48,0.911,0.679,0.625,0.335,0.327,0.340
SW620,1uM,2,48,0.819,0.707,0.555,0.374,0.294,0.302
SW620,2.5uM,2,48,0.750,0.702,0.575,0.319,0.310,0.255
SW620,5uM,2,48,0.763,0.671,0.527,0.298,0.300,0.282
SW620,0uM,2,72,1.000,0.622,0.499,0.200,0.183,0.179
SW620,0.5uM,2,72,0.934,0.683,0.542,0.172,0.183,0.177
SW620,1uM,2,72,0.834,0.710,0.498,0.210,0.163,0.177
SW620,2.5uM,2,72,0.775,0.693,0.526,0.169,0.165,0.127
SW620,5uM,2,72,0.778,0.636,0.456,0.170,0.179,0.121
SW620,0uM,2,96,1.000,0.604,0.438,0.120,0.113,0.102
SW620,0.5uM,2,96,0.909,0.664,0.503,0.102,0.113,0.109
SW620,1uM,2,96,0.841,0.676,0.471,0.112,0.088,0.088
SW620,2.5uM,2,96,0.782,0.718,0.512,0.108,0.093,0.074
SW620,5uM,2,96,0.762,0.623,0.443,0.109,0.091,0.074
SW620,0uM,3,24,1.000,1.043,0.821,0.827,0.768,0.738
SW620,0.5uM,3,24,0.900,0.681,0.694,0.477,0.448,0.453
SW620,1uM,3,24,0.902,0.621,0.635,0.471,0.398,0.444
SW620,2.5uM,3,24,0.949,0.601,0.607,0.422,0.516,0.433
SW620,5uM,3,24,0.894,0.669,0.679,0.488,0.447,0.411
SW620,0uM,3,48,1.000,1.088,0.731,0.489,0.542,0.445
SW620,0.5uM,3,48,0.829,0.650,0.557,0.300,0.271,0.293
SW620,1uM,3,48,0.891,0.569,0.467,0.271,0.255,0.270
SW620,2.5uM,3,48,0.888,0.508,0.493,0.243,0.304,0.274
SW620,5uM,3,48,0.803,0.562,0.515,0.267,0.272,0.257
SW620,0uM,3,72,1.000,1.125,0.694,0.287,0.291,0.228
SW620,0.5uM,3,72,0.909,0.661,0.512,0.172,0.168,0.162
SW620,1uM,3,72,0.921,0.584,0.419,0.168,0.155,0.143
SW620,2.5uM,3,72,0.850,0.508,0.472,0.135,0.208,0.157
SW620,5uM,3,72,0.839,0.544,0.454,0.158,0.172,0.119
SW620,0uM,3,96,1.000,1.186,0.719,0.219,0.203,0.190
SW620,0.5uM,3,96,0.934,0.684,0.550,0.115,0.121,0.116
SW620,1uM,3,96,0.941,0.622,0.433,0.108,0.111,0.112
SW620,2.5uM,3,96,0.903,0.570,0.502,0.091,0.138,0.094
SW620,5uM,3,96,0.938,0.577,0.482,0.092,0.115,0.071
SW837,0uM,1,24,1.000,0.891,0.942,0.866,0.810,0.740
SW837,0.5uM,1,24,0.992,0.852,0.792,0.823,0.804,0.826
SW837,1uM,1,24,0.936,0.880,0.815,0.714,0.795,0.771
SW837,2.5uM,1,24,0.965,0.800,0.863,0.778,0.817,0.853
SW837,5uM,1,24,1.026,0.878,0.883,0.819,0.746,0.839
SW837,0uM,1,48,1.000,0.633,0.637,0.520,0.521,0.442
SW837,0.5uM,1,48,0.864,0.629,0.532,0.472,0.479,0.480
SW837,1uM,1,48,0.887,0.617,0.601,0.428,0.494,0.468
SW837,2.5uM,1,48,0.836,0.592,0.600,0.516,0.457,0.476
SW837,5uM,1,48,0.915,0.622,0.615,0.502,0.427,0.486
SW837,0uM,1,72,1.000,0.521,0.523,0.402,0.363,0.322
SW837,0.5uM,1,72,0.933,0.522,0.484,0.377,0.380,0.357
SW837,1uM,1,72,0.923,0.551,0.467,0.295,0.350,0.346
SW837,2.5uM,1,72,0.788,0.490,0.463,0.399,0.345,0.354
SW837,5uM,1,72,0.891,0.492,0.465,0.358,0.312,0.352
SW837,0uM,1,96,1.000,0.499,0.507,0.356,0.282,0.269
SW837,0.5uM,1,96,0.932,0.486,0.433,0.314,0.309,0.279
SW837,1uM,1,96,0.921,0.513,0.458,0.282,0.295,0.296
SW837,2.5uM,1,96,0.796,0.460,0.415,0.308,0.280,0.295
SW837,5uM,1,96,0.896,0.434,0.437,0.298,0.262,0.280
SW837,0uM,2,24,1.000,0.796,0.795,0.729,0.768,0.664
SW837,0.5uM,2,24,0.869,0.795,0.752,0.704,0.728,0.704
SW837,1uM,2,24,0.789,0.782,0.805,0.732,0.689,0.761
SW837,2.5uM,2,24,0.993,0.729,0.783,0.757,0.669,0.691
SW837,5uM,2,24,0.824,0.757,0.771,0.702,0.694,0.709
SW837,0uM,2,48,1.000,0.527,0.461,0.436,0.419,0.382
SW837,0.5uM,2,48,0.784,0.543,0.464,0.431,0.424,0.458
SW837,1uM,2,48,0.749,0.496,0.527,0.415,0.391,0.479
SW837,2.5uM,2,48,0.875,0.499,0.535,0.457,0.388,0.391
SW837,5uM,2,48,0.726,0.492,0.493,0.458,0.388,0.422
SW837,0uM,2,72,1.000,0.446,0.396,0.297,0.320,0.276
SW837,0.5uM,2,72,0.776,0.434,0.402,0.299,0.318,0.297
SW837,1uM,2,72,0.761,0.389,0.398,0.302,0.295,0.303
SW837,2.5uM,2,72,0.864,0.369,0.398,0.317,0.250,0.299
SW837,5uM,2,72,0.741,0.384,0.386,0.309,0.298,0.268
SW837,0uM,2,96,1.000,0.393,0.342,0.247,0.243,0.215
SW837,0.5uM,2,96,0.741,0.444,0.330,0.251,0.237,0.237
SW837,1uM,2,96,0.732,0.391,0.347,0.249,0.216,0.242
SW837,2.5uM,2,96,0.855,0.356,0.338,0.265,0.210,0.222
SW837,5uM,2,96,0.725,0.355,0.356,0.262,0.223,0.217
SW837,0uM,3,24,1.000,0.817,0.756,0.694,0.729,0.775
SW837,0.5uM,3,24,0.928,0.688,0.633,0.581,0.619,0.536
SW837,1uM,3,24,0.839,0.655,0.679,0.560,0.662,0.601
SW837,2.5uM,3,24,0.877,0.703,0.654,0.620,0.613,0.633
SW837,5uM,3,24,0.963,0.635,0.595,0.640,0.603,0.582
SW837,0uM,3,48,1.000,0.633,0.560,0.457,0.450,0.489
SW837,0.5uM,3,48,0.934,0.532,0.434,0.388,0.405,0.348
SW837,1uM,3,48,0.847,0.511,0.454,0.380,0.428,0.397
SW837,2.5uM,3,48,0.925,0.506,0.445,0.395,0.383,0.379
SW837,5uM,3,48,0.923,0.483,0.386,0.387,0.360,0.416
SW837,0uM,3,72,1.000,0.558,0.463,0.341,0.316,0.342
SW837,0.5uM,3,72,0.894,0.435,0.345,0.279,0.277,0.253
SW837,1uM,3,72,0.805,0.412,0.372,0.254,0.305,0.264
SW837,2.5uM,3,72,0.905,0.415,0.350,0.272,0.296,0.261
SW837,5uM,3,72,0.868,0.393,0.329,0.270,0.265,0.298
SW837,0uM,3,96,1.000,0.462,0.396,0.234,0.215,0.235
SW837,0.5uM,3,96,0.864,0.352,0.283,0.185,0.203,0.174
SW837,1uM,3,96,0.782,0.332,0.271,0.187,0.217,0.178
SW837,2.5uM,3,96,0.882,0.382,0.257,0.183,0.202,0.183
SW837,5uM,3,96,0.834,0.319,0.258,0.200,0.181,0.204
SW948 (3rep),0uM,1,24,1.000,0.952,1.080,1.215,1.031,1.128
SW948 (3rep),0.5uM,1,24,1.014,1.023,0.984,0.979,0.973,0.996
SW948 (3rep),1uM,1,24,1.022,1.024,1.029,0.911,1.000,1.039
SW948 (3rep),2.5uM,1,24,0.952,0.978,0.838,0.956,1.004,0.858
SW948 (3rep),5uM,1,24,1.020,1.028,1.127,0.998,1.093,1.056
SW948 (3rep),0uM,1,48,1.000,1.035,1.029,1.060,0.811,0.774
SW948 (3rep),0.5uM,1,48,1.054,1.157,0.939,0.802,0.797,0.753
SW948 (3rep),1uM,1,48,1.155,1.055,0.928,0.820,0.822,0.660
SW948 (3rep),2.5uM,1,48,0.930,1.003,0.846,0.824,0.798,0.632
SW948 (3rep),5uM,1,48,1.002,1.143,1.025,0.919,0.889,0.720
SW948 (3rep),0uM,1,72,1.000,0.957,0.955,0.863,0.642,0.558
SW948 (3rep),0.5uM,1,72,1.024,1.017,0.841,0.669,0.612,0.508
SW948 (3rep),1uM,1,72,1.073,1.051,0.849,0.659,0.639,0.482
SW948 (3rep),2.5uM,1,72,0.883,0.944,0.891,0.745,0.637,0.425
SW948 (3rep),5uM,1,72,0.913,1.009,0.958,0.777,0.734,0.510
SW948 (3rep),0uM,1,96,1.000,0.972,0.880,0.765,0.533,0.479
SW948 (3rep),0.5uM,1,96,1.092,1.090,0.739,0.570,0.558,0.408
SW948 (3rep),1uM,1,96,1.125,1.015,0.844,0.619,0.593,0.342
SW948 (3rep),2.5uM,1,96,0.910,0.999,0.813,0.690,0.602,0.298
SW948 (3rep),5uM,1,96,0.976,1.086,1.010,0.753,0.676,0.438
SW948 (3rep),0uM,2,24,1.000,0.950,0.822,0.906,0.806,0.981
SW948 (3rep),0.5uM,2,24,1.018,0.968,0.951,0.910,0.916,0.938
SW948 (3rep),1uM,2,24,0.980,0.943,0.796,0.872,0.976,0.955
SW948 (3rep),2.5uM,2,24,1.011,0.924,0.768,0.838,0.960,0.912
SW948 (3rep),5uM,2,24,0.934,0.910,0.986,0.833,0.838,0.822
SW948 (3rep),0uM,2,48,1.000,0.860,0.784,0.737,0.689,0.681
SW948 (3rep),0.5uM,2,48,1.005,0.961,0.900,0.782,0.730,0.632
SW948 (3rep),1uM,2,48,0.914,0.856,0.793,0.743,0.773,0.635
SW948 (3rep),2.5uM,2,48,1.004,0.935,0.778,0.716,0.782,0.582
SW948 (3rep),5uM,2,48,0.836,0.892,0.860,0.668,0.617,0.495
SW948 (3rep),0uM,2,72,1.000,0.815,0.747,0.662,0.579,0.495
SW948 (3rep),0.5uM,2,72,1.077,0.896,0.798,0.591,0.636,0.487
SW948 (3rep),1uM,2,72,0.910,0.890,0.736,0.658,0.631,0.474
SW948 (3rep),2.5uM,2,72,1.022,0.887,0.717,0.647,0.629,0.399
SW948 (3rep),5uM,2,72,0.861,0.887,0.881,0.616,0.536,0.394
SW948 (3rep),0uM,2,96,1.000,0.838,0.751,0.591,0.500,0.370
SW948 (3rep),0.5uM,2,96,1.090,0.974,0.783,0.560,0.539,0.372
SW948 (3rep),1uM,2,96,0.871,0.924,0.734,0.573,0.549,0.382
SW948 (3rep),2.5uM,2,96,1.019,0.940,0.696,0.601,0.590,0.335
SW948 (3rep),5uM,2,96,0.840,0.934,0.959,0.580,0.508,0.338
SW948 (3rep),0uM,3,24,1.000,1.016,1.225,1.139,1.044,0.934
SW948 (3rep),0.5uM,3,24,1.071,1.034,1.077,1.013,1.033,0.967
SW948 (3rep),1uM,3,24,0.997,1.007,1.119,0.994,0.943,0.976
SW948 (3rep),2.5uM,3,24,0.988,1.043,1.114,0.914,0.961,0.878
SW948 (3rep),5uM,3,24,0.922,1.077,1.173,1.115,0.901,0.927
SW948 (3rep),0uM,3,48,1.000,0.891,1.008,0.869,0.766,0.699
SW948 (3rep),0.5uM,3,48,0.978,0.867,0.901,0.786,0.736,0.669
SW948 (3rep),1uM,3,48,0.951,0.871,0.879,0.680,0.685,0.667
SW948 (3rep),2.5uM,3,48,0.942,0.851,0.924,0.628,0.675,0.559
SW948 (3rep),5uM,3,48,0.833,0.908,0.936,0.789,0.604,0.574
SW948 (3rep),0uM,3,72,1.000,0.872,0.975,0.720,0.587,0.495
SW948 (3rep),0.5uM,3,72,0.996,0.841,0.781,0.649,0.608,0.477
SW948 (3rep),1uM,3,72,0.895,0.778,0.839,0.562,0.546,0.539
SW948 (3rep),2.5uM,3,72,0.921,0.865,0.846,0.496,0.551,0.433
SW948 (3rep),5uM,3,72,0.767,0.828,0.916,0.687,0.496,0.430
SW948 (3rep),0uM,3,96,1.000,0.861,0.913,0.626,0.515,0.406
SW948 (3rep),0.5uM,3,96,0.974,0.770,0.740,0.582,0.544,0.390
SW948 (3rep),1uM,3,96,0.874,0.766,0.797,0.479,0.483,0.425
SW948 (3rep),2.5uM,3,96,0.901,0.833,0.865,0.456,0.510,0.367
SW948 (3rep),5uM,3,96,0.833,0.803,0.886,0.657,0.455,0.328
WiDR,0uM,1,24,1.000,0.951,0.866,0.745,0.760,0.787
WiDR,0.5uM,1,24,0.918,0.849,0.824,0.819,0.670,0.678
WiDR,1uM,1,24,0.897,0.885,0.766,0.722,0.685,0.696
WiDR,2.5uM,1,24,0.819,0.792,0.727,0.711,0.676,0.669
WiDR,5uM,1,24,0.759,0.784,0.734,0.713,0.663,0.602
WiDR,0uM,1,48,1.000,0.650,0.518,0.376,0.364,0.288
WiDR,0.5uM,1,48,0.860,0.578,0.446,0.389,0.322,0.268
WiDR,1uM,1,48,0.859,0.585,0.404,0.348,0.311,0.286
WiDR,2.5uM,1,48,0.746,0.544,0.406,0.333,0.310,0.236
WiDR,5uM,1,48,0.663,0.524,0.421,0.357,0.284,0.241
WiDR,0uM,1,72,1.000,0.524,0.305,0.161,0.134,0.104
WiDR,0.5uM,1,72,0.793,0.469,0.288,0.193,0.152,0.097
WiDR,1uM,1,72,0.817,0.467,0.245,0.178,0.136,0.113
WiDR,2.5uM,1,72,0.686,0.442,0.255,0.197,0.157,0.093
WiDR,5uM,1,72,0.620,0.404,0.270,0.176,0.134,0.093
WiDR,0uM,1,96,1.000,0.520,0.220,0.060,0.047,0.032
WiDR,0.5uM,1,96,0.787,0.448,0.192,0.082,0.065,0.029
WiDR,1uM,1,96,0.849,0.463,0.176,0.068,0.046,0.043
WiDR,2.5uM,1,96,0.699,0.523,0.184,0.099,0.060,0.032
WiDR,5uM,1,96,0.415,0.432,0.259,0.077,0.059,0.025
WiDR,0uM,2,24,1.000,0.950,1.074,0.843,0.788,0.829
WiDR,0.5uM,2,24,1.011,1.008,1.017,0.866,0.725,0.874
WiDR,1uM,2,24,1.000,0.957,1.020,0.837,0.825,0.856
WiDR,2.5uM,2,24,0.912,0.871,0.898,0.815,0.759,0.819
WiDR,5uM,2,24,0.983,0.919,0.912,0.801,0.798,0.768
WiDR,0uM,2,48,1.000,0.660,0.611,0.447,0.358,0.313
WiDR,0.5uM,2,48,0.963,0.673,0.544,0.484,0.355,0.291
WiDR,1uM,2,48,0.935,0.648,0.610,0.464,0.392,0.301
WiDR,2.5uM,2,48,0.847,0.574,0.521,0.458,0.340,0.259
WiDR,5uM,2,48,0.894,0.624,0.510,0.428,0.349,0.264
WiDR,0uM,2,72,1.000,0.485,0.352,0.197,0.135,0.117
WiDR,0.5uM,2,72,0.941,0.472,0.292,0.221,0.137,0.112
WiDR,1uM,2,72,0.905,0.461,0.344,0.225,0.197,0.116
WiDR,2.5uM,2,72,0.800,0.422,0.312,0.259,0.178,0.105
WiDR,5uM,2,72,0.793,0.478,0.349,0.246,0.179,0.091
WiDR,0uM,2,96,1.000,0.532,0.243,0.086,0.066,0.053
WiDR,0.5uM,2,96,0.897,0.470,0.225,0.125,0.056,0.049
WiDR,1uM,2,96,0.853,0.485,0.275,0.118,0.093,0.052
WiDR,2.5uM,2,96,0.805,0.429,0.256,0.134,0.090,0.050
WiDR,5uM,2,96,0.783,0.517,0.297,0.150,0.094,0.054
WiDR,0uM,3,24,1.000,0.974,1.236,0.923,1.052,0.778
WiDR,0.5uM,3,24,0.828,0.809,0.969,0.980,0.896,0.646
WiDR,1uM,3,24,0.731,0.694,0.799,0.857,0.792,0.608
WiDR,2.5uM,3,24,0.794,0.745,1.004,0.750,0.900,0.642
WiDR,5uM,3,24,0.716,0.669,0.835,0.807,0.759,0.547
WiDR,0uM,3,48,1.000,0.651,0.721,0.515,0.518,0.300
WiDR,0.5uM,3,48,0.782,0.561,0.559,0.566,0.437,0.224
WiDR,1uM,3,48,0.699,0.459,0.460,0.513,0.370,0.243
WiDR,2.5uM,3,48,0.720,0.510,0.581,0.400,0.406,0.224
WiDR,5uM,3,48,0.603,0.419,0.476,0.439,0.330,0.181
WiDR,0uM,3,72,1.000,0.505,0.414,0.217,0.186,0.113
WiDR,0.5uM,3,72,0.790,0.458,0.297,0.299,0.173,0.091
WiDR,1uM,3,72,0.674,0.365,0.289,0.300,0.168,0.094
WiDR,2.5uM,3,72,0.659,0.371,0.347,0.219,0.168,0.090
WiDR,5uM,3,72,0.572,0.317,0.318,0.271,0.176,0.069
WiDR,0uM,3,96,1.000,0.503,0.299,0.098,0.087,0.055
WiDR,0.5uM,3,96,0.800,0.465,0.216,0.124,0.080,0.029
WiDR,1uM,3,96,0.661,0.371,0.228,0.142,0.066,0.034
WiDR,2.5uM,3,96,0.655,0.353,0.252,0.113,0.070,0.042
WiDR,5uM,3,96,0.558,0.316,0.255,0.129,0.077,0.032
Caco2et KRASG12V pool- -3rep,0uM,1,24,1.000,1.091,0.833,0.757,0.684,0.839
Caco2et KRASG12V pool- -3rep,0.5uM,1,24,0.909,0.752,0.722,0.669,0.639,0.645
Caco2et KRASG12V pool- -3rep,1uM,1,24,1.087,0.687,0.824,0.714,0.663,0.761
Caco2et KRASG12V pool- -3rep,2.5uM,1,24,1.080,0.758,0.756,0.576,0.649,0.645
Caco2et KRASG12V pool- -3rep,5uM,1,24,0.977,0.820,0.843,0.710,0.574,0.728
Caco2et KRASG12V pool- -3rep,0uM,1,48,1.000,0.821,0.701,0.432,0.481,0.525
Caco2et KRASG12V pool- -3rep,0.5uM,1,48,0.769,0.541,0.494,0.374,0.347,0.412
Caco2et KRASG12V pool- -3rep,1uM,1,48,0.817,0.446,0.479,0.383,0.428,0.457
Caco2et KRASG12V pool- -3rep,2.5uM,1,48,0.850,0.444,0.463,0.317,0.334,0.405
Caco2et KRASG12V pool- -3rep,5uM,1,48,0.760,0.518,0.519,0.364,0.339,0.395
Caco2et KRASG12V pool- -3rep,0uM,1,72,1.000,0.832,0.723,0.364,0.410,0.473
Caco2et KRASG12V pool- -3rep,0.5uM,1,72,0.772,0.570,0.503,0.328,0.292,0.362
Caco2et KRASG12V pool- -3rep,1uM,1,72,0.847,0.420,0.391,0.315,0.382,0.403
Caco2et KRASG12V pool- -3rep,2.5uM,1,72,0.813,0.399,0.413,0.272,0.275,0.343
Caco2et KRASG12V pool- -3rep,5uM,1,72,0.662,0.490,0.492,0.314,0.300,0.337
Caco2et KRASG12V pool- -3rep,0uM,1,96,1.000,0.790,0.664,0.322,0.331,0.431
Caco2et KRASG12V pool- -3rep,0.5uM,1,96,0.719,0.497,0.389,0.277,0.240,0.314
Caco2et KRASG12V pool- -3rep,1uM,1,96,0.754,0.345,0.284,0.289,0.339,0.346
Caco2et KRASG12V pool- -3rep,2.5uM,1,96,0.713,0.297,0.282,0.246,0.248,0.307
Caco2et KRASG12V pool- -3rep,5uM,1,96,0.586,0.394,0.358,0.259,0.254,0.267
Caco2et KRASG12V pool- -3rep,0uM,2,24,1.000,0.812,0.977,0.855,0.698,0.783
Caco2et KRASG12V pool- -3rep,0.5uM,2,24,0.973,0.942,0.864,0.660,0.670,0.888
Caco2et KRASG12V pool- -3rep,1uM,2,24,1.187,0.827,0.878,0.693,0.754,0.811
Caco2et KRASG12V pool- -3rep,2.5uM,2,24,1.040,0.761,0.810,0.705,0.795,0.675
Caco2et KRASG12V pool- -3rep,5uM,2,24,0.922,0.889,0.943,0.625,0.753,0.759
Caco2et KRASG12V pool- -3rep,0uM,2,48,1.000,0.791,0.772,0.572,0.514,0.548
Caco2et KRASG12V pool- -3rep,0.5uM,2,48,0.930,0.638,0.642,0.441,0.416,0.636
Caco2et KRASG12V pool- -3rep,1uM,2,48,1.064,0.579,0.596,0.446,0.457,0.573
Caco2et KRASG12V pool- -3rep,2.5uM,2,48,0.856,0.582,0.534,0.360,0.436,0.470
Caco2et KRASG12V pool- -3rep,5uM,2,48,0.738,0.515,0.601,0.368,0.420,0.474
Caco2et KRASG12V pool- -3rep,0uM,2,72,1.000,0.805,0.775,0.485,0.430,0.467
Caco2et KRASG12V pool- -3rep,0.5uM,2,72,0.940,0.648,0.646,0.406,0.398,0.559
Caco2et KRASG12V pool- -3rep,1uM,2,72,1.053,0.584,0.564,0.390,0.393,0.462
Caco2et KRASG12V pool- -3rep,2.5uM,2,72,0.864,0.534,0.514,0.336,0.394,0.381
Caco2et KRASG12V pool- -3rep,5uM,2,72,0.731,0.522,0.555,0.341,0.393,0.404
Caco2et KRASG12V pool- -3rep,0uM,2,96,1.000,0.720,0.642,0.455,0.385,0.406
Caco2et KRASG12V pool- -3rep,0.5uM,2,96,0.814,0.516,0.511,0.350,0.311,0.484
Caco2et KRASG12V pool- -3rep,1uM,2,96,0.883,0.406,0.454,0.333,0.347,0.392
Caco2et KRASG12V pool- -3rep,2.5uM,2,96,0.761,0.410,0.409,0.251,0.347,0.330
Caco2et KRASG12V pool- -3rep,5uM,2,96,0.619,0.417,0.493,0.281,0.352,0.342
Caco2et KRASG12V pool- -3rep,0uM,3,24,1.000,0.857,0.748,0.733,0.681,0.757
Caco2et KRASG12V pool- -3rep,0.5uM,3,24,0.812,0.574,0.648,0.785,0.555,0.709
Caco2et KRASG12V pool- -3rep,1uM,3,24,0.762,0.601,0.724,0.600,0.617,0.737
Caco2et KRASG12V pool- -3rep,2.5uM,3,24,0.984,0.633,0.712,0.546,0.651,0.743
Caco2et KRASG12V pool- -3rep,5uM,3,24,0.804,0.692,0.761,0.591,0.620,0.572
Caco2et KRASG12V pool- -3rep,0uM,3,48,1.000,0.725,0.599,0.488,0.457,0.489
Caco2et KRASG12V pool- -3rep,0.5uM,3,48,0.746,0.462,0.477,0.512,0.352,0.494
Caco2et KRASG12V pool- -3rep,1uM,3,48,0.680,0.480,0.475,0.383,0.372,0.500
Caco2et KRASG12V pool- -3rep,2.5uM,3,48,0.746,0.482,0.479,0.357,0.413,0.461
Caco2et KRASG12V pool- -3rep,5uM,3,48,0.704,0.447,0.441,0.354,0.382,0.373
Caco2et KRASG12V pool- -3rep,0uM,3,72,1.000,0.713,0.606,0.427,0.368,0.400
Caco2et KRASG12V pool- -3rep,0.5uM,3,72,0.681,0.450,0.415,0.418,0.279,0.378
Caco2et KRASG12V pool- -3rep,1uM,3,72,0.661,0.435,0.407,0.323,0.321,0.404
Caco2et KRASG12V pool- -3rep,2.5uM,3,72,0.778,0.424,0.350,0.261,0.333,0.389
Caco2et KRASG12V pool- -3rep,5uM,3,72,0.612,0.418,0.401,0.285,0.323,0.278
Caco2et KRASG12V pool- -3rep,0uM,3,96,1.000,0.705,0.539,0.377,0.297,0.342
Caco2et KRASG12V pool- -3rep,0.5uM,3,96,0.635,0.386,0.390,0.388,0.238,0.357
Caco2et KRASG12V pool- -3rep,1uM,3,96,0.570,0.369,0.340,0.275,0.282,0.340
Caco2et KRASG12V pool- -3rep,2.5uM,3,96,0.656,0.346,0.274,0.243,0.309,0.334
Caco2et KRASG12V pool- -3rep,5uM,3,96,0.511,0.347,0.334,0.248,0.283,0.245
Caco2KRASpool+,0uM,1,24,1.000,0.669,0.813,0.671,0.892,0.751
Caco2KRASpool+,0.5uM,1,24,1.075,0.752,0.854,0.656,0.630,0.694
Caco2KRASpool+,1uM,1,24,0.915,0.773,0.763,0.640,0.590,0.743
Caco2KRASpool+,2.5uM,1,24,0.879,0.800,0.772,0.637,0.654,0.602
Caco2KRASpool+,5uM,1,24,0.977,0.644,0.772,0.643,0.735,0.765
Caco2KRASpool+,0uM,1,48,1.000,0.557,0.685,0.543,0.587,0.671
Caco2KRASpool+,0.5uM,1,48,1.068,0.621,0.745,0.512,0.510,0.637
Caco2KRASpool+,1uM,1,48,1.102,0.640,0.649,0.503,0.489,0.697
Caco2KRASpool+,2.5uM,1,48,1.028,0.633,0.692,0.450,0.544,0.534
Caco2KRASpool+,5uM,1,48,1.126,0.603,0.738,0.543,0.548,0.771
Caco2KRASpool+,0uM,1,72,1.000,0.512,0.699,0.529,0.595,0.622
Caco2KRASpool+,0.5uM,1,72,1.154,0.665,0.741,0.514,0.507,0.641
Caco2KRASpool+,1uM,1,72,1.203,0.636,0.743,0.482,0.487,0.604
Caco2KRASpool+,2.5uM,1,72,1.228,0.689,0.788,0.426,0.538,0.560
Caco2KRASpool+,5uM,1,72,1.433,0.667,0.870,0.517,0.546,0.686
Caco2KRASpool+,0uM,1,96,1.000,0.411,0.504,0.568,0.554,0.596
Caco2KRASpool+,0.5uM,1,96,1.135,0.554,0.556,0.569,0.529,0.657
Caco2KRASpool+,1uM,1,96,1.236,0.541,0.629,0.472,0.495,0.629
Caco2KRASpool+,2.5uM,1,96,1.333,0.702,0.755,0.442,0.542,0.572
Caco2KRASpool+,5uM,1,96,1.532,0.675,0.878,0.512,0.601,0.638
Caco2KRASpool+,0uM,2,24,1.000,0.816,0.900,0.835,0.773,0.768
Caco2KRASpool+,0.5uM,2,24,1.109,0.995,0.846,0.757,0.674,0.873
Caco2KRASpool+,1uM,2,24,1.052,0.799,0.734,0.700,0.701,0.733
Caco2KRASpool+,2.5uM,2,24,1.031,0.710,0.789,0.730,0.637,0.813
Caco2KRASpool+,5uM,2,24,1.043,0.761,0.794,0.724,0.667,0.771
Caco2KRASpool+,0uM,2,48,1.000,0.711,0.807,0.635,0.615,0.702
Caco2KRASpool+,0.5uM,2,48,1.116,0.785,0.736,0.621,0.561,0.806
Caco2KRASpool+,1uM,2,48,1.053,0.747,0.659,0.561,0.567,0.719
Caco2KRASpool+,2.5uM,2,48,1.186,0.589,0.707,0.563,0.470,0.714
Caco2KRASpool+,5uM,2,48,1.171,0.747,0.761,0.597,0.567,0.678
Caco2KRASpool+,0uM,2,72,1.000,0.623,0.709,0.594,0.536,0.671
Caco2KRASpool+,0.5uM,2,72,1.075,0.808,0.646,0.565,0.527,0.714
Caco2KRASpool+,1uM,2,72,1.176,0.666,0.565,0.526,0.549,0.703
Caco2KRASpool+,2.5uM,2,72,1.266,0.593,0.661,0.518,0.470,0.662
Caco2KRASpool+,5uM,2,72,1.245,0.749,0.785,0.515,0.514,0.608
Caco2KRASpool+,0uM,2,96,1.000,0.502,0.539,0.427,0.352,0.640
Caco2KRASpool+,0.5uM,2,96,1.133,0.611,0.494,0.412,0.497,0.696
Caco2KRASpool+,1uM,2,96,1.121,0.560,0.455,0.439,0.483,0.667
Caco2KRASpool+,2.5uM,2,96,1.327,0.502,0.559,0.487,0.360,0.611
Caco2KRASpool+,5uM,2,96,1.247,0.785,0.757,0.496,0.508,0.565
Caco2KRASpool+,0uM,3,24,1.000,1.088,0.893,0.782,0.853,0.861
Caco2KRASpool+,0.5uM,3,24,1.083,0.935,0.949,0.901,0.881,0.962
Caco2KRASpool+,1uM,3,24,0.931,0.790,0.782,0.714,0.765,0.816
Caco2KRASpool+,2.5uM,3,24,0.905,0.846,0.714,0.847,0.792,0.752
Caco2KRASpool+,5uM,3,24,0.982,0.840,0.818,0.807,0.842,0.912
Caco2KRASpool+,0uM,3,48,1.000,0.890,0.777,0.667,0.653,0.729
Caco2KRASpool+,0.5uM,3,48,1.101,0.816,0.847,0.682,0.834,0.916
Caco2KRASpool+,1uM,3,48,1.035,0.704,0.767,0.592,0.718,0.785
Caco2KRASpool+,2.5uM,3,48,0.846,0.769,0.637,0.653,0.613,0.696
Caco2KRASpool+,5uM,3,48,1.157,0.775,0.713,0.612,0.682,0.766
Caco2KRASpool+,0uM,3,72,1.000,0.766,0.626,0.585,0.582,0.581
Caco2KRASpool+,0.5uM,3,72,0.977,0.658,0.688,0.577,0.676,0.765
Caco2KRASpool+,1uM,3,72,0.878,0.565,0.661,0.512,0.519,0.633
Caco2KRASpool+,2.5uM,3,72,0.812,0.644,0.591,0.545,0.530,0.544
Caco2KRASpool+,5uM,3,72,1.124,0.763,0.673,0.484,0.602,0.659
Caco2KRASpool+,0uM,3,96,1.000,0.566,0.459,0.580,0.508,0.386
Caco2KRASpool+,0.5uM,3,96,0.987,0.494,0.493,0.543,0.573,0.616
Caco2KRASpool+,1uM,3,96,0.994,0.485,0.514,0.520,0.559,0.466
Caco2KRASpool+,2.5uM,3,96,0.911,0.580,0.537,0.559,0.568,0.460
Caco2KRASpool+,5uM,3,96,1.242,0.783,0.706,0.518,0.591,0.589
Caco2etKRASwtpool-,0uM,1,24,1.000,0.841,0.938,0.836,0.731,0.784
Caco2etKRASwtpool-,0.5uM,1,24,0.821,0.775,0.746,0.696,0.638,0.750
Caco2etKRASwtpool-,1uM,1,24,0.881,0.791,0.746,0.646,0.602,0.698
Caco2etKRASwtpool-,2.5uM,1,24,0.872,0.770,0.648,0.597,0.618,0.735
Caco2etKRASwtpool-,5uM,1,24,0.928,0.661,0.677,0.651,0.637,0.767
Caco2etKRASwtpool-,0uM,1,48,1.000,0.843,0.823,0.764,0.684,0.632
Caco2etKRASwtpool-,0.5uM,1,48,0.794,0.729,0.727,0.584,0.553,0.641
Caco2etKRASwtpool-,1uM,1,48,0.811,0.719,0.657,0.561,0.495,0.534
Caco2etKRASwtpool-,2.5uM,1,48,0.862,0.636,0.552,0.495,0.553,0.632
Caco2etKRASwtpool-,5uM,1,48,0.823,0.623,0.587,0.519,0.548,0.599
Caco2etKRASwtpool-,0uM,1,72,1.000,0.793,0.871,0.662,0.499,0.491
Caco2etKRASwtpool-,0.5uM,1,72,0.812,0.660,0.604,0.447,0.412,0.490
Caco2etKRASwtpool-,1uM,1,72,0.822,0.603,0.545,0.427,0.369,0.420
Caco2etKRASwtpool-,2.5uM,1,72,0.867,0.558,0.464,0.372,0.417,0.499
Caco2etKRASwtpool-,5uM,1,72,0.813,0.498,0.506,0.437,0.450,0.497
Caco2etKRASwtpool-,0uM,1,96,1.000,0.784,0.810,0.548,0.387,0.393
Caco2etKRASwtpool-,0.5uM,1,96,0.737,0.604,0.489,0.363,0.296,0.334
Caco2etKRASwtpool-,1uM,1,96,0.760,0.516,0.464,0.307,0.252,0.323
Caco2etKRASwtpool-,2.5uM,1,96,0.803,0.463,0.378,0.277,0.313,0.381
Caco2etKRASwtpool-,5uM,1,96,0.726,0.420,0.387,0.289,0.297,0.376
Caco2etKRASwtpool-,0uM,2,24,1.000,0.974,0.990,0.858,0.668,0.770
Caco2etKRASwtpool-,0.5uM,2,24,0.920,0.980,0.858,0.724,0.741,0.813
Caco2etKRASwtpool-,1uM,2,24,0.894,0.804,0.836,0.702,0.822,0.765
Caco2etKRASwtpool-,2.5uM,2,24,0.846,0.774,0.706,0.687,0.742,0.724
Caco2etKRASwtpool-,5uM,2,24,1.024,0.767,0.835,0.671,0.735,0.808
Caco2etKRASwtpool-,0uM,2,48,1.000,0.885,1.030,0.737,0.616,0.649
Caco2etKRASwtpool-,0.5uM,2,48,0.967,0.859,0.819,0.656,0.659,0.746
Caco2etKRASwtpool-,1uM,2,48,0.879,0.755,0.668,0.585,0.690,0.739
Caco2etKRASwtpool-,2.5uM,2,48,0.825,0.605,0.631,0.566,0.627,0.686
Caco2etKRASwtpool-,5uM,2,48,1.029,0.640,0.724,0.569,0.618,0.720
Caco2etKRASwtpool-,0uM,2,72,1.000,0.851,0.948,0.597,0.503,0.526
Caco2etKRASwtpool-,0.5uM,2,72,0.928,0.755,0.698,0.488,0.493,0.594
Caco2etKRASwtpool-,1uM,2,72,0.814,0.625,0.595,0.476,0.591,0.599
Caco2etKRASwtpool-,2.5uM,2,72,0.780,0.538,0.524,0.477,0.482,0.585
Caco2etKRASwtpool-,5uM,2,72,0.988,0.605,0.588,0.466,0.502,0.631
Caco2etKRASwtpool-,0uM,2,96,1.000,0.792,0.864,0.476,0.364,0.419
Caco2etKRASwtpool-,0.5uM,2,96,0.894,0.676,0.558,0.353,0.359,0.393
Caco2etKRASwtpool-,1uM,2,96,0.781,0.543,0.475,0.310,0.379,0.383
Caco2etKRASwtpool-,2.5uM,2,96,0.709,0.460,0.400,0.288,0.359,0.424
Caco2etKRASwtpool-,5uM,2,96,0.943,0.462,0.441,0.325,0.351,0.411
Caco2etKRASwtpool-,0uM,3,24,1.000,0.894,0.873,0.754,0.871,0.781
Caco2etKRASwtpool-,0.5uM,3,24,0.894,0.757,0.804,0.739,0.908,0.801
Caco2etKRASwtpool-,1uM,3,24,0.833,0.824,0.703,0.677,0.817,0.756
Caco2etKRASwtpool-,2.5uM,3,24,0.912,0.768,0.813,0.724,0.732,0.783
Caco2etKRASwtpool-,5uM,3,24,0.896,0.881,0.748,0.741,0.754,0.813
Caco2etKRASwtpool-,0uM,3,48,1.000,0.803,0.793,0.586,0.649,0.574
Caco2etKRASwtpool-,0.5uM,3,48,0.758,0.675,0.644,0.565,0.655,0.576
Caco2etKRASwtpool-,1uM,3,48,0.712,0.642,0.526,0.522,0.578,0.614
Caco2etKRASwtpool-,2.5uM,3,48,0.782,0.545,0.596,0.563,0.554,0.574
Caco2etKRASwtpool-,5uM,3,48,0.814,0.711,0.552,0.567,0.573,0.688
Caco2etKRASwtpool-,0uM,3,72,1.000,0.761,0.742,0.519,0.489,0.428
Caco2etKRASwtpool-,0.5uM,3,72,0.742,0.580,0.543,0.400,0.530,0.380
Caco2etKRASwtpool-,1uM,3,72,0.687,0.566,0.446,0.374,0.419,0.459
Caco2etKRASwtpool-,2.5uM,3,72,0.786,0.511,0.486,0.428,0.430,0.469
Caco2etKRASwtpool-,5uM,3,72,0.790,0.598,0.439,0.468,0.437,0.617
Caco2etKRASwtpool-,0uM,3,96,1.000,0.727,0.659,0.440,0.382,0.303
Caco2etKRASwtpool-,0.5uM,3,96,0.687,0.487,0.456,0.291,0.325,0.286
Caco2etKRASwtpool-,1uM,3,96,0.616,0.489,0.356,0.267,0.277,0.307
Caco2etKRASwtpool-,2.5uM,3,96,0.744,0.409,0.376,0.291,0.271,0.328
Caco2etKRASwtpool-,5uM,3,96,0.763,0.488,0.339,0.308,0.287,0.421
Caco2etKRASwtpool+dox,0uM,1,24,1.000,0.793,0.908,0.752,0.710,1.030
Caco2etKRASwtpool+dox,0.5uM,1,24,1.012,0.846,0.912,0.818,0.887,0.792
Caco2etKRASwtpool+dox,1uM,1,24,1.079,0.824,0.877,0.872,0.764,0.826
Caco2etKRASwtpool+dox,2.5uM,1,24,0.923,0.891,0.848,0.712,0.712,0.835
Caco2etKRASwtpool+dox,5uM,1,24,0.973,0.842,0.866,0.705,0.736,0.846
Caco2etKRASwtpool+dox,0uM,1,48,1.000,0.844,1.063,0.657,0.613,0.955
Caco2etKRASwtpool+dox,0.5uM,1,48,1.072,0.806,1.021,0.725,0.757,0.682
Caco2etKRASwtpool+dox,1uM,1,48,1.203,0.845,0.982,0.716,0.731,0.715
Caco2etKRASwtpool+dox,2.5uM,1,48,1.093,0.920,0.817,0.652,0.678,0.670
Caco2etKRASwtpool+dox,5uM,1,48,1.100,0.864,0.992,0.631,0.654,0.813
Caco2etKRASwtpool+dox,0uM,1,72,1.000,0.896,1.232,0.842,0.689,1.034
Caco2etKRASwtpool+dox,0.5uM,1,72,1.172,0.910,1.100,0.831,0.879,0.673
Caco2etKRASwtpool+dox,1uM,1,72,1.342,0.955,1.096,0.851,0.827,0.749
Caco2etKRASwtpool+dox,2.5uM,1,72,1.236,1.103,0.959,0.686,0.687,0.709
Caco2etKRASwtpool+dox,5uM,1,72,1.279,1.086,1.286,0.754,0.707,0.854
Caco2etKRASwtpool+dox,0uM,1,96,1.000,0.725,0.923,0.763,0.627,0.832
Caco2etKRASwtpool+dox,0.5uM,1,96,1.198,0.740,0.899,0.693,0.861,0.431
Caco2etKRASwtpool+dox,1uM,1,96,1.296,0.884,0.921,0.784,0.790,0.661
Caco2etKRASwtpool+dox,2.5uM,1,96,1.305,1.081,0.825,0.641,0.729,0.758
Caco2etKRASwtpool+dox,5uM,1,96,1.316,1.147,1.312,0.738,0.784,0.889
Caco2etKRASwtpool+dox,0uM,2,24,1.000,1.124,0.806,0.739,0.629,0.692
Caco2etKRASwtpool+dox,0.5uM,2,24,0.873,0.675,0.897,0.644,0.600,0.720
Caco2etKRASwtpool+dox,1uM,2,24,0.705,0.976,0.680,0.631,0.624,0.709
Caco2etKRASwtpool+dox,2.5uM,2,24,0.768,0.681,0.611,0.585,0.628,0.654
Caco2etKRASwtpool+dox,5uM,2,24,0.755,0.749,0.725,0.608,0.561,0.826
Caco2etKRASwtpool+dox,0uM,2,48,1.000,0.903,0.687,0.566,0.446,0.618
Caco2etKRASwtpool+dox,0.5uM,2,48,0.782,0.592,0.712,0.494,0.418,0.612
Caco2etKRASwtpool+dox,1uM,2,48,0.696,0.659,0.529,0.403,0.428,0.587
Caco2etKRASwtpool+dox,2.5uM,2,48,0.825,0.550,0.465,0.408,0.461,0.565
Caco2etKRASwtpool+dox,5uM,2,48,0.808,0.640,0.616,0.428,0.409,0.578
Caco2etKRASwtpool+dox,0uM,2,72,1.000,0.796,0.573,0.457,0.342,0.437
Caco2etKRASwtpool+dox,0.5uM,2,72,0.746,0.597,0.653,0.397,0.306,0.439
Caco2etKRASwtpool+dox,1uM,2,72,0.650,0.592,0.470,0.304,0.312,0.451
Caco2etKRASwtpool+dox,2.5uM,2,72,0.794,0.465,0.416,0.328,0.354,0.438
Caco2etKRASwtpool+dox,5uM,2,72,0.832,0.584,0.548,0.312,0.283,0.481
Caco2etKRASwtpool+dox,0uM,2,96,1.000,0.997,0.574,0.449,0.325,0.472
Caco2etKRASwtpool+dox,0.5uM,2,96,0.723,0.663,0.595,0.413,0.341,0.500
Caco2etKRASwtpool+dox,1uM,2,96,0.670,0.736,0.484,0.314,0.351,0.444
Caco2etKRASwtpool+dox,2.5uM,2,96,0.916,0.572,0.430,0.338,0.346,0.491
Caco2etKRASwtpool+dox,5uM,2,96,0.927,0.702,0.608,0.313,0.317,0.501
Caco2etKRASwtpool+dox,0uM,3,24,1.000,0.858,0.833,0.743,0.988,1.130
Caco2etKRASwtpool+dox,0.5uM,3,24,0.793,0.728,0.703,0.684,0.736,0.867
Caco2etKRASwtpool+dox,1uM,3,24,0.698,0.684,0.731,0.645,0.819,0.816
Caco2etKRASwtpool+dox,2.5uM,3,24,0.825,0.862,0.745,0.674,0.674,0.851
Caco2etKRASwtpool+dox,5uM,3,24,0.998,0.605,0.802,0.727,0.651,0.839
Caco2etKRASwtpool+dox,0uM,3,48,1.000,0.659,0.679,0.585,0.643,0.988
Caco2etKRASwtpool+dox,0.5uM,3,48,0.718,0.623,0.518,0.540,0.509,0.746
Caco2etKRASwtpool+dox,1uM,3,48,0.655,0.552,0.572,0.528,0.576,0.633
Caco2etKRASwtpool+dox,2.5uM,3,48,0.729,0.650,0.576,0.478,0.504,0.641
Caco2etKRASwtpool+dox,5uM,3,48,0.932,0.504,0.641,0.524,0.432,0.582
Caco2etKRASwtpool+dox,0uM,3,72,1.000,0.577,0.627,0.471,0.536,0.757
Caco2etKRASwtpool+dox,0.5uM,3,72,0.629,0.446,0.452,0.451,0.438,0.673
Caco2etKRASwtpool+dox,1uM,3,72,0.539,0.383,0.476,0.405,0.459,0.512
Caco2etKRASwtpool+dox,2.5uM,3,72,0.607,0.565,0.481,0.382,0.381,0.523
Caco2etKRASwtpool+dox,5uM,3,72,0.810,0.453,0.602,0.420,0.367,0.538
Caco2etKRASwtpool+dox,0uM,3,96,1.000,0.471,0.495,0.446,0.536,0.783
Caco2etKRASwtpool+dox,0.5uM,3,96,0.613,0.408,0.302,0.399,0.409,0.658
Caco2etKRASwtpool+dox,1uM,3,96,0.532,0.340,0.381,0.358,0.419,0.527
Caco2etKRASwtpool+dox,2.5uM,3,96,0.583,0.455,0.419,0.327,0.304,0.542
Caco2etKRASwtpool+dox,5uM,3,96,0.825,0.462,0.579,0.436,0.413,0.536
